2026-06-17 07:26:05 | INFO    | src.io_utils | Логирование инициализировано: artifacts/logs/07_steering.log (level=INFO)
2026-06-17 07:26:05 | INFO    | __main__ | Устройство: cuda
2026-06-17 07:26:16 | INFO    | src.io_utils | Активации загружены: artifacts/activations.npz (hidden.shape=(228638, 3584))
2026-06-17 07:26:16 | INFO    | src.data | Загружено 8000 samples из artifacts/samples.json
2026-06-17 07:26:18 | INFO    | src.io_utils | SAE загружён: artifacts/sae_topk.pt (mode=topk, d_hidden=14336)
2026-06-17 07:26:18 | INFO    | __main__ | Авто-выбор целей из Yes/No-контраста (n_yes=2, n_no=2) ...
2026-06-17 07:26:18 | INFO    | __main__ | Загружаю кеш features: artifacts/features_topk.npz
2026-06-17 07:26:34 | INFO    | build_datasets | Загружено файлов: 10 из data/results_dilemma_v2_balanced
2026-06-17 07:26:34 | INFO    | build_datasets | balanced_sample_mask: источник=папка data/results_dilemma_v2_balanced, ответов в срезе=1785
2026-06-17 07:26:34 | INFO    | src.analysis | Контраст на BALANCED: позиций 51539/228638, ответов 1785 (до баланса {'Yes': 5956, 'No': 595, '?': 1449}, источник=dir)
2026-06-17 07:26:46 | INFO    | src.analysis | Найдено: 8 Yes-нейронов, 10 No-нейронов (пересечение token & sample, pool=30)
2026-06-17 07:26:46 | INFO    | __main__ | Контрольный нейрон: 12113 (fire_rate=0.0148)
2026-06-17 07:26:50 | INFO    | __main__ | median||h|| на слое экстракции = 231.95; alpha_fractions=[0.25, 0.5, 1.0, 2.0, 4.0]
2026-06-17 07:26:50 | INFO    | __main__ | Сетка alpha (доли нормы): [-927.82, -463.91, -231.95, -115.98, -57.99, 0.0, 57.99, 115.98, 231.95, 463.91, 927.82]
2026-06-17 07:26:50 | INFO    | __main__ | Загружаю модель Qwen/Qwen2.5-7B-Instruct ...
2026-06-17 07:26:52 | INFO    | accelerate.utils.modeling | We will use 90% of the memory on device 0 for storing the model, and 10% for the buffer to avoid OOM. You can set `max_memory` in to a higher value to use more memory (at your own risk).
2026-06-17 07:26:57 | INFO    | __main__ | Стиринг на model.model.layers[23] (layer_idx=-5, n_layers=28).
2026-06-17 07:26:57 | INFO    | __main__ | SMOKE: нейрон=[7217], alphas=[-927.82, 0.0, 927.82], кандидат-промптов=4, n_gen=1
2026-06-17 07:26:57 | INFO    | __main__ | Считаю бейзлайн alpha=0 по 4 промптам (1 ген/промпт) ...
2026-06-17 07:27:15 | INFO    | httpx | HTTP Request: POST https://openrouter.ai/api/v1/chat/completions "HTTP/1.1 200 OK"
2026-06-17 07:27:15 | INFO    | httpx | HTTP Request: POST https://openrouter.ai/api/v1/chat/completions "HTTP/1.1 200 OK"
2026-06-17 07:27:16 | INFO    | httpx | HTTP Request: POST https://openrouter.ai/api/v1/chat/completions "HTTP/1.1 200 OK"
2026-06-17 07:27:16 | INFO    | httpx | HTTP Request: POST https://openrouter.ai/api/v1/chat/completions "HTTP/1.1 200 OK"
2026-06-17 07:27:16 | INFO    | __main__ | Бейзлайн p_yes по промптам: {9: 0.0, 10: 0.0, 11: 0.0, 12: 0.0}
2026-06-17 07:27:16 | INFO    | __main__ | Отобраны промпты: push_down(к No, Yes-bias)=[12] | push_up(к Yes, ?/No-bias)=[9]
2026-06-17 07:27:16 | INFO    | __main__ | [1/3] нейрон 7217 (yes_trigger) alpha=-927.82 — генерация ...
2026-06-17 07:27:31 | INFO    | httpx | HTTP Request: POST https://openrouter.ai/api/v1/chat/completions "HTTP/1.1 200 OK"
2026-06-17 07:27:31 | INFO    | httpx | HTTP Request: POST https://openrouter.ai/api/v1/chat/completions "HTTP/1.1 200 OK"
2026-06-17 07:27:31 | INFO    | __main__ |     нейрон 7217 alpha=-927.82: p_yes=0.000 CI=[0.00,0.00] (n=2)
2026-06-17 07:27:31 | INFO    | __main__ |     нейрон 7217 alpha=+0.00: p_yes=0.000 CI=[0.00,0.00] (n=2)
2026-06-17 07:27:31 | INFO    | __main__ | [3/3] нейрон 7217 (yes_trigger) alpha=+927.82 — генерация ...
2026-06-17 07:27:48 | INFO    | httpx | HTTP Request: POST https://openrouter.ai/api/v1/chat/completions "HTTP/1.1 200 OK"
2026-06-17 07:27:48 | INFO    | httpx | HTTP Request: POST https://openrouter.ai/api/v1/chat/completions "HTTP/1.1 200 OK"
2026-06-17 07:27:48 | INFO    | __main__ |     нейрон 7217 alpha=+927.82: p_yes=0.000 CI=[0.00,0.00] (n=2)
2026-06-17 07:27:50 | INFO    | src.visualize | Сохранено: artifacts/figures/steering_curves_smoke.png
2026-06-17 07:27:50 | WARNING | __main__ | Контрольный нейрон отсутствует — критерий не применяется (добавьте steering.add_random_control=true).
2026-06-17 07:27:50 | INFO    | __main__ | Готово. Результаты: artifacts/steering_results_smoke.json ; сводка: artifacts/steering_summary_smoke.csv
2026-06-17 12:36:50 | INFO    | src.io_utils | Логирование инициализировано: artifacts/logs/07_steering.log (level=INFO)
2026-06-17 12:36:50 | INFO    | __main__ | Устройство: cuda
2026-06-17 12:37:25 | INFO    | src.io_utils | Активации загружены: artifacts/activations.npz (hidden.shape=(228638, 3584))
2026-06-17 12:37:26 | INFO    | src.data | Загружено 8000 samples из artifacts/samples.json
2026-06-17 12:37:28 | INFO    | src.io_utils | SAE загружён: artifacts/sae_topk.pt (mode=topk, d_hidden=14336)
2026-06-17 12:37:28 | INFO    | __main__ | Авто-выбор целей из Yes/No-контраста (n_yes=2, n_no=2) ...
2026-06-17 12:37:28 | INFO    | __main__ | Загружаю кеш features: artifacts/features_topk.npz
2026-06-17 12:40:33 | INFO    | build_datasets | Загружено файлов: 10 из data/results_dilemma_v2_balanced
2026-06-17 12:40:33 | INFO    | build_datasets | balanced_sample_mask: источник=папка data/results_dilemma_v2_balanced, ответов в срезе=1785
2026-06-17 12:40:33 | INFO    | src.analysis | Контраст на BALANCED: позиций 51539/228638, ответов 1785 (до баланса {'Yes': 5956, 'No': 595, '?': 1449}, источник=dir)
2026-06-17 12:45:02 | INFO    | src.analysis | Найдено: 8 Yes-нейронов, 10 No-нейронов (пересечение token & sample, pool=30)
2026-06-17 12:45:02 | INFO    | __main__ | Контрольный нейрон: 12113 (fire_rate=0.0148)
2026-06-17 12:45:41 | INFO    | __main__ | median||h|| на слое экстракции = 231.95; alpha_fractions=[0.25, 0.5, 1.0, 2.0, 4.0]
2026-06-17 12:45:41 | INFO    | __main__ | Сетка alpha (доли нормы): [-927.82, -463.91, -231.95, -115.98, -57.99, 0.0, 57.99, 115.98, 231.95, 463.91, 927.82]
2026-06-17 12:45:41 | INFO    | __main__ | Загружаю модель Qwen/Qwen2.5-7B-Instruct ...
2026-06-17 12:45:53 | INFO    | accelerate.utils.modeling | We will use 90% of the memory on device 0 for storing the model, and 10% for the buffer to avoid OOM. You can set `max_memory` in to a higher value to use more memory (at your own risk).
2026-06-17 12:45:56 | WARNING | accelerate.big_modeling | Some parameters are on the meta device because they were offloaded to the cpu.
2026-06-17 12:45:56 | INFO    | __main__ | Стиринг на model.model.layers[23] (layer_idx=-5, n_layers=28).
2026-06-17 12:45:56 | INFO    | __main__ | SMOKE: нейрон=[7217], alphas=[-927.82, 0.0, 927.82], кандидат-промптов=4, n_gen=1
2026-06-17 12:45:56 | INFO    | __main__ | Подгружен частичный результат: artifacts/steering_results_smoke.json — недостающее досчитаю.
2026-06-17 12:45:56 | INFO    | __main__ | Бейзлайн (alpha=0) взят из кеша.
2026-06-17 12:45:56 | INFO    | __main__ | Бейзлайн p_yes по промптам: {9: 0.0, 10: 0.0, 11: 0.0, 12: 0.0}
2026-06-17 12:45:56 | INFO    | __main__ | Отобраны промпты: push_down(к No, Yes-bias)=[12] | push_up(к Yes, ?/No-bias)=[9]
2026-06-17 12:45:56 | INFO    | __main__ | [1/3] neuron_7217 alpha_-927.8 — в кеше, пропускаю.
2026-06-17 12:45:56 | INFO    | __main__ | [2/3] neuron_7217 alpha_+0.0 — в кеше, пропускаю.
2026-06-17 12:45:56 | INFO    | __main__ | [3/3] neuron_7217 alpha_+927.8 — в кеше, пропускаю.
2026-06-17 12:45:56 | INFO    | src.visualize | Сохранено: artifacts/figures/steering_curves_smoke.png
2026-06-17 12:45:56 | WARNING | __main__ | Контрольный нейрон отсутствует — критерий не применяется (добавьте steering.add_random_control=true).
2026-06-17 12:45:56 | INFO    | __main__ | Готово. Результаты: artifacts/steering_results_smoke.json ; сводка: artifacts/steering_summary_smoke.csv
2026-06-17 12:46:35 | INFO    | src.io_utils | Логирование инициализировано: artifacts/logs/07_steering.log (level=INFO)
2026-06-17 12:46:35 | INFO    | __main__ | Устройство: cuda
2026-06-17 12:46:46 | INFO    | src.io_utils | Активации загружены: artifacts/activations.npz (hidden.shape=(228638, 3584))
2026-06-17 12:46:46 | INFO    | src.data | Загружено 8000 samples из artifacts/samples.json
2026-06-17 12:46:48 | INFO    | src.io_utils | SAE загружён: artifacts/sae_topk.pt (mode=topk, d_hidden=14336)
2026-06-17 12:46:48 | INFO    | __main__ | Авто-выбор целей из Yes/No-контраста (n_yes=2, n_no=2) ...
2026-06-17 12:46:48 | INFO    | __main__ | Загружаю кеш features: artifacts/features_topk.npz
2026-06-17 12:47:12 | INFO    | build_datasets | Загружено файлов: 10 из data/results_dilemma_v2_balanced
2026-06-17 12:47:12 | INFO    | build_datasets | balanced_sample_mask: источник=папка data/results_dilemma_v2_balanced, ответов в срезе=1785
2026-06-17 12:47:12 | INFO    | src.analysis | Контраст на BALANCED: позиций 51539/228638, ответов 1785 (до баланса {'Yes': 5956, 'No': 595, '?': 1449}, источник=dir)
2026-06-17 12:51:27 | INFO    | src.analysis | Найдено: 8 Yes-нейронов, 10 No-нейронов (пересечение token & sample, pool=30)
2026-06-17 12:51:28 | INFO    | __main__ | Контрольный нейрон: 12113 (fire_rate=0.0148)
2026-06-17 12:52:03 | INFO    | __main__ | median||h|| на слое экстракции = 231.95; alpha_fractions=[0.25, 0.5, 1.0, 2.0, 4.0]
2026-06-17 12:52:03 | INFO    | __main__ | Сетка alpha (доли нормы): [-927.82, -463.91, -231.95, -115.98, -57.99, 0.0, 57.99, 115.98, 231.95, 463.91, 927.82]
2026-06-17 12:52:03 | INFO    | __main__ | Загружаю модель Qwen/Qwen2.5-7B-Instruct ...
2026-06-17 12:52:20 | INFO    | accelerate.utils.modeling | We will use 90% of the memory on device 0 for storing the model, and 10% for the buffer to avoid OOM. You can set `max_memory` in to a higher value to use more memory (at your own risk).
2026-06-17 12:52:23 | WARNING | accelerate.big_modeling | Some parameters are on the meta device because they were offloaded to the cpu.
2026-06-17 12:52:23 | INFO    | __main__ | Стиринг на model.model.layers[23] (layer_idx=-5, n_layers=28).
2026-06-17 12:52:23 | INFO    | __main__ | Считаю бейзлайн alpha=0 по 10 промптам (30 ген/промпт) ...
2026-06-17 13:38:15 | INFO    | __main__ |     ... всего генераций: 10
2026-06-18 11:06:24 | INFO    | src.io_utils | Логирование инициализировано: artifacts/logs/07_steering.log (level=INFO)
2026-06-18 11:06:24 | INFO    | __main__ | Устройство: cuda
2026-06-18 11:06:36 | INFO    | src.io_utils | Активации загружены: artifacts/activations.npz (hidden.shape=(228638, 3584))
2026-06-18 11:06:36 | INFO    | src.data | Загружено 8000 samples из artifacts/samples.json
2026-06-18 11:06:44 | INFO    | src.io_utils | SAE загружён: artifacts/sae_topk.pt (mode=topk, d_hidden=57344)
2026-06-18 11:06:44 | INFO    | __main__ | Авто-выбор целей из Yes/No-контраста (n_yes=2, n_no=2) ...
2026-06-18 11:06:44 | INFO    | build_datasets | Загружено файлов: 10 из data/results_dilemma_v2_balanced
2026-06-18 11:06:44 | INFO    | build_datasets | balanced_sample_mask: источник=папка data/results_dilemma_v2_balanced, ответов в срезе=1785
2026-06-18 11:06:44 | INFO    | src.analysis | Контраст на BALANCED: позиций 51539/228638, ответов 1785 (до баланса {'Yes': 5956, 'No': 595, '?': 1449}, источник=dir)
2026-06-18 11:06:44 | INFO    | src.analysis | Контраст: позиции прорежены до 20000 (contrast.max_positions)
2026-06-18 11:07:17 | INFO    | src.analysis | Найдено: 10 Yes-нейронов, 10 No-нейронов (пересечение token & sample, pool=30)
2026-06-18 11:07:17 | INFO    | __main__ | Контрольный нейрон: 49181 (fire_rate=0.0117)
2026-06-18 11:07:21 | INFO    | __main__ | median||h|| на слое экстракции = 231.95; alpha_fractions=[0.25, 0.5, 1.0, 2.0, 4.0]
2026-06-18 11:07:21 | INFO    | __main__ | Сетка alpha (доли нормы): [-927.82, -463.91, -231.95, -115.98, -57.99, 0.0, 57.99, 115.98, 231.95, 463.91, 927.82]
2026-06-18 11:07:21 | INFO    | __main__ | Загружаю модель Qwen/Qwen2.5-7B-Instruct ...
2026-06-18 11:07:25 | INFO    | accelerate.utils.modeling | We will use 90% of the memory on device 0 for storing the model, and 10% for the buffer to avoid OOM. You can set `max_memory` in to a higher value to use more memory (at your own risk).
2026-06-18 11:09:08 | WARNING | accelerate.big_modeling | Some parameters are on the meta device because they were offloaded to the cpu.
2026-06-18 11:09:08 | INFO    | __main__ | Стиринг на model.model.layers[23] (layer_idx=-5, n_layers=28).
2026-06-18 11:09:08 | INFO    | __main__ | SMOKE: нейрон=[26266], alphas=[-927.82, 0.0, 927.82], кандидат-промптов=4, n_gen=1
2026-06-18 11:09:08 | INFO    | __main__ | Подгружен частичный результат: artifacts/steering_results_smoke.json — недостающее досчитаю.
2026-06-18 11:09:08 | INFO    | __main__ | Бейзлайн (alpha=0) взят из кеша.
2026-06-18 11:09:08 | INFO    | __main__ | Бейзлайн p_yes по промптам: {9: 0.0, 10: 0.0, 11: 0.0, 12: 0.0}
2026-06-18 11:09:08 | INFO    | __main__ | Отобраны промпты: push_down(к No, Yes-bias)=[12] | push_up(к Yes, ?/No-bias)=[9]
2026-06-18 11:09:08 | INFO    | __main__ | [1/3] нейрон 26266 (yes_trigger) alpha=-927.82 — генерация ...
2026-06-18 11:13:56 | INFO    | src.io_utils | Логирование инициализировано: artifacts/logs/07_steering.log (level=INFO)
2026-06-18 11:13:57 | INFO    | __main__ | Устройство: cuda
2026-06-18 11:14:08 | INFO    | src.io_utils | Активации загружены: artifacts/activations.npz (hidden.shape=(228638, 3584))
2026-06-18 11:14:08 | INFO    | src.data | Загружено 8000 samples из artifacts/samples.json
2026-06-18 11:14:13 | INFO    | src.io_utils | SAE загружён: artifacts/sae_topk.pt (mode=topk, d_hidden=57344)
2026-06-18 11:14:13 | INFO    | __main__ | Авто-выбор целей из Yes/No-контраста (n_yes=2, n_no=2) ...
2026-06-18 11:14:13 | INFO    | build_datasets | Загружено файлов: 10 из data/results_dilemma_v2_balanced
2026-06-18 11:14:13 | INFO    | build_datasets | balanced_sample_mask: источник=папка data/results_dilemma_v2_balanced, ответов в срезе=1785
2026-06-18 11:14:14 | INFO    | src.analysis | Контраст на BALANCED: позиций 51539/228638, ответов 1785 (до баланса {'Yes': 5956, 'No': 595, '?': 1449}, источник=dir)
2026-06-18 11:14:14 | INFO    | src.analysis | Контраст: позиции прорежены до 20000 (contrast.max_positions)
2026-06-18 11:15:11 | INFO    | src.analysis | Найдено: 10 Yes-нейронов, 10 No-нейронов (пересечение token & sample, pool=30)
2026-06-18 11:15:11 | INFO    | __main__ | Контрольный нейрон: 49181 (fire_rate=0.0117)
2026-06-18 11:15:15 | INFO    | __main__ | median||h|| на слое экстракции = 231.95; alpha_fractions=[0.25, 0.5, 1.0, 2.0, 4.0]
2026-06-18 11:15:15 | INFO    | __main__ | Сетка alpha (доли нормы): [-927.82, -463.91, -231.95, -115.98, -57.99, 0.0, 57.99, 115.98, 231.95, 463.91, 927.82]
2026-06-18 11:15:15 | INFO    | __main__ | Загружаю модель Qwen/Qwen2.5-7B-Instruct ...
2026-06-18 11:15:18 | INFO    | accelerate.utils.modeling | We will use 90% of the memory on device 0 for storing the model, and 10% for the buffer to avoid OOM. You can set `max_memory` in to a higher value to use more memory (at your own risk).
2026-06-18 11:16:11 | INFO    | __main__ | Стиринг на model.model.layers[23] (layer_idx=-5, n_layers=28).
2026-06-18 11:16:11 | INFO    | __main__ | SMOKE: нейрон=[26266], alphas=[-927.82, 0.0, 927.82], кандидат-промптов=4, n_gen=1
2026-06-18 11:16:11 | INFO    | __main__ | Подгружен частичный результат: artifacts/steering_results_smoke.json — недостающее досчитаю.
2026-06-18 11:16:11 | INFO    | __main__ | Бейзлайн (alpha=0) взят из кеша.
2026-06-18 11:16:11 | INFO    | __main__ | Бейзлайн p_yes по промптам: {9: 0.0, 10: 0.0, 11: 0.0, 12: 0.0}
2026-06-18 11:16:11 | INFO    | __main__ | Отобраны промпты: push_down(к No, Yes-bias)=[12] | push_up(к Yes, ?/No-bias)=[9]
2026-06-18 11:16:11 | INFO    | __main__ | [1/3] нейрон 26266 (yes_trigger) alpha=-927.82 — генерация ...
2026-06-18 11:16:28 | INFO    | httpx | HTTP Request: POST https://openrouter.ai/api/v1/chat/completions "HTTP/1.1 200 OK"
2026-06-18 11:16:29 | INFO    | httpx | HTTP Request: POST https://openrouter.ai/api/v1/chat/completions "HTTP/1.1 200 OK"
2026-06-18 11:16:29 | INFO    | __main__ |     нейрон 26266 alpha=-927.82: p_yes=0.000 CI=[0.00,0.00] (n=2)
2026-06-18 11:16:29 | INFO    | __main__ |     нейрон 26266 alpha=+0.00: p_yes=0.000 CI=[0.00,0.00] (n=2)
2026-06-18 11:16:29 | INFO    | __main__ | [3/3] нейрон 26266 (yes_trigger) alpha=+927.82 — генерация ...
2026-06-18 11:16:45 | INFO    | httpx | HTTP Request: POST https://openrouter.ai/api/v1/chat/completions "HTTP/1.1 200 OK"
2026-06-18 11:16:46 | INFO    | httpx | HTTP Request: POST https://openrouter.ai/api/v1/chat/completions "HTTP/1.1 200 OK"
2026-06-18 11:16:46 | INFO    | __main__ |     нейрон 26266 alpha=+927.82: p_yes=0.000 CI=[0.00,0.00] (n=2)
2026-06-18 11:16:48 | INFO    | src.visualize | Сохранено: artifacts/figures/steering_curves_smoke.png
2026-06-18 11:16:48 | WARNING | __main__ | Контрольный нейрон отсутствует — критерий не применяется (добавьте steering.add_random_control=true).
2026-06-18 11:16:48 | INFO    | __main__ | Готово. Результаты: artifacts/steering_results_smoke.json ; сводка: artifacts/steering_summary_smoke.csv
2026-06-18 11:16:58 | INFO    | src.io_utils | Логирование инициализировано: artifacts/logs/07_steering.log (level=INFO)
2026-06-18 11:16:58 | INFO    | __main__ | Устройство: cuda
2026-06-18 11:17:09 | INFO    | src.io_utils | Активации загружены: artifacts/activations.npz (hidden.shape=(228638, 3584))
2026-06-18 11:17:09 | INFO    | src.data | Загружено 8000 samples из artifacts/samples.json
2026-06-18 11:17:15 | INFO    | src.io_utils | SAE загружён: artifacts/sae_topk.pt (mode=topk, d_hidden=57344)
2026-06-18 11:17:15 | INFO    | __main__ | Авто-выбор целей из Yes/No-контраста (n_yes=2, n_no=2) ...
2026-06-18 11:17:15 | INFO    | build_datasets | Загружено файлов: 10 из data/results_dilemma_v2_balanced
2026-06-18 11:17:15 | INFO    | build_datasets | balanced_sample_mask: источник=папка data/results_dilemma_v2_balanced, ответов в срезе=1785
2026-06-18 11:17:15 | INFO    | src.analysis | Контраст на BALANCED: позиций 51539/228638, ответов 1785 (до баланса {'Yes': 5956, 'No': 595, '?': 1449}, источник=dir)
2026-06-18 11:17:15 | INFO    | src.analysis | Контраст: позиции прорежены до 20000 (contrast.max_positions)
2026-06-18 11:17:57 | INFO    | src.analysis | Найдено: 10 Yes-нейронов, 10 No-нейронов (пересечение token & sample, pool=30)
2026-06-18 11:17:57 | INFO    | __main__ | Контрольный нейрон: 49181 (fire_rate=0.0117)
2026-06-18 11:18:02 | INFO    | __main__ | median||h|| на слое экстракции = 231.95; alpha_fractions=[0.25, 0.5, 1.0, 2.0, 4.0]
2026-06-18 11:18:02 | INFO    | __main__ | Сетка alpha (доли нормы): [-927.82, -463.91, -231.95, -115.98, -57.99, 0.0, 57.99, 115.98, 231.95, 463.91, 927.82]
2026-06-18 11:18:02 | INFO    | __main__ | Загружаю модель Qwen/Qwen2.5-7B-Instruct ...
2026-06-18 11:18:05 | INFO    | accelerate.utils.modeling | We will use 90% of the memory on device 0 for storing the model, and 10% for the buffer to avoid OOM. You can set `max_memory` in to a higher value to use more memory (at your own risk).
2026-06-18 11:18:10 | INFO    | __main__ | Стиринг на model.model.layers[23] (layer_idx=-5, n_layers=28).
2026-06-18 11:18:10 | INFO    | __main__ | Считаю бейзлайн alpha=0 по 10 промптам (30 ген/промпт) ...
2026-06-18 11:18:58 | INFO    | __main__ |     ... всего генераций: 10
2026-06-18 11:19:42 | INFO    | __main__ |     ... всего генераций: 20
2026-06-18 11:20:28 | INFO    | __main__ |     ... всего генераций: 30
2026-06-18 11:21:13 | INFO    | __main__ |     ... всего генераций: 40
2026-06-18 11:22:01 | INFO    | __main__ |     ... всего генераций: 50
2026-06-18 11:22:48 | INFO    | __main__ |     ... всего генераций: 60
2026-06-18 11:23:35 | INFO    | __main__ |     ... всего генераций: 70
2026-06-18 11:24:20 | INFO    | __main__ |     ... всего генераций: 80
2026-06-18 11:25:06 | INFO    | __main__ |     ... всего генераций: 90
2026-06-18 11:25:51 | INFO    | __main__ |     ... всего генераций: 100
2026-06-18 11:26:37 | INFO    | __main__ |     ... всего генераций: 110
2026-06-18 11:27:24 | INFO    | __main__ |     ... всего генераций: 120
2026-06-18 11:28:08 | INFO    | __main__ |     ... всего генераций: 130
2026-06-18 11:28:55 | INFO    | __main__ |     ... всего генераций: 140
2026-06-18 11:29:41 | INFO    | __main__ |     ... всего генераций: 150
2026-06-18 11:30:30 | INFO    | __main__ |     ... всего генераций: 160
2026-06-18 11:31:16 | INFO    | __main__ |     ... всего генераций: 170
2026-06-18 11:32:03 | INFO    | __main__ |     ... всего генераций: 180
2026-06-18 11:32:50 | INFO    | __main__ |     ... всего генераций: 190
2026-06-18 11:33:37 | INFO    | __main__ |     ... всего генераций: 200
2026-06-18 11:34:23 | INFO    | __main__ |     ... всего генераций: 210
2026-06-18 11:35:12 | INFO    | __main__ |     ... всего генераций: 220
2026-06-18 11:35:59 | INFO    | __main__ |     ... всего генераций: 230
2026-06-18 11:36:44 | INFO    | __main__ |     ... всего генераций: 240
2026-06-18 11:37:32 | INFO    | __main__ |     ... всего генераций: 250
2026-06-18 11:38:19 | INFO    | __main__ |     ... всего генераций: 260
2026-06-18 11:39:07 | INFO    | __main__ |     ... всего генераций: 270
2026-06-18 11:39:53 | INFO    | __main__ |     ... всего генераций: 280
2026-06-18 11:40:42 | INFO    | __main__ |     ... всего генераций: 290
2026-06-18 11:41:30 | INFO    | __main__ |     ... всего генераций: 300
2026-06-18 11:41:32 | INFO    | httpx | HTTP Request: POST https://openrouter.ai/api/v1/chat/completions "HTTP/1.1 200 OK"
2026-06-18 11:41:32 | INFO    | httpx | HTTP Request: POST https://openrouter.ai/api/v1/chat/completions "HTTP/1.1 200 OK"
2026-06-18 11:41:32 | INFO    | httpx | HTTP Request: POST https://openrouter.ai/api/v1/chat/completions "HTTP/1.1 200 OK"
2026-06-18 11:41:32 | INFO    | httpx | HTTP Request: POST https://openrouter.ai/api/v1/chat/completions "HTTP/1.1 200 OK"
2026-06-18 11:41:32 | INFO    | httpx | HTTP Request: POST https://openrouter.ai/api/v1/chat/completions "HTTP/1.1 200 OK"
2026-06-18 11:41:32 | INFO    | httpx | HTTP Request: POST https://openrouter.ai/api/v1/chat/completions "HTTP/1.1 200 OK"
2026-06-18 11:41:32 | INFO    | httpx | HTTP Request: POST https://openrouter.ai/api/v1/chat/completions "HTTP/1.1 200 OK"
2026-06-18 11:41:32 | INFO    | httpx | HTTP Request: POST https://openrouter.ai/api/v1/chat/completions "HTTP/1.1 200 OK"
2026-06-18 11:41:32 | INFO    | httpx | HTTP Request: POST https://openrouter.ai/api/v1/chat/completions "HTTP/1.1 200 OK"
2026-06-18 11:41:32 | INFO    | httpx | HTTP Request: POST https://openrouter.ai/api/v1/chat/completions "HTTP/1.1 200 OK"
2026-06-18 11:41:33 | INFO    | httpx | HTTP Request: POST https://openrouter.ai/api/v1/chat/completions "HTTP/1.1 200 OK"
2026-06-18 11:41:33 | INFO    | httpx | HTTP Request: POST https://openrouter.ai/api/v1/chat/completions "HTTP/1.1 200 OK"
2026-06-18 11:41:33 | INFO    | httpx | HTTP Request: POST https://openrouter.ai/api/v1/chat/completions "HTTP/1.1 200 OK"
2026-06-18 11:41:33 | INFO    | httpx | HTTP Request: POST https://openrouter.ai/api/v1/chat/completions "HTTP/1.1 200 OK"
2026-06-18 11:41:33 | INFO    | httpx | HTTP Request: POST https://openrouter.ai/api/v1/chat/completions "HTTP/1.1 200 OK"
2026-06-18 11:41:33 | INFO    | httpx | HTTP Request: POST https://openrouter.ai/api/v1/chat/completions "HTTP/1.1 200 OK"
2026-06-18 11:41:33 | INFO    | httpx | HTTP Request: POST https://openrouter.ai/api/v1/chat/completions "HTTP/1.1 200 OK"
2026-06-18 11:41:33 | INFO    | httpx | HTTP Request: POST https://openrouter.ai/api/v1/chat/completions "HTTP/1.1 200 OK"
2026-06-18 11:41:33 | INFO    | httpx | HTTP Request: POST https://openrouter.ai/api/v1/chat/completions "HTTP/1.1 200 OK"
2026-06-18 11:41:33 | INFO    | httpx | HTTP Request: POST https://openrouter.ai/api/v1/chat/completions "HTTP/1.1 200 OK"
2026-06-18 11:41:33 | INFO    | httpx | HTTP Request: POST https://openrouter.ai/api/v1/chat/completions "HTTP/1.1 200 OK"
2026-06-18 11:41:33 | INFO    | httpx | HTTP Request: POST https://openrouter.ai/api/v1/chat/completions "HTTP/1.1 200 OK"
2026-06-18 11:41:34 | INFO    | httpx | HTTP Request: POST https://openrouter.ai/api/v1/chat/completions "HTTP/1.1 200 OK"
2026-06-18 11:41:34 | INFO    | httpx | HTTP Request: POST https://openrouter.ai/api/v1/chat/completions "HTTP/1.1 200 OK"
2026-06-18 11:41:34 | INFO    | httpx | HTTP Request: POST https://openrouter.ai/api/v1/chat/completions "HTTP/1.1 200 OK"
2026-06-18 11:41:34 | INFO    | httpx | HTTP Request: POST https://openrouter.ai/api/v1/chat/completions "HTTP/1.1 200 OK"
2026-06-18 11:41:34 | INFO    | httpx | HTTP Request: POST https://openrouter.ai/api/v1/chat/completions "HTTP/1.1 200 OK"
2026-06-18 11:41:34 | INFO    | httpx | HTTP Request: POST https://openrouter.ai/api/v1/chat/completions "HTTP/1.1 200 OK"
2026-06-18 11:41:34 | INFO    | httpx | HTTP Request: POST https://openrouter.ai/api/v1/chat/completions "HTTP/1.1 200 OK"
2026-06-18 11:41:34 | INFO    | httpx | HTTP Request: POST https://openrouter.ai/api/v1/chat/completions "HTTP/1.1 200 OK"
2026-06-18 11:41:34 | INFO    | httpx | HTTP Request: POST https://openrouter.ai/api/v1/chat/completions "HTTP/1.1 200 OK"
2026-06-18 11:41:35 | INFO    | httpx | HTTP Request: POST https://openrouter.ai/api/v1/chat/completions "HTTP/1.1 200 OK"
2026-06-18 11:41:35 | INFO    | httpx | HTTP Request: POST https://openrouter.ai/api/v1/chat/completions "HTTP/1.1 200 OK"
2026-06-18 11:41:35 | INFO    | httpx | HTTP Request: POST https://openrouter.ai/api/v1/chat/completions "HTTP/1.1 200 OK"
2026-06-18 11:41:35 | INFO    | httpx | HTTP Request: POST https://openrouter.ai/api/v1/chat/completions "HTTP/1.1 200 OK"
2026-06-18 11:41:35 | INFO    | httpx | HTTP Request: POST https://openrouter.ai/api/v1/chat/completions "HTTP/1.1 200 OK"
2026-06-18 11:41:35 | INFO    | httpx | HTTP Request: POST https://openrouter.ai/api/v1/chat/completions "HTTP/1.1 200 OK"
2026-06-18 11:41:35 | INFO    | httpx | HTTP Request: POST https://openrouter.ai/api/v1/chat/completions "HTTP/1.1 200 OK"
2026-06-18 11:41:35 | INFO    | httpx | HTTP Request: POST https://openrouter.ai/api/v1/chat/completions "HTTP/1.1 200 OK"
2026-06-18 11:41:35 | INFO    | httpx | HTTP Request: POST https://openrouter.ai/api/v1/chat/completions "HTTP/1.1 200 OK"
2026-06-18 11:41:35 | INFO    | httpx | HTTP Request: POST https://openrouter.ai/api/v1/chat/completions "HTTP/1.1 200 OK"
2026-06-18 11:41:35 | INFO    | httpx | HTTP Request: POST https://openrouter.ai/api/v1/chat/completions "HTTP/1.1 200 OK"
2026-06-18 11:41:35 | INFO    | httpx | HTTP Request: POST https://openrouter.ai/api/v1/chat/completions "HTTP/1.1 200 OK"
2026-06-18 11:41:36 | INFO    | httpx | HTTP Request: POST https://openrouter.ai/api/v1/chat/completions "HTTP/1.1 200 OK"
2026-06-18 11:41:36 | INFO    | httpx | HTTP Request: POST https://openrouter.ai/api/v1/chat/completions "HTTP/1.1 200 OK"
2026-06-18 11:41:36 | INFO    | httpx | HTTP Request: POST https://openrouter.ai/api/v1/chat/completions "HTTP/1.1 200 OK"
2026-06-18 11:41:36 | INFO    | httpx | HTTP Request: POST https://openrouter.ai/api/v1/chat/completions "HTTP/1.1 200 OK"
2026-06-18 11:41:36 | INFO    | httpx | HTTP Request: POST https://openrouter.ai/api/v1/chat/completions "HTTP/1.1 200 OK"
2026-06-18 11:41:36 | INFO    | httpx | HTTP Request: POST https://openrouter.ai/api/v1/chat/completions "HTTP/1.1 200 OK"
2026-06-18 11:41:36 | INFO    | httpx | HTTP Request: POST https://openrouter.ai/api/v1/chat/completions "HTTP/1.1 200 OK"
2026-06-18 11:41:36 | INFO    | httpx | HTTP Request: POST https://openrouter.ai/api/v1/chat/completions "HTTP/1.1 200 OK"
2026-06-18 11:41:36 | INFO    | httpx | HTTP Request: POST https://openrouter.ai/api/v1/chat/completions "HTTP/1.1 200 OK"
2026-06-18 11:41:36 | INFO    | httpx | HTTP Request: POST https://openrouter.ai/api/v1/chat/completions "HTTP/1.1 200 OK"
2026-06-18 11:41:36 | INFO    | httpx | HTTP Request: POST https://openrouter.ai/api/v1/chat/completions "HTTP/1.1 200 OK"
2026-06-18 11:41:37 | INFO    | httpx | HTTP Request: POST https://openrouter.ai/api/v1/chat/completions "HTTP/1.1 200 OK"
2026-06-18 11:41:37 | INFO    | httpx | HTTP Request: POST https://openrouter.ai/api/v1/chat/completions "HTTP/1.1 200 OK"
2026-06-18 11:41:37 | INFO    | httpx | HTTP Request: POST https://openrouter.ai/api/v1/chat/completions "HTTP/1.1 200 OK"
2026-06-18 11:41:37 | INFO    | httpx | HTTP Request: POST https://openrouter.ai/api/v1/chat/completions "HTTP/1.1 200 OK"
2026-06-18 11:41:37 | INFO    | httpx | HTTP Request: POST https://openrouter.ai/api/v1/chat/completions "HTTP/1.1 200 OK"
2026-06-18 11:41:37 | INFO    | httpx | HTTP Request: POST https://openrouter.ai/api/v1/chat/completions "HTTP/1.1 200 OK"
2026-06-18 11:41:37 | INFO    | httpx | HTTP Request: POST https://openrouter.ai/api/v1/chat/completions "HTTP/1.1 200 OK"
2026-06-18 11:41:37 | INFO    | httpx | HTTP Request: POST https://openrouter.ai/api/v1/chat/completions "HTTP/1.1 200 OK"
2026-06-18 11:41:38 | INFO    | httpx | HTTP Request: POST https://openrouter.ai/api/v1/chat/completions "HTTP/1.1 200 OK"
2026-06-18 11:41:38 | INFO    | httpx | HTTP Request: POST https://openrouter.ai/api/v1/chat/completions "HTTP/1.1 200 OK"
2026-06-18 11:41:38 | INFO    | httpx | HTTP Request: POST https://openrouter.ai/api/v1/chat/completions "HTTP/1.1 200 OK"
2026-06-18 11:41:38 | INFO    | httpx | HTTP Request: POST https://openrouter.ai/api/v1/chat/completions "HTTP/1.1 200 OK"
2026-06-18 11:41:38 | INFO    | httpx | HTTP Request: POST https://openrouter.ai/api/v1/chat/completions "HTTP/1.1 200 OK"
2026-06-18 11:41:38 | INFO    | httpx | HTTP Request: POST https://openrouter.ai/api/v1/chat/completions "HTTP/1.1 200 OK"
2026-06-18 11:41:38 | INFO    | httpx | HTTP Request: POST https://openrouter.ai/api/v1/chat/completions "HTTP/1.1 200 OK"
2026-06-18 11:41:38 | INFO    | httpx | HTTP Request: POST https://openrouter.ai/api/v1/chat/completions "HTTP/1.1 200 OK"
2026-06-18 11:41:38 | INFO    | httpx | HTTP Request: POST https://openrouter.ai/api/v1/chat/completions "HTTP/1.1 200 OK"
2026-06-18 11:41:38 | INFO    | httpx | HTTP Request: POST https://openrouter.ai/api/v1/chat/completions "HTTP/1.1 200 OK"
2026-06-18 11:41:39 | INFO    | httpx | HTTP Request: POST https://openrouter.ai/api/v1/chat/completions "HTTP/1.1 200 OK"
2026-06-18 11:41:39 | INFO    | httpx | HTTP Request: POST https://openrouter.ai/api/v1/chat/completions "HTTP/1.1 200 OK"
2026-06-18 11:41:39 | INFO    | httpx | HTTP Request: POST https://openrouter.ai/api/v1/chat/completions "HTTP/1.1 200 OK"
2026-06-18 11:41:39 | INFO    | httpx | HTTP Request: POST https://openrouter.ai/api/v1/chat/completions "HTTP/1.1 200 OK"
2026-06-18 11:41:39 | INFO    | httpx | HTTP Request: POST https://openrouter.ai/api/v1/chat/completions "HTTP/1.1 200 OK"
2026-06-18 11:41:39 | INFO    | httpx | HTTP Request: POST https://openrouter.ai/api/v1/chat/completions "HTTP/1.1 200 OK"
2026-06-18 11:41:39 | INFO    | httpx | HTTP Request: POST https://openrouter.ai/api/v1/chat/completions "HTTP/1.1 200 OK"
2026-06-18 11:41:39 | INFO    | httpx | HTTP Request: POST https://openrouter.ai/api/v1/chat/completions "HTTP/1.1 200 OK"
2026-06-18 11:41:39 | INFO    | httpx | HTTP Request: POST https://openrouter.ai/api/v1/chat/completions "HTTP/1.1 200 OK"
2026-06-18 11:41:39 | INFO    | httpx | HTTP Request: POST https://openrouter.ai/api/v1/chat/completions "HTTP/1.1 200 OK"
2026-06-18 11:41:40 | INFO    | httpx | HTTP Request: POST https://openrouter.ai/api/v1/chat/completions "HTTP/1.1 200 OK"
2026-06-18 11:41:40 | INFO    | httpx | HTTP Request: POST https://openrouter.ai/api/v1/chat/completions "HTTP/1.1 200 OK"
2026-06-18 11:41:40 | INFO    | httpx | HTTP Request: POST https://openrouter.ai/api/v1/chat/completions "HTTP/1.1 200 OK"
2026-06-18 11:41:40 | INFO    | httpx | HTTP Request: POST https://openrouter.ai/api/v1/chat/completions "HTTP/1.1 200 OK"
2026-06-18 11:41:40 | INFO    | httpx | HTTP Request: POST https://openrouter.ai/api/v1/chat/completions "HTTP/1.1 200 OK"
2026-06-18 11:41:40 | INFO    | httpx | HTTP Request: POST https://openrouter.ai/api/v1/chat/completions "HTTP/1.1 200 OK"
2026-06-18 11:41:40 | INFO    | httpx | HTTP Request: POST https://openrouter.ai/api/v1/chat/completions "HTTP/1.1 200 OK"
2026-06-18 11:41:40 | INFO    | httpx | HTTP Request: POST https://openrouter.ai/api/v1/chat/completions "HTTP/1.1 200 OK"
2026-06-18 11:41:40 | INFO    | httpx | HTTP Request: POST https://openrouter.ai/api/v1/chat/completions "HTTP/1.1 200 OK"
2026-06-18 11:41:40 | INFO    | httpx | HTTP Request: POST https://openrouter.ai/api/v1/chat/completions "HTTP/1.1 200 OK"
2026-06-18 11:41:40 | INFO    | httpx | HTTP Request: POST https://openrouter.ai/api/v1/chat/completions "HTTP/1.1 200 OK"
2026-06-18 11:41:40 | INFO    | httpx | HTTP Request: POST https://openrouter.ai/api/v1/chat/completions "HTTP/1.1 200 OK"
2026-06-18 11:41:40 | INFO    | httpx | HTTP Request: POST https://openrouter.ai/api/v1/chat/completions "HTTP/1.1 200 OK"
2026-06-18 11:41:40 | INFO    | httpx | HTTP Request: POST https://openrouter.ai/api/v1/chat/completions "HTTP/1.1 200 OK"
2026-06-18 11:41:41 | INFO    | httpx | HTTP Request: POST https://openrouter.ai/api/v1/chat/completions "HTTP/1.1 200 OK"
2026-06-18 11:41:41 | INFO    | httpx | HTTP Request: POST https://openrouter.ai/api/v1/chat/completions "HTTP/1.1 200 OK"
2026-06-18 11:41:41 | INFO    | httpx | HTTP Request: POST https://openrouter.ai/api/v1/chat/completions "HTTP/1.1 200 OK"
2026-06-18 11:41:41 | INFO    | httpx | HTTP Request: POST https://openrouter.ai/api/v1/chat/completions "HTTP/1.1 200 OK"
2026-06-18 11:41:41 | INFO    | httpx | HTTP Request: POST https://openrouter.ai/api/v1/chat/completions "HTTP/1.1 200 OK"
2026-06-18 11:41:41 | INFO    | httpx | HTTP Request: POST https://openrouter.ai/api/v1/chat/completions "HTTP/1.1 200 OK"
2026-06-18 11:41:41 | INFO    | httpx | HTTP Request: POST https://openrouter.ai/api/v1/chat/completions "HTTP/1.1 200 OK"
2026-06-18 11:41:41 | INFO    | httpx | HTTP Request: POST https://openrouter.ai/api/v1/chat/completions "HTTP/1.1 200 OK"
2026-06-18 11:41:42 | INFO    | httpx | HTTP Request: POST https://openrouter.ai/api/v1/chat/completions "HTTP/1.1 200 OK"
2026-06-18 11:41:42 | INFO    | httpx | HTTP Request: POST https://openrouter.ai/api/v1/chat/completions "HTTP/1.1 200 OK"
2026-06-18 11:41:42 | INFO    | httpx | HTTP Request: POST https://openrouter.ai/api/v1/chat/completions "HTTP/1.1 200 OK"
2026-06-18 11:41:42 | INFO    | httpx | HTTP Request: POST https://openrouter.ai/api/v1/chat/completions "HTTP/1.1 200 OK"
2026-06-18 11:41:42 | INFO    | httpx | HTTP Request: POST https://openrouter.ai/api/v1/chat/completions "HTTP/1.1 200 OK"
2026-06-18 11:41:42 | INFO    | httpx | HTTP Request: POST https://openrouter.ai/api/v1/chat/completions "HTTP/1.1 200 OK"
2026-06-18 11:41:42 | INFO    | httpx | HTTP Request: POST https://openrouter.ai/api/v1/chat/completions "HTTP/1.1 200 OK"
2026-06-18 11:41:43 | INFO    | httpx | HTTP Request: POST https://openrouter.ai/api/v1/chat/completions "HTTP/1.1 200 OK"
2026-06-18 11:41:43 | INFO    | httpx | HTTP Request: POST https://openrouter.ai/api/v1/chat/completions "HTTP/1.1 200 OK"
2026-06-18 11:41:43 | INFO    | httpx | HTTP Request: POST https://openrouter.ai/api/v1/chat/completions "HTTP/1.1 200 OK"
2026-06-18 11:41:43 | INFO    | httpx | HTTP Request: POST https://openrouter.ai/api/v1/chat/completions "HTTP/1.1 200 OK"
2026-06-18 11:41:43 | INFO    | httpx | HTTP Request: POST https://openrouter.ai/api/v1/chat/completions "HTTP/1.1 200 OK"
2026-06-18 11:41:43 | INFO    | httpx | HTTP Request: POST https://openrouter.ai/api/v1/chat/completions "HTTP/1.1 200 OK"
2026-06-18 11:41:43 | INFO    | httpx | HTTP Request: POST https://openrouter.ai/api/v1/chat/completions "HTTP/1.1 200 OK"
2026-06-18 11:41:43 | INFO    | httpx | HTTP Request: POST https://openrouter.ai/api/v1/chat/completions "HTTP/1.1 200 OK"
2026-06-18 11:41:43 | INFO    | httpx | HTTP Request: POST https://openrouter.ai/api/v1/chat/completions "HTTP/1.1 200 OK"
2026-06-18 11:41:43 | INFO    | httpx | HTTP Request: POST https://openrouter.ai/api/v1/chat/completions "HTTP/1.1 200 OK"
2026-06-18 11:41:43 | INFO    | httpx | HTTP Request: POST https://openrouter.ai/api/v1/chat/completions "HTTP/1.1 200 OK"
2026-06-18 11:41:43 | INFO    | httpx | HTTP Request: POST https://openrouter.ai/api/v1/chat/completions "HTTP/1.1 200 OK"
2026-06-18 11:41:43 | INFO    | httpx | HTTP Request: POST https://openrouter.ai/api/v1/chat/completions "HTTP/1.1 200 OK"
2026-06-18 11:41:44 | INFO    | httpx | HTTP Request: POST https://openrouter.ai/api/v1/chat/completions "HTTP/1.1 200 OK"
2026-06-18 11:41:44 | INFO    | httpx | HTTP Request: POST https://openrouter.ai/api/v1/chat/completions "HTTP/1.1 200 OK"
2026-06-18 11:41:44 | INFO    | httpx | HTTP Request: POST https://openrouter.ai/api/v1/chat/completions "HTTP/1.1 200 OK"
2026-06-18 11:41:44 | INFO    | httpx | HTTP Request: POST https://openrouter.ai/api/v1/chat/completions "HTTP/1.1 200 OK"
2026-06-18 11:41:44 | INFO    | httpx | HTTP Request: POST https://openrouter.ai/api/v1/chat/completions "HTTP/1.1 200 OK"
2026-06-18 11:41:44 | INFO    | httpx | HTTP Request: POST https://openrouter.ai/api/v1/chat/completions "HTTP/1.1 200 OK"
2026-06-18 11:41:44 | INFO    | httpx | HTTP Request: POST https://openrouter.ai/api/v1/chat/completions "HTTP/1.1 200 OK"
2026-06-18 11:41:44 | INFO    | httpx | HTTP Request: POST https://openrouter.ai/api/v1/chat/completions "HTTP/1.1 200 OK"
2026-06-18 11:41:44 | INFO    | httpx | HTTP Request: POST https://openrouter.ai/api/v1/chat/completions "HTTP/1.1 200 OK"
2026-06-18 11:41:44 | INFO    | httpx | HTTP Request: POST https://openrouter.ai/api/v1/chat/completions "HTTP/1.1 200 OK"
2026-06-18 11:41:45 | INFO    | httpx | HTTP Request: POST https://openrouter.ai/api/v1/chat/completions "HTTP/1.1 200 OK"
2026-06-18 11:41:45 | INFO    | httpx | HTTP Request: POST https://openrouter.ai/api/v1/chat/completions "HTTP/1.1 200 OK"
2026-06-18 11:41:45 | INFO    | httpx | HTTP Request: POST https://openrouter.ai/api/v1/chat/completions "HTTP/1.1 200 OK"
2026-06-18 11:41:45 | INFO    | httpx | HTTP Request: POST https://openrouter.ai/api/v1/chat/completions "HTTP/1.1 200 OK"
2026-06-18 11:41:45 | INFO    | httpx | HTTP Request: POST https://openrouter.ai/api/v1/chat/completions "HTTP/1.1 200 OK"
2026-06-18 11:41:45 | INFO    | httpx | HTTP Request: POST https://openrouter.ai/api/v1/chat/completions "HTTP/1.1 200 OK"
2026-06-18 11:41:45 | INFO    | httpx | HTTP Request: POST https://openrouter.ai/api/v1/chat/completions "HTTP/1.1 200 OK"
2026-06-18 11:41:45 | INFO    | httpx | HTTP Request: POST https://openrouter.ai/api/v1/chat/completions "HTTP/1.1 200 OK"
2026-06-18 11:41:45 | INFO    | httpx | HTTP Request: POST https://openrouter.ai/api/v1/chat/completions "HTTP/1.1 200 OK"
2026-06-18 11:41:45 | INFO    | httpx | HTTP Request: POST https://openrouter.ai/api/v1/chat/completions "HTTP/1.1 200 OK"
2026-06-18 11:41:45 | INFO    | httpx | HTTP Request: POST https://openrouter.ai/api/v1/chat/completions "HTTP/1.1 200 OK"
2026-06-18 11:41:45 | INFO    | httpx | HTTP Request: POST https://openrouter.ai/api/v1/chat/completions "HTTP/1.1 200 OK"
2026-06-18 11:41:45 | INFO    | httpx | HTTP Request: POST https://openrouter.ai/api/v1/chat/completions "HTTP/1.1 200 OK"
2026-06-18 11:41:45 | INFO    | httpx | HTTP Request: POST https://openrouter.ai/api/v1/chat/completions "HTTP/1.1 200 OK"
2026-06-18 11:41:46 | INFO    | httpx | HTTP Request: POST https://openrouter.ai/api/v1/chat/completions "HTTP/1.1 200 OK"
2026-06-18 11:41:46 | INFO    | httpx | HTTP Request: POST https://openrouter.ai/api/v1/chat/completions "HTTP/1.1 200 OK"
2026-06-18 11:41:46 | INFO    | httpx | HTTP Request: POST https://openrouter.ai/api/v1/chat/completions "HTTP/1.1 200 OK"
2026-06-18 11:41:46 | INFO    | httpx | HTTP Request: POST https://openrouter.ai/api/v1/chat/completions "HTTP/1.1 200 OK"
2026-06-18 11:41:46 | INFO    | httpx | HTTP Request: POST https://openrouter.ai/api/v1/chat/completions "HTTP/1.1 200 OK"
2026-06-18 11:41:46 | INFO    | httpx | HTTP Request: POST https://openrouter.ai/api/v1/chat/completions "HTTP/1.1 200 OK"
2026-06-18 11:41:46 | INFO    | httpx | HTTP Request: POST https://openrouter.ai/api/v1/chat/completions "HTTP/1.1 200 OK"
2026-06-18 11:41:46 | INFO    | httpx | HTTP Request: POST https://openrouter.ai/api/v1/chat/completions "HTTP/1.1 200 OK"
2026-06-18 11:41:46 | INFO    | httpx | HTTP Request: POST https://openrouter.ai/api/v1/chat/completions "HTTP/1.1 200 OK"
2026-06-18 11:41:46 | INFO    | httpx | HTTP Request: POST https://openrouter.ai/api/v1/chat/completions "HTTP/1.1 200 OK"
2026-06-18 11:41:46 | INFO    | httpx | HTTP Request: POST https://openrouter.ai/api/v1/chat/completions "HTTP/1.1 200 OK"
2026-06-18 11:41:47 | INFO    | httpx | HTTP Request: POST https://openrouter.ai/api/v1/chat/completions "HTTP/1.1 200 OK"
2026-06-18 11:41:47 | INFO    | httpx | HTTP Request: POST https://openrouter.ai/api/v1/chat/completions "HTTP/1.1 200 OK"
2026-06-18 11:41:47 | INFO    | httpx | HTTP Request: POST https://openrouter.ai/api/v1/chat/completions "HTTP/1.1 200 OK"
2026-06-18 11:41:47 | INFO    | httpx | HTTP Request: POST https://openrouter.ai/api/v1/chat/completions "HTTP/1.1 200 OK"
2026-06-18 11:41:47 | INFO    | httpx | HTTP Request: POST https://openrouter.ai/api/v1/chat/completions "HTTP/1.1 200 OK"
2026-06-18 11:41:47 | INFO    | httpx | HTTP Request: POST https://openrouter.ai/api/v1/chat/completions "HTTP/1.1 200 OK"
2026-06-18 11:41:47 | INFO    | httpx | HTTP Request: POST https://openrouter.ai/api/v1/chat/completions "HTTP/1.1 200 OK"
2026-06-18 11:41:47 | INFO    | httpx | HTTP Request: POST https://openrouter.ai/api/v1/chat/completions "HTTP/1.1 200 OK"
2026-06-18 11:41:47 | INFO    | httpx | HTTP Request: POST https://openrouter.ai/api/v1/chat/completions "HTTP/1.1 200 OK"
2026-06-18 11:41:48 | INFO    | httpx | HTTP Request: POST https://openrouter.ai/api/v1/chat/completions "HTTP/1.1 200 OK"
2026-06-18 11:41:48 | INFO    | httpx | HTTP Request: POST https://openrouter.ai/api/v1/chat/completions "HTTP/1.1 200 OK"
2026-06-18 11:41:48 | INFO    | httpx | HTTP Request: POST https://openrouter.ai/api/v1/chat/completions "HTTP/1.1 200 OK"
2026-06-18 11:41:48 | INFO    | httpx | HTTP Request: POST https://openrouter.ai/api/v1/chat/completions "HTTP/1.1 200 OK"
2026-06-18 11:41:48 | INFO    | httpx | HTTP Request: POST https://openrouter.ai/api/v1/chat/completions "HTTP/1.1 200 OK"
2026-06-18 11:41:48 | INFO    | httpx | HTTP Request: POST https://openrouter.ai/api/v1/chat/completions "HTTP/1.1 200 OK"
2026-06-18 11:41:48 | INFO    | httpx | HTTP Request: POST https://openrouter.ai/api/v1/chat/completions "HTTP/1.1 200 OK"
2026-06-18 11:41:48 | INFO    | httpx | HTTP Request: POST https://openrouter.ai/api/v1/chat/completions "HTTP/1.1 200 OK"
2026-06-18 11:41:48 | INFO    | httpx | HTTP Request: POST https://openrouter.ai/api/v1/chat/completions "HTTP/1.1 200 OK"
2026-06-18 11:41:48 | INFO    | httpx | HTTP Request: POST https://openrouter.ai/api/v1/chat/completions "HTTP/1.1 200 OK"
2026-06-18 11:41:48 | INFO    | httpx | HTTP Request: POST https://openrouter.ai/api/v1/chat/completions "HTTP/1.1 200 OK"
2026-06-18 11:41:49 | INFO    | httpx | HTTP Request: POST https://openrouter.ai/api/v1/chat/completions "HTTP/1.1 200 OK"
2026-06-18 11:41:49 | INFO    | httpx | HTTP Request: POST https://openrouter.ai/api/v1/chat/completions "HTTP/1.1 200 OK"
2026-06-18 11:41:49 | INFO    | httpx | HTTP Request: POST https://openrouter.ai/api/v1/chat/completions "HTTP/1.1 200 OK"
2026-06-18 11:41:49 | INFO    | httpx | HTTP Request: POST https://openrouter.ai/api/v1/chat/completions "HTTP/1.1 200 OK"
2026-06-18 11:41:49 | INFO    | httpx | HTTP Request: POST https://openrouter.ai/api/v1/chat/completions "HTTP/1.1 200 OK"
2026-06-18 11:41:49 | INFO    | httpx | HTTP Request: POST https://openrouter.ai/api/v1/chat/completions "HTTP/1.1 200 OK"
2026-06-18 11:41:49 | INFO    | httpx | HTTP Request: POST https://openrouter.ai/api/v1/chat/completions "HTTP/1.1 200 OK"
2026-06-18 11:41:49 | INFO    | httpx | HTTP Request: POST https://openrouter.ai/api/v1/chat/completions "HTTP/1.1 200 OK"
2026-06-18 11:41:49 | INFO    | httpx | HTTP Request: POST https://openrouter.ai/api/v1/chat/completions "HTTP/1.1 200 OK"
2026-06-18 11:41:50 | INFO    | httpx | HTTP Request: POST https://openrouter.ai/api/v1/chat/completions "HTTP/1.1 200 OK"
2026-06-18 11:41:50 | INFO    | httpx | HTTP Request: POST https://openrouter.ai/api/v1/chat/completions "HTTP/1.1 200 OK"
2026-06-18 11:41:50 | INFO    | httpx | HTTP Request: POST https://openrouter.ai/api/v1/chat/completions "HTTP/1.1 200 OK"
2026-06-18 11:41:50 | INFO    | httpx | HTTP Request: POST https://openrouter.ai/api/v1/chat/completions "HTTP/1.1 200 OK"
2026-06-18 11:41:50 | INFO    | httpx | HTTP Request: POST https://openrouter.ai/api/v1/chat/completions "HTTP/1.1 200 OK"
2026-06-18 11:41:50 | INFO    | httpx | HTTP Request: POST https://openrouter.ai/api/v1/chat/completions "HTTP/1.1 200 OK"
2026-06-18 11:41:50 | INFO    | httpx | HTTP Request: POST https://openrouter.ai/api/v1/chat/completions "HTTP/1.1 200 OK"
2026-06-18 11:41:50 | INFO    | httpx | HTTP Request: POST https://openrouter.ai/api/v1/chat/completions "HTTP/1.1 200 OK"
2026-06-18 11:41:50 | INFO    | httpx | HTTP Request: POST https://openrouter.ai/api/v1/chat/completions "HTTP/1.1 200 OK"
2026-06-18 11:41:50 | INFO    | httpx | HTTP Request: POST https://openrouter.ai/api/v1/chat/completions "HTTP/1.1 200 OK"
2026-06-18 11:41:50 | INFO    | httpx | HTTP Request: POST https://openrouter.ai/api/v1/chat/completions "HTTP/1.1 200 OK"
2026-06-18 11:41:50 | INFO    | httpx | HTTP Request: POST https://openrouter.ai/api/v1/chat/completions "HTTP/1.1 200 OK"
2026-06-18 11:41:50 | INFO    | httpx | HTTP Request: POST https://openrouter.ai/api/v1/chat/completions "HTTP/1.1 200 OK"
2026-06-18 11:41:50 | INFO    | httpx | HTTP Request: POST https://openrouter.ai/api/v1/chat/completions "HTTP/1.1 200 OK"
2026-06-18 11:41:51 | INFO    | httpx | HTTP Request: POST https://openrouter.ai/api/v1/chat/completions "HTTP/1.1 200 OK"
2026-06-18 11:41:51 | INFO    | httpx | HTTP Request: POST https://openrouter.ai/api/v1/chat/completions "HTTP/1.1 200 OK"
2026-06-18 11:41:51 | INFO    | httpx | HTTP Request: POST https://openrouter.ai/api/v1/chat/completions "HTTP/1.1 200 OK"
2026-06-18 11:41:51 | INFO    | httpx | HTTP Request: POST https://openrouter.ai/api/v1/chat/completions "HTTP/1.1 200 OK"
2026-06-18 11:41:51 | INFO    | httpx | HTTP Request: POST https://openrouter.ai/api/v1/chat/completions "HTTP/1.1 200 OK"
2026-06-18 11:41:51 | INFO    | httpx | HTTP Request: POST https://openrouter.ai/api/v1/chat/completions "HTTP/1.1 200 OK"
2026-06-18 11:41:51 | INFO    | httpx | HTTP Request: POST https://openrouter.ai/api/v1/chat/completions "HTTP/1.1 200 OK"
2026-06-18 11:41:51 | INFO    | httpx | HTTP Request: POST https://openrouter.ai/api/v1/chat/completions "HTTP/1.1 200 OK"
2026-06-18 11:41:51 | INFO    | httpx | HTTP Request: POST https://openrouter.ai/api/v1/chat/completions "HTTP/1.1 200 OK"
2026-06-18 11:41:51 | INFO    | httpx | HTTP Request: POST https://openrouter.ai/api/v1/chat/completions "HTTP/1.1 200 OK"
2026-06-18 11:41:51 | INFO    | httpx | HTTP Request: POST https://openrouter.ai/api/v1/chat/completions "HTTP/1.1 200 OK"
2026-06-18 11:41:51 | INFO    | httpx | HTTP Request: POST https://openrouter.ai/api/v1/chat/completions "HTTP/1.1 200 OK"
2026-06-18 11:41:51 | INFO    | httpx | HTTP Request: POST https://openrouter.ai/api/v1/chat/completions "HTTP/1.1 200 OK"
2026-06-18 11:41:52 | INFO    | httpx | HTTP Request: POST https://openrouter.ai/api/v1/chat/completions "HTTP/1.1 200 OK"
2026-06-18 11:41:52 | INFO    | httpx | HTTP Request: POST https://openrouter.ai/api/v1/chat/completions "HTTP/1.1 200 OK"
2026-06-18 11:41:52 | INFO    | httpx | HTTP Request: POST https://openrouter.ai/api/v1/chat/completions "HTTP/1.1 200 OK"
2026-06-18 11:41:52 | INFO    | httpx | HTTP Request: POST https://openrouter.ai/api/v1/chat/completions "HTTP/1.1 200 OK"
2026-06-18 11:41:52 | INFO    | httpx | HTTP Request: POST https://openrouter.ai/api/v1/chat/completions "HTTP/1.1 200 OK"
2026-06-18 11:41:52 | INFO    | httpx | HTTP Request: POST https://openrouter.ai/api/v1/chat/completions "HTTP/1.1 200 OK"
2026-06-18 11:41:52 | INFO    | httpx | HTTP Request: POST https://openrouter.ai/api/v1/chat/completions "HTTP/1.1 200 OK"
2026-06-18 11:41:52 | INFO    | httpx | HTTP Request: POST https://openrouter.ai/api/v1/chat/completions "HTTP/1.1 200 OK"
2026-06-18 11:41:52 | INFO    | httpx | HTTP Request: POST https://openrouter.ai/api/v1/chat/completions "HTTP/1.1 200 OK"
2026-06-18 11:41:52 | INFO    | httpx | HTTP Request: POST https://openrouter.ai/api/v1/chat/completions "HTTP/1.1 200 OK"
2026-06-18 11:41:52 | INFO    | httpx | HTTP Request: POST https://openrouter.ai/api/v1/chat/completions "HTTP/1.1 200 OK"
2026-06-18 11:41:53 | INFO    | httpx | HTTP Request: POST https://openrouter.ai/api/v1/chat/completions "HTTP/1.1 200 OK"
2026-06-18 11:41:53 | INFO    | httpx | HTTP Request: POST https://openrouter.ai/api/v1/chat/completions "HTTP/1.1 200 OK"
2026-06-18 11:41:53 | INFO    | httpx | HTTP Request: POST https://openrouter.ai/api/v1/chat/completions "HTTP/1.1 200 OK"
2026-06-18 11:41:53 | INFO    | httpx | HTTP Request: POST https://openrouter.ai/api/v1/chat/completions "HTTP/1.1 200 OK"
2026-06-18 11:41:53 | INFO    | httpx | HTTP Request: POST https://openrouter.ai/api/v1/chat/completions "HTTP/1.1 200 OK"
2026-06-18 11:41:53 | INFO    | httpx | HTTP Request: POST https://openrouter.ai/api/v1/chat/completions "HTTP/1.1 200 OK"
2026-06-18 11:41:53 | INFO    | httpx | HTTP Request: POST https://openrouter.ai/api/v1/chat/completions "HTTP/1.1 200 OK"
2026-06-18 11:41:54 | INFO    | httpx | HTTP Request: POST https://openrouter.ai/api/v1/chat/completions "HTTP/1.1 200 OK"
2026-06-18 11:41:54 | INFO    | httpx | HTTP Request: POST https://openrouter.ai/api/v1/chat/completions "HTTP/1.1 200 OK"
2026-06-18 11:41:54 | INFO    | httpx | HTTP Request: POST https://openrouter.ai/api/v1/chat/completions "HTTP/1.1 200 OK"
2026-06-18 11:41:54 | INFO    | httpx | HTTP Request: POST https://openrouter.ai/api/v1/chat/completions "HTTP/1.1 200 OK"
2026-06-18 11:41:54 | INFO    | httpx | HTTP Request: POST https://openrouter.ai/api/v1/chat/completions "HTTP/1.1 200 OK"
2026-06-18 11:41:54 | INFO    | httpx | HTTP Request: POST https://openrouter.ai/api/v1/chat/completions "HTTP/1.1 200 OK"
2026-06-18 11:41:54 | INFO    | httpx | HTTP Request: POST https://openrouter.ai/api/v1/chat/completions "HTTP/1.1 200 OK"
2026-06-18 11:41:54 | INFO    | httpx | HTTP Request: POST https://openrouter.ai/api/v1/chat/completions "HTTP/1.1 200 OK"
2026-06-18 11:41:54 | INFO    | httpx | HTTP Request: POST https://openrouter.ai/api/v1/chat/completions "HTTP/1.1 200 OK"
2026-06-18 11:41:55 | INFO    | httpx | HTTP Request: POST https://openrouter.ai/api/v1/chat/completions "HTTP/1.1 200 OK"
2026-06-18 11:41:55 | INFO    | httpx | HTTP Request: POST https://openrouter.ai/api/v1/chat/completions "HTTP/1.1 200 OK"
2026-06-18 11:41:55 | INFO    | httpx | HTTP Request: POST https://openrouter.ai/api/v1/chat/completions "HTTP/1.1 200 OK"
2026-06-18 11:41:55 | INFO    | httpx | HTTP Request: POST https://openrouter.ai/api/v1/chat/completions "HTTP/1.1 200 OK"
2026-06-18 11:41:55 | INFO    | httpx | HTTP Request: POST https://openrouter.ai/api/v1/chat/completions "HTTP/1.1 200 OK"
2026-06-18 11:41:55 | INFO    | httpx | HTTP Request: POST https://openrouter.ai/api/v1/chat/completions "HTTP/1.1 200 OK"
2026-06-18 11:41:55 | INFO    | httpx | HTTP Request: POST https://openrouter.ai/api/v1/chat/completions "HTTP/1.1 200 OK"
2026-06-18 11:41:55 | INFO    | httpx | HTTP Request: POST https://openrouter.ai/api/v1/chat/completions "HTTP/1.1 200 OK"
2026-06-18 11:41:55 | INFO    | httpx | HTTP Request: POST https://openrouter.ai/api/v1/chat/completions "HTTP/1.1 200 OK"
2026-06-18 11:41:55 | INFO    | httpx | HTTP Request: POST https://openrouter.ai/api/v1/chat/completions "HTTP/1.1 200 OK"
2026-06-18 11:41:55 | INFO    | httpx | HTTP Request: POST https://openrouter.ai/api/v1/chat/completions "HTTP/1.1 200 OK"
2026-06-18 11:41:55 | INFO    | httpx | HTTP Request: POST https://openrouter.ai/api/v1/chat/completions "HTTP/1.1 200 OK"
2026-06-18 11:41:56 | INFO    | httpx | HTTP Request: POST https://openrouter.ai/api/v1/chat/completions "HTTP/1.1 200 OK"
2026-06-18 11:41:56 | INFO    | httpx | HTTP Request: POST https://openrouter.ai/api/v1/chat/completions "HTTP/1.1 200 OK"
2026-06-18 11:41:56 | INFO    | httpx | HTTP Request: POST https://openrouter.ai/api/v1/chat/completions "HTTP/1.1 200 OK"
2026-06-18 11:41:56 | INFO    | httpx | HTTP Request: POST https://openrouter.ai/api/v1/chat/completions "HTTP/1.1 200 OK"
2026-06-18 11:41:56 | INFO    | httpx | HTTP Request: POST https://openrouter.ai/api/v1/chat/completions "HTTP/1.1 200 OK"
2026-06-18 11:41:56 | INFO    | httpx | HTTP Request: POST https://openrouter.ai/api/v1/chat/completions "HTTP/1.1 200 OK"
2026-06-18 11:41:56 | INFO    | httpx | HTTP Request: POST https://openrouter.ai/api/v1/chat/completions "HTTP/1.1 200 OK"
2026-06-18 11:41:56 | INFO    | httpx | HTTP Request: POST https://openrouter.ai/api/v1/chat/completions "HTTP/1.1 200 OK"
2026-06-18 11:41:56 | INFO    | httpx | HTTP Request: POST https://openrouter.ai/api/v1/chat/completions "HTTP/1.1 200 OK"
2026-06-18 11:41:56 | INFO    | httpx | HTTP Request: POST https://openrouter.ai/api/v1/chat/completions "HTTP/1.1 200 OK"
2026-06-18 11:41:57 | INFO    | httpx | HTTP Request: POST https://openrouter.ai/api/v1/chat/completions "HTTP/1.1 200 OK"
2026-06-18 11:41:57 | INFO    | httpx | HTTP Request: POST https://openrouter.ai/api/v1/chat/completions "HTTP/1.1 200 OK"
2026-06-18 11:41:57 | INFO    | httpx | HTTP Request: POST https://openrouter.ai/api/v1/chat/completions "HTTP/1.1 200 OK"
2026-06-18 11:41:57 | INFO    | httpx | HTTP Request: POST https://openrouter.ai/api/v1/chat/completions "HTTP/1.1 200 OK"
2026-06-18 11:41:57 | INFO    | httpx | HTTP Request: POST https://openrouter.ai/api/v1/chat/completions "HTTP/1.1 200 OK"
2026-06-18 11:41:57 | INFO    | httpx | HTTP Request: POST https://openrouter.ai/api/v1/chat/completions "HTTP/1.1 200 OK"
2026-06-18 11:41:57 | INFO    | httpx | HTTP Request: POST https://openrouter.ai/api/v1/chat/completions "HTTP/1.1 200 OK"
2026-06-18 11:41:57 | INFO    | httpx | HTTP Request: POST https://openrouter.ai/api/v1/chat/completions "HTTP/1.1 200 OK"
2026-06-18 11:41:57 | INFO    | httpx | HTTP Request: POST https://openrouter.ai/api/v1/chat/completions "HTTP/1.1 200 OK"
2026-06-18 11:41:57 | INFO    | httpx | HTTP Request: POST https://openrouter.ai/api/v1/chat/completions "HTTP/1.1 200 OK"
2026-06-18 11:41:57 | INFO    | httpx | HTTP Request: POST https://openrouter.ai/api/v1/chat/completions "HTTP/1.1 200 OK"
2026-06-18 11:41:58 | INFO    | httpx | HTTP Request: POST https://openrouter.ai/api/v1/chat/completions "HTTP/1.1 200 OK"
2026-06-18 11:41:58 | INFO    | httpx | HTTP Request: POST https://openrouter.ai/api/v1/chat/completions "HTTP/1.1 200 OK"
2026-06-18 11:41:58 | INFO    | httpx | HTTP Request: POST https://openrouter.ai/api/v1/chat/completions "HTTP/1.1 200 OK"
2026-06-18 11:41:58 | INFO    | httpx | HTTP Request: POST https://openrouter.ai/api/v1/chat/completions "HTTP/1.1 200 OK"
2026-06-18 11:41:58 | INFO    | httpx | HTTP Request: POST https://openrouter.ai/api/v1/chat/completions "HTTP/1.1 200 OK"
2026-06-18 11:41:58 | INFO    | httpx | HTTP Request: POST https://openrouter.ai/api/v1/chat/completions "HTTP/1.1 200 OK"
2026-06-18 11:41:58 | INFO    | httpx | HTTP Request: POST https://openrouter.ai/api/v1/chat/completions "HTTP/1.1 200 OK"
2026-06-18 11:41:58 | INFO    | httpx | HTTP Request: POST https://openrouter.ai/api/v1/chat/completions "HTTP/1.1 200 OK"
2026-06-18 11:41:59 | INFO    | httpx | HTTP Request: POST https://openrouter.ai/api/v1/chat/completions "HTTP/1.1 200 OK"
2026-06-18 11:41:59 | INFO    | httpx | HTTP Request: POST https://openrouter.ai/api/v1/chat/completions "HTTP/1.1 200 OK"
2026-06-18 11:41:59 | INFO    | httpx | HTTP Request: POST https://openrouter.ai/api/v1/chat/completions "HTTP/1.1 200 OK"
2026-06-18 11:41:59 | INFO    | httpx | HTTP Request: POST https://openrouter.ai/api/v1/chat/completions "HTTP/1.1 200 OK"
2026-06-18 11:41:59 | INFO    | httpx | HTTP Request: POST https://openrouter.ai/api/v1/chat/completions "HTTP/1.1 200 OK"
2026-06-18 11:41:59 | INFO    | httpx | HTTP Request: POST https://openrouter.ai/api/v1/chat/completions "HTTP/1.1 200 OK"
2026-06-18 11:41:59 | INFO    | httpx | HTTP Request: POST https://openrouter.ai/api/v1/chat/completions "HTTP/1.1 200 OK"
2026-06-18 11:41:59 | INFO    | httpx | HTTP Request: POST https://openrouter.ai/api/v1/chat/completions "HTTP/1.1 200 OK"
2026-06-18 11:41:59 | INFO    | httpx | HTTP Request: POST https://openrouter.ai/api/v1/chat/completions "HTTP/1.1 200 OK"
2026-06-18 11:41:59 | INFO    | httpx | HTTP Request: POST https://openrouter.ai/api/v1/chat/completions "HTTP/1.1 200 OK"
2026-06-18 11:41:59 | INFO    | httpx | HTTP Request: POST https://openrouter.ai/api/v1/chat/completions "HTTP/1.1 200 OK"
2026-06-18 11:41:59 | INFO    | httpx | HTTP Request: POST https://openrouter.ai/api/v1/chat/completions "HTTP/1.1 200 OK"
2026-06-18 11:42:00 | INFO    | httpx | HTTP Request: POST https://openrouter.ai/api/v1/chat/completions "HTTP/1.1 200 OK"
2026-06-18 11:42:00 | INFO    | httpx | HTTP Request: POST https://openrouter.ai/api/v1/chat/completions "HTTP/1.1 200 OK"
2026-06-18 11:42:00 | INFO    | httpx | HTTP Request: POST https://openrouter.ai/api/v1/chat/completions "HTTP/1.1 200 OK"
2026-06-18 11:42:00 | INFO    | httpx | HTTP Request: POST https://openrouter.ai/api/v1/chat/completions "HTTP/1.1 200 OK"
2026-06-18 11:42:00 | INFO    | httpx | HTTP Request: POST https://openrouter.ai/api/v1/chat/completions "HTTP/1.1 200 OK"
2026-06-18 11:42:01 | INFO    | __main__ | Бейзлайн p_yes по промптам: {9: 0.0, 10: 0.0, 11: 0.3, 12: 0.0, 13: 0.03, 14: 0.87, 15: 0.93, 16: 0.23, 17: 0.43, 18: 0.9}
2026-06-18 11:42:01 | INFO    | __main__ | Отобраны промпты: push_down(к No, Yes-bias)=[15, 18, 14] | push_up(к Yes, ?/No-bias)=[9, 10, 12]
2026-06-18 11:42:01 | INFO    | __main__ | [1/55] нейрон 26266 (yes_trigger) alpha=-927.82 — генерация ...
2026-06-18 11:43:05 | INFO    | __main__ |     ... всего генераций: 312
2026-06-18 11:44:08 | INFO    | __main__ |     ... всего генераций: 324
2026-06-18 11:44:40 | INFO    | __main__ |     ... всего генераций: 330
2026-06-18 11:45:44 | INFO    | __main__ |     ... всего генераций: 342
2026-06-18 11:46:48 | INFO    | __main__ |     ... всего генераций: 354
2026-06-18 11:47:20 | INFO    | __main__ |     ... всего генераций: 360
2026-06-18 11:48:24 | INFO    | __main__ |     ... всего генераций: 372
2026-06-18 11:49:27 | INFO    | __main__ |     ... всего генераций: 384
2026-06-18 11:49:58 | INFO    | __main__ |     ... всего генераций: 390
2026-06-18 11:51:00 | INFO    | __main__ |     ... всего генераций: 402
2026-06-18 11:52:04 | INFO    | __main__ |     ... всего генераций: 414
2026-06-18 11:52:36 | INFO    | __main__ |     ... всего генераций: 420
2026-06-18 11:53:38 | INFO    | __main__ |     ... всего генераций: 432
2026-06-18 11:54:42 | INFO    | __main__ |     ... всего генераций: 444
2026-06-18 11:55:14 | INFO    | __main__ |     ... всего генераций: 450
2026-06-18 11:56:18 | INFO    | __main__ |     ... всего генераций: 462
2026-06-18 11:57:31 | INFO    | __main__ |     ... всего генераций: 474
2026-06-18 11:58:02 | INFO    | __main__ |     ... всего генераций: 480
2026-06-18 11:58:03 | INFO    | httpx | HTTP Request: POST https://openrouter.ai/api/v1/chat/completions "HTTP/1.1 200 OK"
2026-06-18 11:58:03 | INFO    | httpx | HTTP Request: POST https://openrouter.ai/api/v1/chat/completions "HTTP/1.1 200 OK"
2026-06-18 11:58:03 | INFO    | httpx | HTTP Request: POST https://openrouter.ai/api/v1/chat/completions "HTTP/1.1 200 OK"
2026-06-18 11:58:03 | INFO    | httpx | HTTP Request: POST https://openrouter.ai/api/v1/chat/completions "HTTP/1.1 200 OK"
2026-06-18 11:58:03 | INFO    | httpx | HTTP Request: POST https://openrouter.ai/api/v1/chat/completions "HTTP/1.1 200 OK"
2026-06-18 11:58:03 | INFO    | httpx | HTTP Request: POST https://openrouter.ai/api/v1/chat/completions "HTTP/1.1 200 OK"
2026-06-18 11:58:03 | INFO    | httpx | HTTP Request: POST https://openrouter.ai/api/v1/chat/completions "HTTP/1.1 200 OK"
2026-06-18 11:58:03 | INFO    | httpx | HTTP Request: POST https://openrouter.ai/api/v1/chat/completions "HTTP/1.1 200 OK"
2026-06-18 11:58:03 | INFO    | httpx | HTTP Request: POST https://openrouter.ai/api/v1/chat/completions "HTTP/1.1 200 OK"
2026-06-18 11:58:03 | INFO    | httpx | HTTP Request: POST https://openrouter.ai/api/v1/chat/completions "HTTP/1.1 200 OK"
2026-06-18 11:58:04 | INFO    | httpx | HTTP Request: POST https://openrouter.ai/api/v1/chat/completions "HTTP/1.1 200 OK"
2026-06-18 11:58:04 | INFO    | httpx | HTTP Request: POST https://openrouter.ai/api/v1/chat/completions "HTTP/1.1 200 OK"
2026-06-18 11:58:04 | INFO    | httpx | HTTP Request: POST https://openrouter.ai/api/v1/chat/completions "HTTP/1.1 200 OK"
2026-06-18 11:58:04 | INFO    | httpx | HTTP Request: POST https://openrouter.ai/api/v1/chat/completions "HTTP/1.1 200 OK"
2026-06-18 11:58:04 | INFO    | httpx | HTTP Request: POST https://openrouter.ai/api/v1/chat/completions "HTTP/1.1 200 OK"
2026-06-18 11:58:04 | INFO    | httpx | HTTP Request: POST https://openrouter.ai/api/v1/chat/completions "HTTP/1.1 200 OK"
2026-06-18 11:58:04 | INFO    | httpx | HTTP Request: POST https://openrouter.ai/api/v1/chat/completions "HTTP/1.1 200 OK"
2026-06-18 11:58:04 | INFO    | httpx | HTTP Request: POST https://openrouter.ai/api/v1/chat/completions "HTTP/1.1 200 OK"
2026-06-18 11:58:04 | INFO    | httpx | HTTP Request: POST https://openrouter.ai/api/v1/chat/completions "HTTP/1.1 200 OK"
2026-06-18 11:58:04 | INFO    | httpx | HTTP Request: POST https://openrouter.ai/api/v1/chat/completions "HTTP/1.1 200 OK"
2026-06-18 11:58:04 | INFO    | httpx | HTTP Request: POST https://openrouter.ai/api/v1/chat/completions "HTTP/1.1 200 OK"
2026-06-18 11:58:04 | INFO    | httpx | HTTP Request: POST https://openrouter.ai/api/v1/chat/completions "HTTP/1.1 200 OK"
2026-06-18 11:58:05 | INFO    | httpx | HTTP Request: POST https://openrouter.ai/api/v1/chat/completions "HTTP/1.1 200 OK"
2026-06-18 11:58:05 | INFO    | httpx | HTTP Request: POST https://openrouter.ai/api/v1/chat/completions "HTTP/1.1 200 OK"
2026-06-18 11:58:05 | INFO    | httpx | HTTP Request: POST https://openrouter.ai/api/v1/chat/completions "HTTP/1.1 200 OK"
2026-06-18 11:58:05 | INFO    | httpx | HTTP Request: POST https://openrouter.ai/api/v1/chat/completions "HTTP/1.1 200 OK"
2026-06-18 11:58:05 | INFO    | httpx | HTTP Request: POST https://openrouter.ai/api/v1/chat/completions "HTTP/1.1 200 OK"
2026-06-18 11:58:05 | INFO    | httpx | HTTP Request: POST https://openrouter.ai/api/v1/chat/completions "HTTP/1.1 200 OK"
2026-06-18 11:58:05 | INFO    | httpx | HTTP Request: POST https://openrouter.ai/api/v1/chat/completions "HTTP/1.1 200 OK"
2026-06-18 11:58:05 | INFO    | httpx | HTTP Request: POST https://openrouter.ai/api/v1/chat/completions "HTTP/1.1 200 OK"
2026-06-18 11:58:06 | INFO    | httpx | HTTP Request: POST https://openrouter.ai/api/v1/chat/completions "HTTP/1.1 200 OK"
2026-06-18 11:58:06 | INFO    | httpx | HTTP Request: POST https://openrouter.ai/api/v1/chat/completions "HTTP/1.1 200 OK"
2026-06-18 11:58:06 | INFO    | httpx | HTTP Request: POST https://openrouter.ai/api/v1/chat/completions "HTTP/1.1 200 OK"
2026-06-18 11:58:06 | INFO    | httpx | HTTP Request: POST https://openrouter.ai/api/v1/chat/completions "HTTP/1.1 200 OK"
2026-06-18 11:58:06 | INFO    | httpx | HTTP Request: POST https://openrouter.ai/api/v1/chat/completions "HTTP/1.1 200 OK"
2026-06-18 11:58:06 | INFO    | httpx | HTTP Request: POST https://openrouter.ai/api/v1/chat/completions "HTTP/1.1 200 OK"
2026-06-18 11:58:06 | INFO    | httpx | HTTP Request: POST https://openrouter.ai/api/v1/chat/completions "HTTP/1.1 200 OK"
2026-06-18 11:58:06 | INFO    | httpx | HTTP Request: POST https://openrouter.ai/api/v1/chat/completions "HTTP/1.1 200 OK"
2026-06-18 11:58:06 | INFO    | httpx | HTTP Request: POST https://openrouter.ai/api/v1/chat/completions "HTTP/1.1 200 OK"
2026-06-18 11:58:06 | INFO    | httpx | HTTP Request: POST https://openrouter.ai/api/v1/chat/completions "HTTP/1.1 200 OK"
2026-06-18 11:58:06 | INFO    | httpx | HTTP Request: POST https://openrouter.ai/api/v1/chat/completions "HTTP/1.1 200 OK"
2026-06-18 11:58:06 | INFO    | httpx | HTTP Request: POST https://openrouter.ai/api/v1/chat/completions "HTTP/1.1 200 OK"
2026-06-18 11:58:06 | INFO    | httpx | HTTP Request: POST https://openrouter.ai/api/v1/chat/completions "HTTP/1.1 200 OK"
2026-06-18 11:58:07 | INFO    | httpx | HTTP Request: POST https://openrouter.ai/api/v1/chat/completions "HTTP/1.1 200 OK"
2026-06-18 11:58:07 | INFO    | httpx | HTTP Request: POST https://openrouter.ai/api/v1/chat/completions "HTTP/1.1 200 OK"
2026-06-18 11:58:07 | INFO    | httpx | HTTP Request: POST https://openrouter.ai/api/v1/chat/completions "HTTP/1.1 200 OK"
2026-06-18 11:58:07 | INFO    | httpx | HTTP Request: POST https://openrouter.ai/api/v1/chat/completions "HTTP/1.1 200 OK"
2026-06-18 11:58:07 | INFO    | httpx | HTTP Request: POST https://openrouter.ai/api/v1/chat/completions "HTTP/1.1 200 OK"
2026-06-18 11:58:07 | INFO    | httpx | HTTP Request: POST https://openrouter.ai/api/v1/chat/completions "HTTP/1.1 200 OK"
2026-06-18 11:58:07 | INFO    | httpx | HTTP Request: POST https://openrouter.ai/api/v1/chat/completions "HTTP/1.1 200 OK"
2026-06-18 11:58:08 | INFO    | httpx | HTTP Request: POST https://openrouter.ai/api/v1/chat/completions "HTTP/1.1 200 OK"
2026-06-18 11:58:08 | INFO    | httpx | HTTP Request: POST https://openrouter.ai/api/v1/chat/completions "HTTP/1.1 200 OK"
2026-06-18 11:58:08 | INFO    | httpx | HTTP Request: POST https://openrouter.ai/api/v1/chat/completions "HTTP/1.1 200 OK"
2026-06-18 11:58:08 | INFO    | httpx | HTTP Request: POST https://openrouter.ai/api/v1/chat/completions "HTTP/1.1 200 OK"
2026-06-18 11:58:08 | INFO    | httpx | HTTP Request: POST https://openrouter.ai/api/v1/chat/completions "HTTP/1.1 200 OK"
2026-06-18 11:58:08 | INFO    | httpx | HTTP Request: POST https://openrouter.ai/api/v1/chat/completions "HTTP/1.1 200 OK"
2026-06-18 11:58:08 | INFO    | httpx | HTTP Request: POST https://openrouter.ai/api/v1/chat/completions "HTTP/1.1 200 OK"
2026-06-18 11:58:08 | INFO    | httpx | HTTP Request: POST https://openrouter.ai/api/v1/chat/completions "HTTP/1.1 200 OK"
2026-06-18 11:58:08 | INFO    | httpx | HTTP Request: POST https://openrouter.ai/api/v1/chat/completions "HTTP/1.1 400 Bad Request"
2026-06-18 11:58:08 | WARNING | src.interpret | Судья: ошибка на ответе #59: Error code: 400 - {'error': {'message': 'Provider returned error', 'code': 400, 'metadata': {'raw': '{"error":{"message":"The response was filtered due to the prompt triggering Azure OpenAI\'s content management policy. Please modify your prompt and retry. To learn more about our content filtering policies please read our documentation: https://go.microsoft.com/fwlink/?linkid=2198766","type":null,"param":"prompt","code":"content_filter","status":400,"innererror":{"code":"ResponsibleAIPolicyViolation","content_filter_result":{"hate":{"filtered":false,"severity":"safe"},"jailbreak":{"detected":true,"filtered":true},"self_harm":{"filtered":false,"severity":"safe"},"sexual":{"filtered":false,"severity":"safe"},"violence":{"filtered":false,"severity":"safe"}}}}}', 'provider_name': 'Azure', 'is_byok': False, 'previous_errors': [{'code': 403, 'message': 'Provider returned error', 'provider_name': 'OpenAI', 'raw': '{"error":{"code":"unsupported_country_region_territory","message":"Country, region, or territory not supported","param":null,"type":"request_forbidden"}}'}]}}, 'user_id': 'user_3D1saQ7udEkOIGIngw6fRx2sO8l'}
2026-06-18 11:58:08 | INFO    | httpx | HTTP Request: POST https://openrouter.ai/api/v1/chat/completions "HTTP/1.1 200 OK"
2026-06-18 11:58:08 | INFO    | httpx | HTTP Request: POST https://openrouter.ai/api/v1/chat/completions "HTTP/1.1 200 OK"
2026-06-18 11:58:09 | INFO    | httpx | HTTP Request: POST https://openrouter.ai/api/v1/chat/completions "HTTP/1.1 200 OK"
2026-06-18 11:58:09 | INFO    | httpx | HTTP Request: POST https://openrouter.ai/api/v1/chat/completions "HTTP/1.1 200 OK"
2026-06-18 11:58:09 | INFO    | httpx | HTTP Request: POST https://openrouter.ai/api/v1/chat/completions "HTTP/1.1 200 OK"
2026-06-18 11:58:09 | INFO    | httpx | HTTP Request: POST https://openrouter.ai/api/v1/chat/completions "HTTP/1.1 200 OK"
2026-06-18 11:58:09 | INFO    | httpx | HTTP Request: POST https://openrouter.ai/api/v1/chat/completions "HTTP/1.1 200 OK"
2026-06-18 11:58:09 | INFO    | httpx | HTTP Request: POST https://openrouter.ai/api/v1/chat/completions "HTTP/1.1 200 OK"
2026-06-18 11:58:09 | INFO    | httpx | HTTP Request: POST https://openrouter.ai/api/v1/chat/completions "HTTP/1.1 200 OK"
2026-06-18 11:58:09 | INFO    | httpx | HTTP Request: POST https://openrouter.ai/api/v1/chat/completions "HTTP/1.1 200 OK"
2026-06-18 11:58:09 | INFO    | httpx | HTTP Request: POST https://openrouter.ai/api/v1/chat/completions "HTTP/1.1 200 OK"
2026-06-18 11:58:10 | INFO    | httpx | HTTP Request: POST https://openrouter.ai/api/v1/chat/completions "HTTP/1.1 200 OK"
2026-06-18 11:58:10 | INFO    | httpx | HTTP Request: POST https://openrouter.ai/api/v1/chat/completions "HTTP/1.1 200 OK"
2026-06-18 11:58:10 | INFO    | httpx | HTTP Request: POST https://openrouter.ai/api/v1/chat/completions "HTTP/1.1 200 OK"
2026-06-18 11:58:10 | INFO    | httpx | HTTP Request: POST https://openrouter.ai/api/v1/chat/completions "HTTP/1.1 200 OK"
2026-06-18 11:58:10 | INFO    | httpx | HTTP Request: POST https://openrouter.ai/api/v1/chat/completions "HTTP/1.1 200 OK"
2026-06-18 11:58:10 | INFO    | httpx | HTTP Request: POST https://openrouter.ai/api/v1/chat/completions "HTTP/1.1 200 OK"
2026-06-18 11:58:10 | INFO    | httpx | HTTP Request: POST https://openrouter.ai/api/v1/chat/completions "HTTP/1.1 200 OK"
2026-06-18 11:58:10 | INFO    | httpx | HTTP Request: POST https://openrouter.ai/api/v1/chat/completions "HTTP/1.1 200 OK"
2026-06-18 11:58:10 | INFO    | httpx | HTTP Request: POST https://openrouter.ai/api/v1/chat/completions "HTTP/1.1 200 OK"
2026-06-18 11:58:10 | INFO    | httpx | HTTP Request: POST https://openrouter.ai/api/v1/chat/completions "HTTP/1.1 200 OK"
2026-06-18 11:58:10 | INFO    | httpx | HTTP Request: POST https://openrouter.ai/api/v1/chat/completions "HTTP/1.1 200 OK"
2026-06-18 11:58:11 | INFO    | httpx | HTTP Request: POST https://openrouter.ai/api/v1/chat/completions "HTTP/1.1 200 OK"
2026-06-18 11:58:11 | INFO    | httpx | HTTP Request: POST https://openrouter.ai/api/v1/chat/completions "HTTP/1.1 200 OK"
2026-06-18 11:58:11 | INFO    | httpx | HTTP Request: POST https://openrouter.ai/api/v1/chat/completions "HTTP/1.1 200 OK"
2026-06-18 11:58:11 | INFO    | httpx | HTTP Request: POST https://openrouter.ai/api/v1/chat/completions "HTTP/1.1 200 OK"
2026-06-18 11:58:11 | INFO    | httpx | HTTP Request: POST https://openrouter.ai/api/v1/chat/completions "HTTP/1.1 200 OK"
2026-06-18 11:58:11 | INFO    | httpx | HTTP Request: POST https://openrouter.ai/api/v1/chat/completions "HTTP/1.1 200 OK"
2026-06-18 11:58:11 | INFO    | httpx | HTTP Request: POST https://openrouter.ai/api/v1/chat/completions "HTTP/1.1 200 OK"
2026-06-18 11:58:11 | INFO    | httpx | HTTP Request: POST https://openrouter.ai/api/v1/chat/completions "HTTP/1.1 200 OK"
2026-06-18 11:58:11 | INFO    | httpx | HTTP Request: POST https://openrouter.ai/api/v1/chat/completions "HTTP/1.1 200 OK"
2026-06-18 11:58:11 | INFO    | httpx | HTTP Request: POST https://openrouter.ai/api/v1/chat/completions "HTTP/1.1 200 OK"
2026-06-18 11:58:12 | INFO    | httpx | HTTP Request: POST https://openrouter.ai/api/v1/chat/completions "HTTP/1.1 200 OK"
2026-06-18 11:58:12 | INFO    | httpx | HTTP Request: POST https://openrouter.ai/api/v1/chat/completions "HTTP/1.1 200 OK"
2026-06-18 11:58:12 | INFO    | httpx | HTTP Request: POST https://openrouter.ai/api/v1/chat/completions "HTTP/1.1 200 OK"
2026-06-18 11:58:12 | INFO    | httpx | HTTP Request: POST https://openrouter.ai/api/v1/chat/completions "HTTP/1.1 200 OK"
2026-06-18 11:58:12 | INFO    | httpx | HTTP Request: POST https://openrouter.ai/api/v1/chat/completions "HTTP/1.1 200 OK"
2026-06-18 11:58:12 | INFO    | httpx | HTTP Request: POST https://openrouter.ai/api/v1/chat/completions "HTTP/1.1 200 OK"
2026-06-18 11:58:12 | INFO    | httpx | HTTP Request: POST https://openrouter.ai/api/v1/chat/completions "HTTP/1.1 200 OK"
2026-06-18 11:58:12 | INFO    | httpx | HTTP Request: POST https://openrouter.ai/api/v1/chat/completions "HTTP/1.1 200 OK"
2026-06-18 11:58:12 | INFO    | httpx | HTTP Request: POST https://openrouter.ai/api/v1/chat/completions "HTTP/1.1 200 OK"
2026-06-18 11:58:12 | INFO    | httpx | HTTP Request: POST https://openrouter.ai/api/v1/chat/completions "HTTP/1.1 200 OK"
2026-06-18 11:58:12 | INFO    | httpx | HTTP Request: POST https://openrouter.ai/api/v1/chat/completions "HTTP/1.1 200 OK"
2026-06-18 11:58:13 | INFO    | httpx | HTTP Request: POST https://openrouter.ai/api/v1/chat/completions "HTTP/1.1 200 OK"
2026-06-18 11:58:13 | INFO    | httpx | HTTP Request: POST https://openrouter.ai/api/v1/chat/completions "HTTP/1.1 200 OK"
2026-06-18 11:58:13 | INFO    | httpx | HTTP Request: POST https://openrouter.ai/api/v1/chat/completions "HTTP/1.1 200 OK"
2026-06-18 11:58:13 | INFO    | httpx | HTTP Request: POST https://openrouter.ai/api/v1/chat/completions "HTTP/1.1 200 OK"
2026-06-18 11:58:13 | INFO    | httpx | HTTP Request: POST https://openrouter.ai/api/v1/chat/completions "HTTP/1.1 200 OK"
2026-06-18 11:58:13 | INFO    | httpx | HTTP Request: POST https://openrouter.ai/api/v1/chat/completions "HTTP/1.1 200 OK"
2026-06-18 11:58:13 | INFO    | httpx | HTTP Request: POST https://openrouter.ai/api/v1/chat/completions "HTTP/1.1 200 OK"
2026-06-18 11:58:13 | INFO    | httpx | HTTP Request: POST https://openrouter.ai/api/v1/chat/completions "HTTP/1.1 200 OK"
2026-06-18 11:58:13 | INFO    | httpx | HTTP Request: POST https://openrouter.ai/api/v1/chat/completions "HTTP/1.1 200 OK"
2026-06-18 11:58:13 | INFO    | httpx | HTTP Request: POST https://openrouter.ai/api/v1/chat/completions "HTTP/1.1 200 OK"
2026-06-18 11:58:14 | INFO    | httpx | HTTP Request: POST https://openrouter.ai/api/v1/chat/completions "HTTP/1.1 200 OK"
2026-06-18 11:58:14 | INFO    | httpx | HTTP Request: POST https://openrouter.ai/api/v1/chat/completions "HTTP/1.1 200 OK"
2026-06-18 11:58:14 | INFO    | httpx | HTTP Request: POST https://openrouter.ai/api/v1/chat/completions "HTTP/1.1 200 OK"
2026-06-18 11:58:14 | INFO    | httpx | HTTP Request: POST https://openrouter.ai/api/v1/chat/completions "HTTP/1.1 200 OK"
2026-06-18 11:58:14 | INFO    | httpx | HTTP Request: POST https://openrouter.ai/api/v1/chat/completions "HTTP/1.1 200 OK"
2026-06-18 11:58:14 | INFO    | httpx | HTTP Request: POST https://openrouter.ai/api/v1/chat/completions "HTTP/1.1 200 OK"
2026-06-18 11:58:14 | INFO    | httpx | HTTP Request: POST https://openrouter.ai/api/v1/chat/completions "HTTP/1.1 200 OK"
2026-06-18 11:58:14 | INFO    | httpx | HTTP Request: POST https://openrouter.ai/api/v1/chat/completions "HTTP/1.1 200 OK"
2026-06-18 11:58:14 | INFO    | httpx | HTTP Request: POST https://openrouter.ai/api/v1/chat/completions "HTTP/1.1 200 OK"
2026-06-18 11:58:15 | INFO    | httpx | HTTP Request: POST https://openrouter.ai/api/v1/chat/completions "HTTP/1.1 200 OK"
2026-06-18 11:58:15 | INFO    | httpx | HTTP Request: POST https://openrouter.ai/api/v1/chat/completions "HTTP/1.1 200 OK"
2026-06-18 11:58:15 | INFO    | httpx | HTTP Request: POST https://openrouter.ai/api/v1/chat/completions "HTTP/1.1 200 OK"
2026-06-18 11:58:15 | INFO    | httpx | HTTP Request: POST https://openrouter.ai/api/v1/chat/completions "HTTP/1.1 200 OK"
2026-06-18 11:58:15 | INFO    | httpx | HTTP Request: POST https://openrouter.ai/api/v1/chat/completions "HTTP/1.1 200 OK"
2026-06-18 11:58:15 | INFO    | httpx | HTTP Request: POST https://openrouter.ai/api/v1/chat/completions "HTTP/1.1 200 OK"
2026-06-18 11:58:15 | INFO    | httpx | HTTP Request: POST https://openrouter.ai/api/v1/chat/completions "HTTP/1.1 200 OK"
2026-06-18 11:58:15 | INFO    | httpx | HTTP Request: POST https://openrouter.ai/api/v1/chat/completions "HTTP/1.1 200 OK"
2026-06-18 11:58:15 | INFO    | httpx | HTTP Request: POST https://openrouter.ai/api/v1/chat/completions "HTTP/1.1 200 OK"
2026-06-18 11:58:15 | INFO    | httpx | HTTP Request: POST https://openrouter.ai/api/v1/chat/completions "HTTP/1.1 200 OK"
2026-06-18 11:58:15 | INFO    | httpx | HTTP Request: POST https://openrouter.ai/api/v1/chat/completions "HTTP/1.1 200 OK"
2026-06-18 11:58:16 | INFO    | httpx | HTTP Request: POST https://openrouter.ai/api/v1/chat/completions "HTTP/1.1 200 OK"
2026-06-18 11:58:16 | INFO    | httpx | HTTP Request: POST https://openrouter.ai/api/v1/chat/completions "HTTP/1.1 200 OK"
2026-06-18 11:58:16 | INFO    | httpx | HTTP Request: POST https://openrouter.ai/api/v1/chat/completions "HTTP/1.1 200 OK"
2026-06-18 11:58:16 | INFO    | httpx | HTTP Request: POST https://openrouter.ai/api/v1/chat/completions "HTTP/1.1 200 OK"
2026-06-18 11:58:16 | INFO    | httpx | HTTP Request: POST https://openrouter.ai/api/v1/chat/completions "HTTP/1.1 200 OK"
2026-06-18 11:58:16 | INFO    | httpx | HTTP Request: POST https://openrouter.ai/api/v1/chat/completions "HTTP/1.1 200 OK"
2026-06-18 11:58:16 | INFO    | httpx | HTTP Request: POST https://openrouter.ai/api/v1/chat/completions "HTTP/1.1 200 OK"
2026-06-18 11:58:16 | INFO    | httpx | HTTP Request: POST https://openrouter.ai/api/v1/chat/completions "HTTP/1.1 200 OK"
2026-06-18 11:58:16 | INFO    | httpx | HTTP Request: POST https://openrouter.ai/api/v1/chat/completions "HTTP/1.1 200 OK"
2026-06-18 11:58:16 | INFO    | httpx | HTTP Request: POST https://openrouter.ai/api/v1/chat/completions "HTTP/1.1 200 OK"
2026-06-18 11:58:17 | INFO    | httpx | HTTP Request: POST https://openrouter.ai/api/v1/chat/completions "HTTP/1.1 200 OK"
2026-06-18 11:58:17 | INFO    | httpx | HTTP Request: POST https://openrouter.ai/api/v1/chat/completions "HTTP/1.1 200 OK"
2026-06-18 11:58:17 | INFO    | httpx | HTTP Request: POST https://openrouter.ai/api/v1/chat/completions "HTTP/1.1 200 OK"
2026-06-18 11:58:17 | INFO    | httpx | HTTP Request: POST https://openrouter.ai/api/v1/chat/completions "HTTP/1.1 200 OK"
2026-06-18 11:58:17 | INFO    | httpx | HTTP Request: POST https://openrouter.ai/api/v1/chat/completions "HTTP/1.1 200 OK"
2026-06-18 11:58:17 | INFO    | httpx | HTTP Request: POST https://openrouter.ai/api/v1/chat/completions "HTTP/1.1 200 OK"
2026-06-18 11:58:17 | INFO    | httpx | HTTP Request: POST https://openrouter.ai/api/v1/chat/completions "HTTP/1.1 200 OK"
2026-06-18 11:58:17 | INFO    | httpx | HTTP Request: POST https://openrouter.ai/api/v1/chat/completions "HTTP/1.1 200 OK"
2026-06-18 11:58:17 | INFO    | httpx | HTTP Request: POST https://openrouter.ai/api/v1/chat/completions "HTTP/1.1 200 OK"
2026-06-18 11:58:18 | INFO    | httpx | HTTP Request: POST https://openrouter.ai/api/v1/chat/completions "HTTP/1.1 200 OK"
2026-06-18 11:58:18 | INFO    | httpx | HTTP Request: POST https://openrouter.ai/api/v1/chat/completions "HTTP/1.1 200 OK"
2026-06-18 11:58:18 | INFO    | httpx | HTTP Request: POST https://openrouter.ai/api/v1/chat/completions "HTTP/1.1 200 OK"
2026-06-18 11:58:18 | INFO    | httpx | HTTP Request: POST https://openrouter.ai/api/v1/chat/completions "HTTP/1.1 200 OK"
2026-06-18 11:58:18 | INFO    | httpx | HTTP Request: POST https://openrouter.ai/api/v1/chat/completions "HTTP/1.1 200 OK"
2026-06-18 11:58:18 | INFO    | httpx | HTTP Request: POST https://openrouter.ai/api/v1/chat/completions "HTTP/1.1 200 OK"
2026-06-18 11:58:18 | INFO    | httpx | HTTP Request: POST https://openrouter.ai/api/v1/chat/completions "HTTP/1.1 200 OK"
2026-06-18 11:58:18 | INFO    | httpx | HTTP Request: POST https://openrouter.ai/api/v1/chat/completions "HTTP/1.1 200 OK"
2026-06-18 11:58:19 | INFO    | httpx | HTTP Request: POST https://openrouter.ai/api/v1/chat/completions "HTTP/1.1 200 OK"
2026-06-18 11:58:19 | INFO    | httpx | HTTP Request: POST https://openrouter.ai/api/v1/chat/completions "HTTP/1.1 200 OK"
2026-06-18 11:58:19 | INFO    | httpx | HTTP Request: POST https://openrouter.ai/api/v1/chat/completions "HTTP/1.1 200 OK"
2026-06-18 11:58:19 | INFO    | httpx | HTTP Request: POST https://openrouter.ai/api/v1/chat/completions "HTTP/1.1 200 OK"
2026-06-18 11:58:19 | INFO    | httpx | HTTP Request: POST https://openrouter.ai/api/v1/chat/completions "HTTP/1.1 200 OK"
2026-06-18 11:58:19 | INFO    | httpx | HTTP Request: POST https://openrouter.ai/api/v1/chat/completions "HTTP/1.1 200 OK"
2026-06-18 11:58:19 | INFO    | httpx | HTTP Request: POST https://openrouter.ai/api/v1/chat/completions "HTTP/1.1 200 OK"
2026-06-18 11:58:19 | INFO    | httpx | HTTP Request: POST https://openrouter.ai/api/v1/chat/completions "HTTP/1.1 200 OK"
2026-06-18 11:58:19 | INFO    | httpx | HTTP Request: POST https://openrouter.ai/api/v1/chat/completions "HTTP/1.1 200 OK"
2026-06-18 11:58:19 | INFO    | httpx | HTTP Request: POST https://openrouter.ai/api/v1/chat/completions "HTTP/1.1 200 OK"
2026-06-18 11:58:20 | INFO    | httpx | HTTP Request: POST https://openrouter.ai/api/v1/chat/completions "HTTP/1.1 200 OK"
2026-06-18 11:58:20 | INFO    | httpx | HTTP Request: POST https://openrouter.ai/api/v1/chat/completions "HTTP/1.1 200 OK"
2026-06-18 11:58:20 | INFO    | httpx | HTTP Request: POST https://openrouter.ai/api/v1/chat/completions "HTTP/1.1 200 OK"
2026-06-18 11:58:20 | INFO    | httpx | HTTP Request: POST https://openrouter.ai/api/v1/chat/completions "HTTP/1.1 200 OK"
2026-06-18 11:58:20 | INFO    | httpx | HTTP Request: POST https://openrouter.ai/api/v1/chat/completions "HTTP/1.1 200 OK"
2026-06-18 11:58:20 | INFO    | httpx | HTTP Request: POST https://openrouter.ai/api/v1/chat/completions "HTTP/1.1 200 OK"
2026-06-18 11:58:20 | INFO    | httpx | HTTP Request: POST https://openrouter.ai/api/v1/chat/completions "HTTP/1.1 200 OK"
2026-06-18 11:58:20 | INFO    | httpx | HTTP Request: POST https://openrouter.ai/api/v1/chat/completions "HTTP/1.1 200 OK"
2026-06-18 11:58:20 | INFO    | httpx | HTTP Request: POST https://openrouter.ai/api/v1/chat/completions "HTTP/1.1 200 OK"
2026-06-18 11:58:20 | INFO    | httpx | HTTP Request: POST https://openrouter.ai/api/v1/chat/completions "HTTP/1.1 200 OK"
2026-06-18 11:58:20 | INFO    | httpx | HTTP Request: POST https://openrouter.ai/api/v1/chat/completions "HTTP/1.1 200 OK"
2026-06-18 11:58:21 | INFO    | __main__ |     нейрон 26266 alpha=-927.82: p_yes=0.000 CI=[0.00,0.00] (n=180)
2026-06-18 11:58:21 | INFO    | __main__ | [2/55] нейрон 26266 (yes_trigger) alpha=-463.91 — генерация ...
2026-06-18 11:59:24 | INFO    | __main__ |     ... всего генераций: 492
2026-06-18 12:00:28 | INFO    | __main__ |     ... всего генераций: 504
2026-06-18 12:01:00 | INFO    | __main__ |     ... всего генераций: 510
2026-06-18 12:02:04 | INFO    | __main__ |     ... всего генераций: 522
2026-06-18 12:03:08 | INFO    | __main__ |     ... всего генераций: 534
2026-06-18 12:03:39 | INFO    | __main__ |     ... всего генераций: 540
2026-06-18 12:04:43 | INFO    | __main__ |     ... всего генераций: 552
2026-06-18 12:05:48 | INFO    | __main__ |     ... всего генераций: 564
2026-06-18 12:06:19 | INFO    | __main__ |     ... всего генераций: 570
2026-06-18 12:07:23 | INFO    | __main__ |     ... всего генераций: 582
2026-06-18 12:08:29 | INFO    | __main__ |     ... всего генераций: 594
2026-06-18 12:09:01 | INFO    | __main__ |     ... всего генераций: 600
2026-06-18 12:10:05 | INFO    | __main__ |     ... всего генераций: 612
2026-06-18 12:11:10 | INFO    | __main__ |     ... всего генераций: 624
2026-06-18 12:11:41 | INFO    | __main__ |     ... всего генераций: 630
2026-06-18 12:12:44 | INFO    | __main__ |     ... всего генераций: 642
2026-06-18 12:13:48 | INFO    | __main__ |     ... всего генераций: 654
2026-06-18 12:14:20 | INFO    | __main__ |     ... всего генераций: 660
2026-06-18 12:14:21 | INFO    | httpx | HTTP Request: POST https://openrouter.ai/api/v1/chat/completions "HTTP/1.1 200 OK"
2026-06-18 12:14:21 | INFO    | httpx | HTTP Request: POST https://openrouter.ai/api/v1/chat/completions "HTTP/1.1 200 OK"
2026-06-18 12:14:21 | INFO    | httpx | HTTP Request: POST https://openrouter.ai/api/v1/chat/completions "HTTP/1.1 200 OK"
2026-06-18 12:14:21 | INFO    | httpx | HTTP Request: POST https://openrouter.ai/api/v1/chat/completions "HTTP/1.1 200 OK"
2026-06-18 12:14:21 | INFO    | httpx | HTTP Request: POST https://openrouter.ai/api/v1/chat/completions "HTTP/1.1 200 OK"
2026-06-18 12:14:21 | INFO    | httpx | HTTP Request: POST https://openrouter.ai/api/v1/chat/completions "HTTP/1.1 200 OK"
2026-06-18 12:14:21 | INFO    | httpx | HTTP Request: POST https://openrouter.ai/api/v1/chat/completions "HTTP/1.1 200 OK"
2026-06-18 12:14:22 | INFO    | httpx | HTTP Request: POST https://openrouter.ai/api/v1/chat/completions "HTTP/1.1 200 OK"
2026-06-18 12:14:22 | INFO    | httpx | HTTP Request: POST https://openrouter.ai/api/v1/chat/completions "HTTP/1.1 200 OK"
2026-06-18 12:14:22 | INFO    | httpx | HTTP Request: POST https://openrouter.ai/api/v1/chat/completions "HTTP/1.1 200 OK"
2026-06-18 12:14:22 | INFO    | httpx | HTTP Request: POST https://openrouter.ai/api/v1/chat/completions "HTTP/1.1 200 OK"
2026-06-18 12:14:22 | INFO    | httpx | HTTP Request: POST https://openrouter.ai/api/v1/chat/completions "HTTP/1.1 200 OK"
2026-06-18 12:14:22 | INFO    | httpx | HTTP Request: POST https://openrouter.ai/api/v1/chat/completions "HTTP/1.1 200 OK"
2026-06-18 12:14:23 | INFO    | httpx | HTTP Request: POST https://openrouter.ai/api/v1/chat/completions "HTTP/1.1 200 OK"
2026-06-18 12:14:23 | INFO    | httpx | HTTP Request: POST https://openrouter.ai/api/v1/chat/completions "HTTP/1.1 200 OK"
2026-06-18 12:14:23 | INFO    | httpx | HTTP Request: POST https://openrouter.ai/api/v1/chat/completions "HTTP/1.1 200 OK"
2026-06-18 12:14:23 | INFO    | httpx | HTTP Request: POST https://openrouter.ai/api/v1/chat/completions "HTTP/1.1 200 OK"
2026-06-18 12:14:23 | INFO    | httpx | HTTP Request: POST https://openrouter.ai/api/v1/chat/completions "HTTP/1.1 200 OK"
2026-06-18 12:14:23 | INFO    | httpx | HTTP Request: POST https://openrouter.ai/api/v1/chat/completions "HTTP/1.1 200 OK"
2026-06-18 12:14:23 | INFO    | httpx | HTTP Request: POST https://openrouter.ai/api/v1/chat/completions "HTTP/1.1 200 OK"
2026-06-18 12:14:23 | INFO    | httpx | HTTP Request: POST https://openrouter.ai/api/v1/chat/completions "HTTP/1.1 200 OK"
2026-06-18 12:14:23 | INFO    | httpx | HTTP Request: POST https://openrouter.ai/api/v1/chat/completions "HTTP/1.1 200 OK"
2026-06-18 12:14:23 | INFO    | httpx | HTTP Request: POST https://openrouter.ai/api/v1/chat/completions "HTTP/1.1 200 OK"
2026-06-18 12:14:23 | INFO    | httpx | HTTP Request: POST https://openrouter.ai/api/v1/chat/completions "HTTP/1.1 200 OK"
2026-06-18 12:14:23 | INFO    | httpx | HTTP Request: POST https://openrouter.ai/api/v1/chat/completions "HTTP/1.1 200 OK"
2026-06-18 12:14:24 | INFO    | httpx | HTTP Request: POST https://openrouter.ai/api/v1/chat/completions "HTTP/1.1 200 OK"
2026-06-18 12:14:24 | INFO    | httpx | HTTP Request: POST https://openrouter.ai/api/v1/chat/completions "HTTP/1.1 400 Bad Request"
2026-06-18 12:14:24 | WARNING | src.interpret | Судья: ошибка на ответе #27: Error code: 400 - {'error': {'message': 'Provider returned error', 'code': 400, 'metadata': {'raw': '{"error":{"message":"The response was filtered due to the prompt triggering Azure OpenAI\'s content management policy. Please modify your prompt and retry. To learn more about our content filtering policies please read our documentation: https://go.microsoft.com/fwlink/?linkid=2198766","type":null,"param":"prompt","code":"content_filter","status":400,"innererror":{"code":"ResponsibleAIPolicyViolation","content_filter_result":{"hate":{"filtered":false,"severity":"safe"},"jailbreak":{"detected":true,"filtered":true},"self_harm":{"filtered":false,"severity":"safe"},"sexual":{"filtered":false,"severity":"safe"},"violence":{"filtered":false,"severity":"safe"}}}}}', 'provider_name': 'Azure', 'is_byok': False, 'previous_errors': [{'code': 403, 'message': 'Provider returned error', 'provider_name': 'OpenAI', 'raw': '{"error":{"code":"unsupported_country_region_territory","message":"Country, region, or territory not supported","param":null,"type":"request_forbidden"}}'}]}}, 'user_id': 'user_3D1saQ7udEkOIGIngw6fRx2sO8l'}
2026-06-18 12:14:24 | INFO    | httpx | HTTP Request: POST https://openrouter.ai/api/v1/chat/completions "HTTP/1.1 200 OK"
2026-06-18 12:14:24 | INFO    | httpx | HTTP Request: POST https://openrouter.ai/api/v1/chat/completions "HTTP/1.1 200 OK"
2026-06-18 12:14:24 | INFO    | httpx | HTTP Request: POST https://openrouter.ai/api/v1/chat/completions "HTTP/1.1 200 OK"
2026-06-18 12:14:24 | INFO    | httpx | HTTP Request: POST https://openrouter.ai/api/v1/chat/completions "HTTP/1.1 200 OK"
2026-06-18 12:14:24 | INFO    | httpx | HTTP Request: POST https://openrouter.ai/api/v1/chat/completions "HTTP/1.1 200 OK"
2026-06-18 12:14:24 | INFO    | httpx | HTTP Request: POST https://openrouter.ai/api/v1/chat/completions "HTTP/1.1 200 OK"
2026-06-18 12:14:24 | INFO    | httpx | HTTP Request: POST https://openrouter.ai/api/v1/chat/completions "HTTP/1.1 200 OK"
2026-06-18 12:14:24 | INFO    | httpx | HTTP Request: POST https://openrouter.ai/api/v1/chat/completions "HTTP/1.1 200 OK"
2026-06-18 12:14:24 | INFO    | httpx | HTTP Request: POST https://openrouter.ai/api/v1/chat/completions "HTTP/1.1 200 OK"
2026-06-18 12:14:25 | INFO    | httpx | HTTP Request: POST https://openrouter.ai/api/v1/chat/completions "HTTP/1.1 200 OK"
2026-06-18 12:14:25 | INFO    | httpx | HTTP Request: POST https://openrouter.ai/api/v1/chat/completions "HTTP/1.1 200 OK"
2026-06-18 12:14:25 | INFO    | httpx | HTTP Request: POST https://openrouter.ai/api/v1/chat/completions "HTTP/1.1 200 OK"
2026-06-18 12:14:25 | INFO    | httpx | HTTP Request: POST https://openrouter.ai/api/v1/chat/completions "HTTP/1.1 200 OK"
2026-06-18 12:14:25 | INFO    | httpx | HTTP Request: POST https://openrouter.ai/api/v1/chat/completions "HTTP/1.1 200 OK"
2026-06-18 12:14:25 | INFO    | httpx | HTTP Request: POST https://openrouter.ai/api/v1/chat/completions "HTTP/1.1 200 OK"
2026-06-18 12:14:25 | INFO    | httpx | HTTP Request: POST https://openrouter.ai/api/v1/chat/completions "HTTP/1.1 200 OK"
2026-06-18 12:14:25 | INFO    | httpx | HTTP Request: POST https://openrouter.ai/api/v1/chat/completions "HTTP/1.1 200 OK"
2026-06-18 12:14:25 | INFO    | httpx | HTTP Request: POST https://openrouter.ai/api/v1/chat/completions "HTTP/1.1 200 OK"
2026-06-18 12:14:25 | INFO    | httpx | HTTP Request: POST https://openrouter.ai/api/v1/chat/completions "HTTP/1.1 200 OK"
2026-06-18 12:14:26 | INFO    | httpx | HTTP Request: POST https://openrouter.ai/api/v1/chat/completions "HTTP/1.1 200 OK"
2026-06-18 12:14:26 | INFO    | httpx | HTTP Request: POST https://openrouter.ai/api/v1/chat/completions "HTTP/1.1 200 OK"
2026-06-18 12:14:26 | INFO    | httpx | HTTP Request: POST https://openrouter.ai/api/v1/chat/completions "HTTP/1.1 200 OK"
2026-06-18 12:14:26 | INFO    | httpx | HTTP Request: POST https://openrouter.ai/api/v1/chat/completions "HTTP/1.1 200 OK"
2026-06-18 12:14:26 | INFO    | httpx | HTTP Request: POST https://openrouter.ai/api/v1/chat/completions "HTTP/1.1 200 OK"
2026-06-18 12:14:26 | INFO    | httpx | HTTP Request: POST https://openrouter.ai/api/v1/chat/completions "HTTP/1.1 200 OK"
2026-06-18 12:14:26 | INFO    | httpx | HTTP Request: POST https://openrouter.ai/api/v1/chat/completions "HTTP/1.1 200 OK"
2026-06-18 12:14:26 | INFO    | httpx | HTTP Request: POST https://openrouter.ai/api/v1/chat/completions "HTTP/1.1 200 OK"
2026-06-18 12:14:26 | INFO    | httpx | HTTP Request: POST https://openrouter.ai/api/v1/chat/completions "HTTP/1.1 200 OK"
2026-06-18 12:14:26 | INFO    | httpx | HTTP Request: POST https://openrouter.ai/api/v1/chat/completions "HTTP/1.1 200 OK"
2026-06-18 12:14:27 | INFO    | httpx | HTTP Request: POST https://openrouter.ai/api/v1/chat/completions "HTTP/1.1 200 OK"
2026-06-18 12:14:27 | INFO    | httpx | HTTP Request: POST https://openrouter.ai/api/v1/chat/completions "HTTP/1.1 200 OK"
2026-06-18 12:14:27 | INFO    | httpx | HTTP Request: POST https://openrouter.ai/api/v1/chat/completions "HTTP/1.1 200 OK"
2026-06-18 12:14:27 | INFO    | httpx | HTTP Request: POST https://openrouter.ai/api/v1/chat/completions "HTTP/1.1 403 Forbidden"
2026-06-18 12:14:27 | WARNING | src.interpret | Судья: ошибка на ответе #57: Error code: 403 - {'error': {'message': 'Provider returned error', 'code': 403, 'metadata': {'raw': '{"error":{"code":"unsupported_country_region_territory","message":"Country, region, or territory not supported","param":null,"type":"request_forbidden"}}', 'provider_name': 'OpenAI', 'is_byok': False, 'previous_errors': [{'code': 400, 'message': 'Provider returned error', 'provider_name': 'Azure', 'raw': '{"error":{"message":"The response was filtered due to the prompt triggering Azure OpenAI\'s content management policy. Please modify your prompt and retry. To learn more about our content filtering policies please read our documentation: https://go.microsoft.com/fwlink/?linkid=2198766","type":null,"param":"prompt","code":"content_filter","status":400,"innererror":{"code":"ResponsibleAIPolicyViolation","content_filter_result":{"hate":{"filtered":false,"severity":"safe"},"jailbreak":{"detected":true,"filtered":true},"self_harm":{"filtered":false,"severity":"safe"},"sexual":{"filtered":false,"severity":"safe"},"violence":{"filtered":false,"severity":"safe"}}}}}'}]}}, 'user_id': 'user_3D1saQ7udEkOIGIngw6fRx2sO8l'}
2026-06-18 12:14:27 | INFO    | httpx | HTTP Request: POST https://openrouter.ai/api/v1/chat/completions "HTTP/1.1 200 OK"
2026-06-18 12:14:27 | INFO    | httpx | HTTP Request: POST https://openrouter.ai/api/v1/chat/completions "HTTP/1.1 200 OK"
2026-06-18 12:14:27 | INFO    | httpx | HTTP Request: POST https://openrouter.ai/api/v1/chat/completions "HTTP/1.1 200 OK"
2026-06-18 12:14:27 | INFO    | httpx | HTTP Request: POST https://openrouter.ai/api/v1/chat/completions "HTTP/1.1 200 OK"
2026-06-18 12:14:27 | INFO    | httpx | HTTP Request: POST https://openrouter.ai/api/v1/chat/completions "HTTP/1.1 200 OK"
2026-06-18 12:14:27 | INFO    | httpx | HTTP Request: POST https://openrouter.ai/api/v1/chat/completions "HTTP/1.1 200 OK"
2026-06-18 12:14:27 | INFO    | httpx | HTTP Request: POST https://openrouter.ai/api/v1/chat/completions "HTTP/1.1 200 OK"
2026-06-18 12:14:27 | INFO    | httpx | HTTP Request: POST https://openrouter.ai/api/v1/chat/completions "HTTP/1.1 200 OK"
2026-06-18 12:14:28 | INFO    | httpx | HTTP Request: POST https://openrouter.ai/api/v1/chat/completions "HTTP/1.1 200 OK"
2026-06-18 12:14:28 | INFO    | httpx | HTTP Request: POST https://openrouter.ai/api/v1/chat/completions "HTTP/1.1 200 OK"
2026-06-18 12:14:28 | INFO    | httpx | HTTP Request: POST https://openrouter.ai/api/v1/chat/completions "HTTP/1.1 200 OK"
2026-06-18 12:14:28 | INFO    | httpx | HTTP Request: POST https://openrouter.ai/api/v1/chat/completions "HTTP/1.1 403 Forbidden"
2026-06-18 12:14:28 | WARNING | src.interpret | Судья: ошибка на ответе #71: Error code: 403 - {'error': {'message': 'Provider returned error', 'code': 403, 'metadata': {'raw': '{"error":{"code":"unsupported_country_region_territory","message":"Country, region, or territory not supported","param":null,"type":"request_forbidden"}}', 'provider_name': 'OpenAI', 'is_byok': False, 'previous_errors': [{'code': 400, 'message': 'Provider returned error', 'provider_name': 'Azure', 'raw': '{"error":{"message":"The response was filtered due to the prompt triggering Azure OpenAI\'s content management policy. Please modify your prompt and retry. To learn more about our content filtering policies please read our documentation: https://go.microsoft.com/fwlink/?linkid=2198766","type":null,"param":"prompt","code":"content_filter","status":400,"innererror":{"code":"ResponsibleAIPolicyViolation","content_filter_result":{"hate":{"filtered":false,"severity":"safe"},"jailbreak":{"detected":true,"filtered":true},"self_harm":{"filtered":false,"severity":"safe"},"sexual":{"filtered":false,"severity":"safe"},"violence":{"filtered":false,"severity":"safe"}}}}}'}]}}, 'user_id': 'user_3D1saQ7udEkOIGIngw6fRx2sO8l'}
2026-06-18 12:14:28 | INFO    | httpx | HTTP Request: POST https://openrouter.ai/api/v1/chat/completions "HTTP/1.1 200 OK"
2026-06-18 12:14:28 | INFO    | httpx | HTTP Request: POST https://openrouter.ai/api/v1/chat/completions "HTTP/1.1 200 OK"
2026-06-18 12:14:28 | INFO    | httpx | HTTP Request: POST https://openrouter.ai/api/v1/chat/completions "HTTP/1.1 200 OK"
2026-06-18 12:14:28 | INFO    | httpx | HTTP Request: POST https://openrouter.ai/api/v1/chat/completions "HTTP/1.1 200 OK"
2026-06-18 12:14:28 | INFO    | httpx | HTTP Request: POST https://openrouter.ai/api/v1/chat/completions "HTTP/1.1 200 OK"
2026-06-18 12:14:28 | INFO    | httpx | HTTP Request: POST https://openrouter.ai/api/v1/chat/completions "HTTP/1.1 200 OK"
2026-06-18 12:14:29 | INFO    | httpx | HTTP Request: POST https://openrouter.ai/api/v1/chat/completions "HTTP/1.1 200 OK"
2026-06-18 12:14:29 | INFO    | httpx | HTTP Request: POST https://openrouter.ai/api/v1/chat/completions "HTTP/1.1 200 OK"
2026-06-18 12:14:29 | INFO    | httpx | HTTP Request: POST https://openrouter.ai/api/v1/chat/completions "HTTP/1.1 200 OK"
2026-06-18 12:14:29 | INFO    | httpx | HTTP Request: POST https://openrouter.ai/api/v1/chat/completions "HTTP/1.1 200 OK"
2026-06-18 12:14:29 | INFO    | httpx | HTTP Request: POST https://openrouter.ai/api/v1/chat/completions "HTTP/1.1 200 OK"
2026-06-18 12:14:29 | INFO    | httpx | HTTP Request: POST https://openrouter.ai/api/v1/chat/completions "HTTP/1.1 200 OK"
2026-06-18 12:14:29 | INFO    | httpx | HTTP Request: POST https://openrouter.ai/api/v1/chat/completions "HTTP/1.1 200 OK"
2026-06-18 12:14:29 | INFO    | httpx | HTTP Request: POST https://openrouter.ai/api/v1/chat/completions "HTTP/1.1 200 OK"
2026-06-18 12:14:29 | INFO    | httpx | HTTP Request: POST https://openrouter.ai/api/v1/chat/completions "HTTP/1.1 200 OK"
2026-06-18 12:14:29 | INFO    | httpx | HTTP Request: POST https://openrouter.ai/api/v1/chat/completions "HTTP/1.1 200 OK"
2026-06-18 12:14:30 | INFO    | httpx | HTTP Request: POST https://openrouter.ai/api/v1/chat/completions "HTTP/1.1 200 OK"
2026-06-18 12:14:30 | INFO    | httpx | HTTP Request: POST https://openrouter.ai/api/v1/chat/completions "HTTP/1.1 200 OK"
2026-06-18 12:14:30 | INFO    | httpx | HTTP Request: POST https://openrouter.ai/api/v1/chat/completions "HTTP/1.1 200 OK"
2026-06-18 12:14:30 | INFO    | httpx | HTTP Request: POST https://openrouter.ai/api/v1/chat/completions "HTTP/1.1 200 OK"
2026-06-18 12:14:30 | INFO    | httpx | HTTP Request: POST https://openrouter.ai/api/v1/chat/completions "HTTP/1.1 200 OK"
2026-06-18 12:14:30 | INFO    | httpx | HTTP Request: POST https://openrouter.ai/api/v1/chat/completions "HTTP/1.1 200 OK"
2026-06-18 12:14:30 | INFO    | httpx | HTTP Request: POST https://openrouter.ai/api/v1/chat/completions "HTTP/1.1 200 OK"
2026-06-18 12:14:30 | INFO    | httpx | HTTP Request: POST https://openrouter.ai/api/v1/chat/completions "HTTP/1.1 200 OK"
2026-06-18 12:14:30 | INFO    | httpx | HTTP Request: POST https://openrouter.ai/api/v1/chat/completions "HTTP/1.1 200 OK"
2026-06-18 12:14:30 | INFO    | httpx | HTTP Request: POST https://openrouter.ai/api/v1/chat/completions "HTTP/1.1 200 OK"
2026-06-18 12:14:31 | INFO    | httpx | HTTP Request: POST https://openrouter.ai/api/v1/chat/completions "HTTP/1.1 200 OK"
2026-06-18 12:14:31 | INFO    | httpx | HTTP Request: POST https://openrouter.ai/api/v1/chat/completions "HTTP/1.1 200 OK"
2026-06-18 12:14:31 | INFO    | httpx | HTTP Request: POST https://openrouter.ai/api/v1/chat/completions "HTTP/1.1 200 OK"
2026-06-18 12:14:31 | INFO    | httpx | HTTP Request: POST https://openrouter.ai/api/v1/chat/completions "HTTP/1.1 200 OK"
2026-06-18 12:14:31 | INFO    | httpx | HTTP Request: POST https://openrouter.ai/api/v1/chat/completions "HTTP/1.1 200 OK"
2026-06-18 12:14:31 | INFO    | httpx | HTTP Request: POST https://openrouter.ai/api/v1/chat/completions "HTTP/1.1 200 OK"
2026-06-18 12:14:31 | INFO    | httpx | HTTP Request: POST https://openrouter.ai/api/v1/chat/completions "HTTP/1.1 200 OK"
2026-06-18 12:14:31 | INFO    | httpx | HTTP Request: POST https://openrouter.ai/api/v1/chat/completions "HTTP/1.1 200 OK"
2026-06-18 12:14:31 | INFO    | httpx | HTTP Request: POST https://openrouter.ai/api/v1/chat/completions "HTTP/1.1 200 OK"
2026-06-18 12:14:32 | INFO    | httpx | HTTP Request: POST https://openrouter.ai/api/v1/chat/completions "HTTP/1.1 200 OK"
2026-06-18 12:14:32 | INFO    | httpx | HTTP Request: POST https://openrouter.ai/api/v1/chat/completions "HTTP/1.1 200 OK"
2026-06-18 12:14:32 | INFO    | httpx | HTTP Request: POST https://openrouter.ai/api/v1/chat/completions "HTTP/1.1 200 OK"
2026-06-18 12:14:32 | INFO    | httpx | HTTP Request: POST https://openrouter.ai/api/v1/chat/completions "HTTP/1.1 200 OK"
2026-06-18 12:14:32 | INFO    | httpx | HTTP Request: POST https://openrouter.ai/api/v1/chat/completions "HTTP/1.1 200 OK"
2026-06-18 12:14:32 | INFO    | httpx | HTTP Request: POST https://openrouter.ai/api/v1/chat/completions "HTTP/1.1 200 OK"
2026-06-18 12:14:32 | INFO    | httpx | HTTP Request: POST https://openrouter.ai/api/v1/chat/completions "HTTP/1.1 200 OK"
2026-06-18 12:14:32 | INFO    | httpx | HTTP Request: POST https://openrouter.ai/api/v1/chat/completions "HTTP/1.1 200 OK"
2026-06-18 12:14:32 | INFO    | httpx | HTTP Request: POST https://openrouter.ai/api/v1/chat/completions "HTTP/1.1 200 OK"
2026-06-18 12:14:32 | INFO    | httpx | HTTP Request: POST https://openrouter.ai/api/v1/chat/completions "HTTP/1.1 200 OK"
2026-06-18 12:14:32 | INFO    | httpx | HTTP Request: POST https://openrouter.ai/api/v1/chat/completions "HTTP/1.1 200 OK"
2026-06-18 12:14:33 | INFO    | httpx | HTTP Request: POST https://openrouter.ai/api/v1/chat/completions "HTTP/1.1 200 OK"
2026-06-18 12:14:33 | INFO    | httpx | HTTP Request: POST https://openrouter.ai/api/v1/chat/completions "HTTP/1.1 200 OK"
2026-06-18 12:14:33 | INFO    | httpx | HTTP Request: POST https://openrouter.ai/api/v1/chat/completions "HTTP/1.1 200 OK"
2026-06-18 12:14:33 | INFO    | httpx | HTTP Request: POST https://openrouter.ai/api/v1/chat/completions "HTTP/1.1 200 OK"
2026-06-18 12:14:33 | INFO    | httpx | HTTP Request: POST https://openrouter.ai/api/v1/chat/completions "HTTP/1.1 200 OK"
2026-06-18 12:14:33 | INFO    | httpx | HTTP Request: POST https://openrouter.ai/api/v1/chat/completions "HTTP/1.1 200 OK"
2026-06-18 12:14:33 | INFO    | httpx | HTTP Request: POST https://openrouter.ai/api/v1/chat/completions "HTTP/1.1 200 OK"
2026-06-18 12:14:33 | INFO    | httpx | HTTP Request: POST https://openrouter.ai/api/v1/chat/completions "HTTP/1.1 200 OK"
2026-06-18 12:14:33 | INFO    | httpx | HTTP Request: POST https://openrouter.ai/api/v1/chat/completions "HTTP/1.1 200 OK"
2026-06-18 12:14:33 | INFO    | httpx | HTTP Request: POST https://openrouter.ai/api/v1/chat/completions "HTTP/1.1 200 OK"
2026-06-18 12:14:34 | INFO    | httpx | HTTP Request: POST https://openrouter.ai/api/v1/chat/completions "HTTP/1.1 200 OK"
2026-06-18 12:14:34 | INFO    | httpx | HTTP Request: POST https://openrouter.ai/api/v1/chat/completions "HTTP/1.1 200 OK"
2026-06-18 12:14:34 | INFO    | httpx | HTTP Request: POST https://openrouter.ai/api/v1/chat/completions "HTTP/1.1 200 OK"
2026-06-18 12:14:34 | INFO    | httpx | HTTP Request: POST https://openrouter.ai/api/v1/chat/completions "HTTP/1.1 200 OK"
2026-06-18 12:14:34 | INFO    | httpx | HTTP Request: POST https://openrouter.ai/api/v1/chat/completions "HTTP/1.1 200 OK"
2026-06-18 12:14:34 | INFO    | httpx | HTTP Request: POST https://openrouter.ai/api/v1/chat/completions "HTTP/1.1 200 OK"
2026-06-18 12:14:34 | INFO    | httpx | HTTP Request: POST https://openrouter.ai/api/v1/chat/completions "HTTP/1.1 200 OK"
2026-06-18 12:14:34 | INFO    | httpx | HTTP Request: POST https://openrouter.ai/api/v1/chat/completions "HTTP/1.1 200 OK"
2026-06-18 12:14:34 | INFO    | httpx | HTTP Request: POST https://openrouter.ai/api/v1/chat/completions "HTTP/1.1 200 OK"
2026-06-18 12:14:34 | INFO    | httpx | HTTP Request: POST https://openrouter.ai/api/v1/chat/completions "HTTP/1.1 200 OK"
2026-06-18 12:14:34 | INFO    | httpx | HTTP Request: POST https://openrouter.ai/api/v1/chat/completions "HTTP/1.1 200 OK"
2026-06-18 12:14:35 | INFO    | httpx | HTTP Request: POST https://openrouter.ai/api/v1/chat/completions "HTTP/1.1 403 Forbidden"
2026-06-18 12:14:35 | WARNING | src.interpret | Судья: ошибка на ответе #134: Error code: 403 - {'error': {'message': 'Provider returned error', 'code': 403, 'metadata': {'raw': '{"error":{"code":"unsupported_country_region_territory","message":"Country, region, or territory not supported","param":null,"type":"request_forbidden"}}', 'provider_name': 'OpenAI', 'is_byok': False, 'previous_errors': [{'code': 400, 'message': 'Provider returned error', 'provider_name': 'Azure', 'raw': '{"error":{"message":"The response was filtered due to the prompt triggering Azure OpenAI\'s content management policy. Please modify your prompt and retry. To learn more about our content filtering policies please read our documentation: https://go.microsoft.com/fwlink/?linkid=2198766","type":null,"param":"prompt","code":"content_filter","status":400,"innererror":{"code":"ResponsibleAIPolicyViolation","content_filter_result":{"hate":{"filtered":false,"severity":"safe"},"jailbreak":{"detected":true,"filtered":true},"self_harm":{"filtered":false,"severity":"safe"},"sexual":{"filtered":false,"severity":"safe"},"violence":{"filtered":false,"severity":"safe"}}}}}'}]}}, 'user_id': 'user_3D1saQ7udEkOIGIngw6fRx2sO8l'}
2026-06-18 12:14:35 | INFO    | httpx | HTTP Request: POST https://openrouter.ai/api/v1/chat/completions "HTTP/1.1 200 OK"
2026-06-18 12:14:35 | INFO    | httpx | HTTP Request: POST https://openrouter.ai/api/v1/chat/completions "HTTP/1.1 200 OK"
2026-06-18 12:14:35 | INFO    | httpx | HTTP Request: POST https://openrouter.ai/api/v1/chat/completions "HTTP/1.1 200 OK"
2026-06-18 12:14:35 | INFO    | httpx | HTTP Request: POST https://openrouter.ai/api/v1/chat/completions "HTTP/1.1 200 OK"
2026-06-18 12:14:35 | INFO    | httpx | HTTP Request: POST https://openrouter.ai/api/v1/chat/completions "HTTP/1.1 200 OK"
2026-06-18 12:14:35 | INFO    | httpx | HTTP Request: POST https://openrouter.ai/api/v1/chat/completions "HTTP/1.1 200 OK"
2026-06-18 12:14:35 | INFO    | httpx | HTTP Request: POST https://openrouter.ai/api/v1/chat/completions "HTTP/1.1 200 OK"
2026-06-18 12:14:35 | INFO    | httpx | HTTP Request: POST https://openrouter.ai/api/v1/chat/completions "HTTP/1.1 200 OK"
2026-06-18 12:14:35 | INFO    | httpx | HTTP Request: POST https://openrouter.ai/api/v1/chat/completions "HTTP/1.1 200 OK"
2026-06-18 12:14:35 | INFO    | httpx | HTTP Request: POST https://openrouter.ai/api/v1/chat/completions "HTTP/1.1 200 OK"
2026-06-18 12:14:35 | INFO    | httpx | HTTP Request: POST https://openrouter.ai/api/v1/chat/completions "HTTP/1.1 200 OK"
2026-06-18 12:14:36 | INFO    | httpx | HTTP Request: POST https://openrouter.ai/api/v1/chat/completions "HTTP/1.1 200 OK"
2026-06-18 12:14:36 | INFO    | httpx | HTTP Request: POST https://openrouter.ai/api/v1/chat/completions "HTTP/1.1 200 OK"
2026-06-18 12:14:36 | INFO    | httpx | HTTP Request: POST https://openrouter.ai/api/v1/chat/completions "HTTP/1.1 200 OK"
2026-06-18 12:14:36 | INFO    | httpx | HTTP Request: POST https://openrouter.ai/api/v1/chat/completions "HTTP/1.1 200 OK"
2026-06-18 12:14:36 | INFO    | httpx | HTTP Request: POST https://openrouter.ai/api/v1/chat/completions "HTTP/1.1 200 OK"
2026-06-18 12:14:36 | INFO    | httpx | HTTP Request: POST https://openrouter.ai/api/v1/chat/completions "HTTP/1.1 200 OK"
2026-06-18 12:14:36 | INFO    | httpx | HTTP Request: POST https://openrouter.ai/api/v1/chat/completions "HTTP/1.1 200 OK"
2026-06-18 12:14:37 | INFO    | httpx | HTTP Request: POST https://openrouter.ai/api/v1/chat/completions "HTTP/1.1 200 OK"
2026-06-18 12:14:37 | INFO    | httpx | HTTP Request: POST https://openrouter.ai/api/v1/chat/completions "HTTP/1.1 200 OK"
2026-06-18 12:14:37 | INFO    | httpx | HTTP Request: POST https://openrouter.ai/api/v1/chat/completions "HTTP/1.1 200 OK"
2026-06-18 12:14:37 | INFO    | httpx | HTTP Request: POST https://openrouter.ai/api/v1/chat/completions "HTTP/1.1 200 OK"
2026-06-18 12:14:37 | INFO    | httpx | HTTP Request: POST https://openrouter.ai/api/v1/chat/completions "HTTP/1.1 200 OK"
2026-06-18 12:14:37 | INFO    | httpx | HTTP Request: POST https://openrouter.ai/api/v1/chat/completions "HTTP/1.1 200 OK"
2026-06-18 12:14:37 | INFO    | httpx | HTTP Request: POST https://openrouter.ai/api/v1/chat/completions "HTTP/1.1 200 OK"
2026-06-18 12:14:37 | INFO    | httpx | HTTP Request: POST https://openrouter.ai/api/v1/chat/completions "HTTP/1.1 200 OK"
2026-06-18 12:14:37 | INFO    | httpx | HTTP Request: POST https://openrouter.ai/api/v1/chat/completions "HTTP/1.1 200 OK"
2026-06-18 12:14:37 | INFO    | httpx | HTTP Request: POST https://openrouter.ai/api/v1/chat/completions "HTTP/1.1 200 OK"
2026-06-18 12:14:37 | INFO    | httpx | HTTP Request: POST https://openrouter.ai/api/v1/chat/completions "HTTP/1.1 200 OK"
2026-06-18 12:14:38 | INFO    | httpx | HTTP Request: POST https://openrouter.ai/api/v1/chat/completions "HTTP/1.1 200 OK"
2026-06-18 12:14:38 | INFO    | httpx | HTTP Request: POST https://openrouter.ai/api/v1/chat/completions "HTTP/1.1 200 OK"
2026-06-18 12:14:38 | INFO    | httpx | HTTP Request: POST https://openrouter.ai/api/v1/chat/completions "HTTP/1.1 200 OK"
2026-06-18 12:14:38 | INFO    | httpx | HTTP Request: POST https://openrouter.ai/api/v1/chat/completions "HTTP/1.1 200 OK"
2026-06-18 12:14:38 | INFO    | httpx | HTTP Request: POST https://openrouter.ai/api/v1/chat/completions "HTTP/1.1 200 OK"
2026-06-18 12:14:38 | INFO    | httpx | HTTP Request: POST https://openrouter.ai/api/v1/chat/completions "HTTP/1.1 200 OK"
2026-06-18 12:14:38 | INFO    | httpx | HTTP Request: POST https://openrouter.ai/api/v1/chat/completions "HTTP/1.1 200 OK"
2026-06-18 12:14:38 | INFO    | httpx | HTTP Request: POST https://openrouter.ai/api/v1/chat/completions "HTTP/1.1 200 OK"
2026-06-18 12:14:39 | INFO    | httpx | HTTP Request: POST https://openrouter.ai/api/v1/chat/completions "HTTP/1.1 200 OK"
2026-06-18 12:14:39 | INFO    | httpx | HTTP Request: POST https://openrouter.ai/api/v1/chat/completions "HTTP/1.1 200 OK"
2026-06-18 12:14:39 | INFO    | httpx | HTTP Request: POST https://openrouter.ai/api/v1/chat/completions "HTTP/1.1 200 OK"
2026-06-18 12:14:39 | INFO    | __main__ |     нейрон 26266 alpha=-463.91: p_yes=0.000 CI=[0.00,0.00] (n=180)
2026-06-18 12:14:39 | INFO    | __main__ | [3/55] нейрон 26266 (yes_trigger) alpha=-231.95 — генерация ...
2026-06-18 12:15:38 | INFO    | __main__ |     ... всего генераций: 672
2026-06-18 12:16:38 | INFO    | __main__ |     ... всего генераций: 684
2026-06-18 12:17:10 | INFO    | __main__ |     ... всего генераций: 690
2026-06-18 12:18:10 | INFO    | __main__ |     ... всего генераций: 702
2026-06-18 12:19:16 | INFO    | __main__ |     ... всего генераций: 714
2026-06-18 12:19:48 | INFO    | __main__ |     ... всего генераций: 720
2026-06-18 12:21:00 | INFO    | __main__ |     ... всего генераций: 732
2026-06-18 12:22:00 | INFO    | __main__ |     ... всего генераций: 744
2026-06-18 12:22:32 | INFO    | __main__ |     ... всего генераций: 750
2026-06-18 12:23:38 | INFO    | __main__ |     ... всего генераций: 762
2026-06-18 12:24:40 | INFO    | __main__ |     ... всего генераций: 774
2026-06-18 12:25:12 | INFO    | __main__ |     ... всего генераций: 780
2026-06-18 12:26:10 | INFO    | __main__ |     ... всего генераций: 792
2026-06-18 12:27:13 | INFO    | __main__ |     ... всего генераций: 804
2026-06-18 12:27:44 | INFO    | __main__ |     ... всего генераций: 810
2026-06-18 12:28:48 | INFO    | __main__ |     ... всего генераций: 822
2026-06-18 12:29:48 | INFO    | __main__ |     ... всего генераций: 834
2026-06-18 12:30:20 | INFO    | __main__ |     ... всего генераций: 840
2026-06-18 12:30:21 | INFO    | httpx | HTTP Request: POST https://openrouter.ai/api/v1/chat/completions "HTTP/1.1 200 OK"
2026-06-18 12:30:21 | INFO    | httpx | HTTP Request: POST https://openrouter.ai/api/v1/chat/completions "HTTP/1.1 200 OK"
2026-06-18 12:30:21 | INFO    | httpx | HTTP Request: POST https://openrouter.ai/api/v1/chat/completions "HTTP/1.1 200 OK"
2026-06-18 12:30:21 | INFO    | httpx | HTTP Request: POST https://openrouter.ai/api/v1/chat/completions "HTTP/1.1 200 OK"
2026-06-18 12:30:21 | INFO    | httpx | HTTP Request: POST https://openrouter.ai/api/v1/chat/completions "HTTP/1.1 200 OK"
2026-06-18 12:30:21 | INFO    | httpx | HTTP Request: POST https://openrouter.ai/api/v1/chat/completions "HTTP/1.1 200 OK"
2026-06-18 12:30:21 | INFO    | httpx | HTTP Request: POST https://openrouter.ai/api/v1/chat/completions "HTTP/1.1 200 OK"
2026-06-18 12:30:21 | INFO    | httpx | HTTP Request: POST https://openrouter.ai/api/v1/chat/completions "HTTP/1.1 200 OK"
2026-06-18 12:30:21 | INFO    | httpx | HTTP Request: POST https://openrouter.ai/api/v1/chat/completions "HTTP/1.1 200 OK"
2026-06-18 12:30:21 | INFO    | httpx | HTTP Request: POST https://openrouter.ai/api/v1/chat/completions "HTTP/1.1 200 OK"
2026-06-18 12:30:21 | INFO    | httpx | HTTP Request: POST https://openrouter.ai/api/v1/chat/completions "HTTP/1.1 200 OK"
2026-06-18 12:30:21 | INFO    | httpx | HTTP Request: POST https://openrouter.ai/api/v1/chat/completions "HTTP/1.1 200 OK"
2026-06-18 12:30:21 | INFO    | httpx | HTTP Request: POST https://openrouter.ai/api/v1/chat/completions "HTTP/1.1 200 OK"
2026-06-18 12:30:21 | INFO    | httpx | HTTP Request: POST https://openrouter.ai/api/v1/chat/completions "HTTP/1.1 200 OK"
2026-06-18 12:30:22 | INFO    | httpx | HTTP Request: POST https://openrouter.ai/api/v1/chat/completions "HTTP/1.1 200 OK"
2026-06-18 12:30:22 | INFO    | httpx | HTTP Request: POST https://openrouter.ai/api/v1/chat/completions "HTTP/1.1 200 OK"
2026-06-18 12:30:22 | INFO    | httpx | HTTP Request: POST https://openrouter.ai/api/v1/chat/completions "HTTP/1.1 200 OK"
2026-06-18 12:30:22 | INFO    | httpx | HTTP Request: POST https://openrouter.ai/api/v1/chat/completions "HTTP/1.1 200 OK"
2026-06-18 12:30:22 | INFO    | httpx | HTTP Request: POST https://openrouter.ai/api/v1/chat/completions "HTTP/1.1 200 OK"
2026-06-18 12:30:22 | INFO    | httpx | HTTP Request: POST https://openrouter.ai/api/v1/chat/completions "HTTP/1.1 200 OK"
2026-06-18 12:30:22 | INFO    | httpx | HTTP Request: POST https://openrouter.ai/api/v1/chat/completions "HTTP/1.1 200 OK"
2026-06-18 12:30:22 | INFO    | httpx | HTTP Request: POST https://openrouter.ai/api/v1/chat/completions "HTTP/1.1 200 OK"
2026-06-18 12:30:23 | INFO    | httpx | HTTP Request: POST https://openrouter.ai/api/v1/chat/completions "HTTP/1.1 200 OK"
2026-06-18 12:30:23 | INFO    | httpx | HTTP Request: POST https://openrouter.ai/api/v1/chat/completions "HTTP/1.1 200 OK"
2026-06-18 12:30:23 | INFO    | httpx | HTTP Request: POST https://openrouter.ai/api/v1/chat/completions "HTTP/1.1 200 OK"
2026-06-18 12:30:23 | INFO    | httpx | HTTP Request: POST https://openrouter.ai/api/v1/chat/completions "HTTP/1.1 200 OK"
2026-06-18 12:30:23 | INFO    | httpx | HTTP Request: POST https://openrouter.ai/api/v1/chat/completions "HTTP/1.1 200 OK"
2026-06-18 12:30:23 | INFO    | httpx | HTTP Request: POST https://openrouter.ai/api/v1/chat/completions "HTTP/1.1 200 OK"
2026-06-18 12:30:23 | INFO    | httpx | HTTP Request: POST https://openrouter.ai/api/v1/chat/completions "HTTP/1.1 200 OK"
2026-06-18 12:30:23 | INFO    | httpx | HTTP Request: POST https://openrouter.ai/api/v1/chat/completions "HTTP/1.1 200 OK"
2026-06-18 12:30:23 | INFO    | httpx | HTTP Request: POST https://openrouter.ai/api/v1/chat/completions "HTTP/1.1 200 OK"
2026-06-18 12:30:23 | INFO    | httpx | HTTP Request: POST https://openrouter.ai/api/v1/chat/completions "HTTP/1.1 200 OK"
2026-06-18 12:30:24 | INFO    | httpx | HTTP Request: POST https://openrouter.ai/api/v1/chat/completions "HTTP/1.1 200 OK"
2026-06-18 12:30:24 | INFO    | httpx | HTTP Request: POST https://openrouter.ai/api/v1/chat/completions "HTTP/1.1 200 OK"
2026-06-18 12:30:24 | INFO    | httpx | HTTP Request: POST https://openrouter.ai/api/v1/chat/completions "HTTP/1.1 200 OK"
2026-06-18 12:30:24 | INFO    | httpx | HTTP Request: POST https://openrouter.ai/api/v1/chat/completions "HTTP/1.1 200 OK"
2026-06-18 12:30:24 | INFO    | httpx | HTTP Request: POST https://openrouter.ai/api/v1/chat/completions "HTTP/1.1 200 OK"
2026-06-18 12:30:24 | INFO    | httpx | HTTP Request: POST https://openrouter.ai/api/v1/chat/completions "HTTP/1.1 200 OK"
2026-06-18 12:30:24 | INFO    | httpx | HTTP Request: POST https://openrouter.ai/api/v1/chat/completions "HTTP/1.1 200 OK"
2026-06-18 12:30:24 | INFO    | httpx | HTTP Request: POST https://openrouter.ai/api/v1/chat/completions "HTTP/1.1 200 OK"
2026-06-18 12:30:24 | INFO    | httpx | HTTP Request: POST https://openrouter.ai/api/v1/chat/completions "HTTP/1.1 200 OK"
2026-06-18 12:30:24 | INFO    | httpx | HTTP Request: POST https://openrouter.ai/api/v1/chat/completions "HTTP/1.1 200 OK"
2026-06-18 12:30:24 | INFO    | httpx | HTTP Request: POST https://openrouter.ai/api/v1/chat/completions "HTTP/1.1 200 OK"
2026-06-18 12:30:24 | INFO    | httpx | HTTP Request: POST https://openrouter.ai/api/v1/chat/completions "HTTP/1.1 200 OK"
2026-06-18 12:30:25 | INFO    | httpx | HTTP Request: POST https://openrouter.ai/api/v1/chat/completions "HTTP/1.1 200 OK"
2026-06-18 12:30:25 | INFO    | httpx | HTTP Request: POST https://openrouter.ai/api/v1/chat/completions "HTTP/1.1 200 OK"
2026-06-18 12:30:25 | INFO    | httpx | HTTP Request: POST https://openrouter.ai/api/v1/chat/completions "HTTP/1.1 200 OK"
2026-06-18 12:30:25 | INFO    | httpx | HTTP Request: POST https://openrouter.ai/api/v1/chat/completions "HTTP/1.1 200 OK"
2026-06-18 12:30:25 | INFO    | httpx | HTTP Request: POST https://openrouter.ai/api/v1/chat/completions "HTTP/1.1 200 OK"
2026-06-18 12:30:25 | INFO    | httpx | HTTP Request: POST https://openrouter.ai/api/v1/chat/completions "HTTP/1.1 200 OK"
2026-06-18 12:30:25 | INFO    | httpx | HTTP Request: POST https://openrouter.ai/api/v1/chat/completions "HTTP/1.1 200 OK"
2026-06-18 12:30:25 | INFO    | httpx | HTTP Request: POST https://openrouter.ai/api/v1/chat/completions "HTTP/1.1 200 OK"
2026-06-18 12:30:25 | INFO    | httpx | HTTP Request: POST https://openrouter.ai/api/v1/chat/completions "HTTP/1.1 200 OK"
2026-06-18 12:30:25 | INFO    | httpx | HTTP Request: POST https://openrouter.ai/api/v1/chat/completions "HTTP/1.1 200 OK"
2026-06-18 12:30:26 | INFO    | httpx | HTTP Request: POST https://openrouter.ai/api/v1/chat/completions "HTTP/1.1 200 OK"
2026-06-18 12:30:26 | INFO    | httpx | HTTP Request: POST https://openrouter.ai/api/v1/chat/completions "HTTP/1.1 200 OK"
2026-06-18 12:30:26 | INFO    | httpx | HTTP Request: POST https://openrouter.ai/api/v1/chat/completions "HTTP/1.1 200 OK"
2026-06-18 12:30:26 | INFO    | httpx | HTTP Request: POST https://openrouter.ai/api/v1/chat/completions "HTTP/1.1 200 OK"
2026-06-18 12:30:26 | INFO    | httpx | HTTP Request: POST https://openrouter.ai/api/v1/chat/completions "HTTP/1.1 200 OK"
2026-06-18 12:30:26 | INFO    | httpx | HTTP Request: POST https://openrouter.ai/api/v1/chat/completions "HTTP/1.1 200 OK"
2026-06-18 12:30:26 | INFO    | httpx | HTTP Request: POST https://openrouter.ai/api/v1/chat/completions "HTTP/1.1 200 OK"
2026-06-18 12:30:26 | INFO    | httpx | HTTP Request: POST https://openrouter.ai/api/v1/chat/completions "HTTP/1.1 200 OK"
2026-06-18 12:30:26 | INFO    | httpx | HTTP Request: POST https://openrouter.ai/api/v1/chat/completions "HTTP/1.1 200 OK"
2026-06-18 12:30:26 | INFO    | httpx | HTTP Request: POST https://openrouter.ai/api/v1/chat/completions "HTTP/1.1 200 OK"
2026-06-18 12:30:26 | INFO    | httpx | HTTP Request: POST https://openrouter.ai/api/v1/chat/completions "HTTP/1.1 200 OK"
2026-06-18 12:30:27 | INFO    | httpx | HTTP Request: POST https://openrouter.ai/api/v1/chat/completions "HTTP/1.1 200 OK"
2026-06-18 12:30:27 | INFO    | httpx | HTTP Request: POST https://openrouter.ai/api/v1/chat/completions "HTTP/1.1 200 OK"
2026-06-18 12:30:27 | INFO    | httpx | HTTP Request: POST https://openrouter.ai/api/v1/chat/completions "HTTP/1.1 200 OK"
2026-06-18 12:30:27 | INFO    | httpx | HTTP Request: POST https://openrouter.ai/api/v1/chat/completions "HTTP/1.1 200 OK"
2026-06-18 12:30:27 | INFO    | httpx | HTTP Request: POST https://openrouter.ai/api/v1/chat/completions "HTTP/1.1 200 OK"
2026-06-18 12:30:27 | INFO    | httpx | HTTP Request: POST https://openrouter.ai/api/v1/chat/completions "HTTP/1.1 200 OK"
2026-06-18 12:30:27 | INFO    | httpx | HTTP Request: POST https://openrouter.ai/api/v1/chat/completions "HTTP/1.1 200 OK"
2026-06-18 12:30:27 | INFO    | httpx | HTTP Request: POST https://openrouter.ai/api/v1/chat/completions "HTTP/1.1 200 OK"
2026-06-18 12:30:27 | INFO    | httpx | HTTP Request: POST https://openrouter.ai/api/v1/chat/completions "HTTP/1.1 200 OK"
2026-06-18 12:30:27 | INFO    | httpx | HTTP Request: POST https://openrouter.ai/api/v1/chat/completions "HTTP/1.1 200 OK"
2026-06-18 12:30:27 | INFO    | httpx | HTTP Request: POST https://openrouter.ai/api/v1/chat/completions "HTTP/1.1 200 OK"
2026-06-18 12:30:27 | INFO    | httpx | HTTP Request: POST https://openrouter.ai/api/v1/chat/completions "HTTP/1.1 200 OK"
2026-06-18 12:30:28 | INFO    | httpx | HTTP Request: POST https://openrouter.ai/api/v1/chat/completions "HTTP/1.1 200 OK"
2026-06-18 12:30:28 | INFO    | httpx | HTTP Request: POST https://openrouter.ai/api/v1/chat/completions "HTTP/1.1 200 OK"
2026-06-18 12:30:28 | INFO    | httpx | HTTP Request: POST https://openrouter.ai/api/v1/chat/completions "HTTP/1.1 200 OK"
2026-06-18 12:30:28 | INFO    | httpx | HTTP Request: POST https://openrouter.ai/api/v1/chat/completions "HTTP/1.1 200 OK"
2026-06-18 12:30:28 | INFO    | httpx | HTTP Request: POST https://openrouter.ai/api/v1/chat/completions "HTTP/1.1 200 OK"
2026-06-18 12:30:28 | INFO    | httpx | HTTP Request: POST https://openrouter.ai/api/v1/chat/completions "HTTP/1.1 200 OK"
2026-06-18 12:30:28 | INFO    | httpx | HTTP Request: POST https://openrouter.ai/api/v1/chat/completions "HTTP/1.1 200 OK"
2026-06-18 12:30:28 | INFO    | httpx | HTTP Request: POST https://openrouter.ai/api/v1/chat/completions "HTTP/1.1 200 OK"
2026-06-18 12:30:28 | INFO    | httpx | HTTP Request: POST https://openrouter.ai/api/v1/chat/completions "HTTP/1.1 200 OK"
2026-06-18 12:30:28 | INFO    | httpx | HTTP Request: POST https://openrouter.ai/api/v1/chat/completions "HTTP/1.1 200 OK"
2026-06-18 12:30:28 | INFO    | httpx | HTTP Request: POST https://openrouter.ai/api/v1/chat/completions "HTTP/1.1 200 OK"
2026-06-18 12:30:29 | INFO    | httpx | HTTP Request: POST https://openrouter.ai/api/v1/chat/completions "HTTP/1.1 200 OK"
2026-06-18 12:30:29 | INFO    | httpx | HTTP Request: POST https://openrouter.ai/api/v1/chat/completions "HTTP/1.1 200 OK"
2026-06-18 12:30:29 | INFO    | httpx | HTTP Request: POST https://openrouter.ai/api/v1/chat/completions "HTTP/1.1 200 OK"
2026-06-18 12:30:29 | INFO    | httpx | HTTP Request: POST https://openrouter.ai/api/v1/chat/completions "HTTP/1.1 200 OK"
2026-06-18 12:30:29 | INFO    | httpx | HTTP Request: POST https://openrouter.ai/api/v1/chat/completions "HTTP/1.1 200 OK"
2026-06-18 12:30:29 | INFO    | httpx | HTTP Request: POST https://openrouter.ai/api/v1/chat/completions "HTTP/1.1 200 OK"
2026-06-18 12:30:29 | INFO    | httpx | HTTP Request: POST https://openrouter.ai/api/v1/chat/completions "HTTP/1.1 200 OK"
2026-06-18 12:30:29 | INFO    | httpx | HTTP Request: POST https://openrouter.ai/api/v1/chat/completions "HTTP/1.1 200 OK"
2026-06-18 12:30:29 | INFO    | httpx | HTTP Request: POST https://openrouter.ai/api/v1/chat/completions "HTTP/1.1 200 OK"
2026-06-18 12:30:29 | INFO    | httpx | HTTP Request: POST https://openrouter.ai/api/v1/chat/completions "HTTP/1.1 200 OK"
2026-06-18 12:30:29 | INFO    | httpx | HTTP Request: POST https://openrouter.ai/api/v1/chat/completions "HTTP/1.1 200 OK"
2026-06-18 12:30:29 | INFO    | httpx | HTTP Request: POST https://openrouter.ai/api/v1/chat/completions "HTTP/1.1 200 OK"
2026-06-18 12:30:30 | INFO    | httpx | HTTP Request: POST https://openrouter.ai/api/v1/chat/completions "HTTP/1.1 200 OK"
2026-06-18 12:30:30 | INFO    | httpx | HTTP Request: POST https://openrouter.ai/api/v1/chat/completions "HTTP/1.1 200 OK"
2026-06-18 12:30:30 | INFO    | httpx | HTTP Request: POST https://openrouter.ai/api/v1/chat/completions "HTTP/1.1 200 OK"
2026-06-18 12:30:30 | INFO    | httpx | HTTP Request: POST https://openrouter.ai/api/v1/chat/completions "HTTP/1.1 200 OK"
2026-06-18 12:30:30 | INFO    | httpx | HTTP Request: POST https://openrouter.ai/api/v1/chat/completions "HTTP/1.1 200 OK"
2026-06-18 12:30:30 | INFO    | httpx | HTTP Request: POST https://openrouter.ai/api/v1/chat/completions "HTTP/1.1 200 OK"
2026-06-18 12:30:30 | INFO    | httpx | HTTP Request: POST https://openrouter.ai/api/v1/chat/completions "HTTP/1.1 200 OK"
2026-06-18 12:30:30 | INFO    | httpx | HTTP Request: POST https://openrouter.ai/api/v1/chat/completions "HTTP/1.1 200 OK"
2026-06-18 12:30:30 | INFO    | httpx | HTTP Request: POST https://openrouter.ai/api/v1/chat/completions "HTTP/1.1 200 OK"
2026-06-18 12:30:31 | INFO    | httpx | HTTP Request: POST https://openrouter.ai/api/v1/chat/completions "HTTP/1.1 200 OK"
2026-06-18 12:30:31 | INFO    | httpx | HTTP Request: POST https://openrouter.ai/api/v1/chat/completions "HTTP/1.1 200 OK"
2026-06-18 12:30:31 | INFO    | httpx | HTTP Request: POST https://openrouter.ai/api/v1/chat/completions "HTTP/1.1 200 OK"
2026-06-18 12:30:31 | INFO    | httpx | HTTP Request: POST https://openrouter.ai/api/v1/chat/completions "HTTP/1.1 200 OK"
2026-06-18 12:30:31 | INFO    | httpx | HTTP Request: POST https://openrouter.ai/api/v1/chat/completions "HTTP/1.1 200 OK"
2026-06-18 12:30:31 | INFO    | httpx | HTTP Request: POST https://openrouter.ai/api/v1/chat/completions "HTTP/1.1 200 OK"
2026-06-18 12:30:31 | INFO    | httpx | HTTP Request: POST https://openrouter.ai/api/v1/chat/completions "HTTP/1.1 200 OK"
2026-06-18 12:30:31 | INFO    | httpx | HTTP Request: POST https://openrouter.ai/api/v1/chat/completions "HTTP/1.1 200 OK"
2026-06-18 12:30:32 | INFO    | httpx | HTTP Request: POST https://openrouter.ai/api/v1/chat/completions "HTTP/1.1 200 OK"
2026-06-18 12:30:32 | INFO    | httpx | HTTP Request: POST https://openrouter.ai/api/v1/chat/completions "HTTP/1.1 200 OK"
2026-06-18 12:30:32 | INFO    | httpx | HTTP Request: POST https://openrouter.ai/api/v1/chat/completions "HTTP/1.1 200 OK"
2026-06-18 12:30:32 | INFO    | httpx | HTTP Request: POST https://openrouter.ai/api/v1/chat/completions "HTTP/1.1 200 OK"
2026-06-18 12:30:32 | INFO    | httpx | HTTP Request: POST https://openrouter.ai/api/v1/chat/completions "HTTP/1.1 200 OK"
2026-06-18 12:30:32 | INFO    | httpx | HTTP Request: POST https://openrouter.ai/api/v1/chat/completions "HTTP/1.1 200 OK"
2026-06-18 12:30:32 | INFO    | httpx | HTTP Request: POST https://openrouter.ai/api/v1/chat/completions "HTTP/1.1 200 OK"
2026-06-18 12:30:32 | INFO    | httpx | HTTP Request: POST https://openrouter.ai/api/v1/chat/completions "HTTP/1.1 200 OK"
2026-06-18 12:30:32 | INFO    | httpx | HTTP Request: POST https://openrouter.ai/api/v1/chat/completions "HTTP/1.1 200 OK"
2026-06-18 12:30:32 | INFO    | httpx | HTTP Request: POST https://openrouter.ai/api/v1/chat/completions "HTTP/1.1 200 OK"
2026-06-18 12:30:32 | INFO    | httpx | HTTP Request: POST https://openrouter.ai/api/v1/chat/completions "HTTP/1.1 200 OK"
2026-06-18 12:30:33 | INFO    | httpx | HTTP Request: POST https://openrouter.ai/api/v1/chat/completions "HTTP/1.1 200 OK"
2026-06-18 12:30:33 | INFO    | httpx | HTTP Request: POST https://openrouter.ai/api/v1/chat/completions "HTTP/1.1 200 OK"
2026-06-18 12:30:33 | INFO    | httpx | HTTP Request: POST https://openrouter.ai/api/v1/chat/completions "HTTP/1.1 200 OK"
2026-06-18 12:30:33 | INFO    | httpx | HTTP Request: POST https://openrouter.ai/api/v1/chat/completions "HTTP/1.1 200 OK"
2026-06-18 12:30:33 | INFO    | httpx | HTTP Request: POST https://openrouter.ai/api/v1/chat/completions "HTTP/1.1 200 OK"
2026-06-18 12:30:33 | INFO    | httpx | HTTP Request: POST https://openrouter.ai/api/v1/chat/completions "HTTP/1.1 200 OK"
2026-06-18 12:30:33 | INFO    | httpx | HTTP Request: POST https://openrouter.ai/api/v1/chat/completions "HTTP/1.1 200 OK"
2026-06-18 12:30:33 | INFO    | httpx | HTTP Request: POST https://openrouter.ai/api/v1/chat/completions "HTTP/1.1 200 OK"
2026-06-18 12:30:33 | INFO    | httpx | HTTP Request: POST https://openrouter.ai/api/v1/chat/completions "HTTP/1.1 200 OK"
2026-06-18 12:30:33 | INFO    | httpx | HTTP Request: POST https://openrouter.ai/api/v1/chat/completions "HTTP/1.1 200 OK"
2026-06-18 12:30:33 | INFO    | httpx | HTTP Request: POST https://openrouter.ai/api/v1/chat/completions "HTTP/1.1 200 OK"
2026-06-18 12:30:33 | INFO    | httpx | HTTP Request: POST https://openrouter.ai/api/v1/chat/completions "HTTP/1.1 200 OK"
2026-06-18 12:30:34 | INFO    | httpx | HTTP Request: POST https://openrouter.ai/api/v1/chat/completions "HTTP/1.1 200 OK"
2026-06-18 12:30:34 | INFO    | httpx | HTTP Request: POST https://openrouter.ai/api/v1/chat/completions "HTTP/1.1 200 OK"
2026-06-18 12:30:34 | INFO    | httpx | HTTP Request: POST https://openrouter.ai/api/v1/chat/completions "HTTP/1.1 200 OK"
2026-06-18 12:30:34 | INFO    | httpx | HTTP Request: POST https://openrouter.ai/api/v1/chat/completions "HTTP/1.1 200 OK"
2026-06-18 12:30:34 | INFO    | httpx | HTTP Request: POST https://openrouter.ai/api/v1/chat/completions "HTTP/1.1 200 OK"
2026-06-18 12:30:34 | INFO    | httpx | HTTP Request: POST https://openrouter.ai/api/v1/chat/completions "HTTP/1.1 200 OK"
2026-06-18 12:30:34 | INFO    | httpx | HTTP Request: POST https://openrouter.ai/api/v1/chat/completions "HTTP/1.1 200 OK"
2026-06-18 12:30:34 | INFO    | httpx | HTTP Request: POST https://openrouter.ai/api/v1/chat/completions "HTTP/1.1 200 OK"
2026-06-18 12:30:34 | INFO    | httpx | HTTP Request: POST https://openrouter.ai/api/v1/chat/completions "HTTP/1.1 200 OK"
2026-06-18 12:30:35 | INFO    | httpx | HTTP Request: POST https://openrouter.ai/api/v1/chat/completions "HTTP/1.1 200 OK"
2026-06-18 12:30:35 | INFO    | httpx | HTTP Request: POST https://openrouter.ai/api/v1/chat/completions "HTTP/1.1 200 OK"
2026-06-18 12:30:35 | INFO    | httpx | HTTP Request: POST https://openrouter.ai/api/v1/chat/completions "HTTP/1.1 200 OK"
2026-06-18 12:30:35 | INFO    | httpx | HTTP Request: POST https://openrouter.ai/api/v1/chat/completions "HTTP/1.1 200 OK"
2026-06-18 12:30:35 | INFO    | httpx | HTTP Request: POST https://openrouter.ai/api/v1/chat/completions "HTTP/1.1 200 OK"
2026-06-18 12:30:35 | INFO    | httpx | HTTP Request: POST https://openrouter.ai/api/v1/chat/completions "HTTP/1.1 200 OK"
2026-06-18 12:30:35 | INFO    | httpx | HTTP Request: POST https://openrouter.ai/api/v1/chat/completions "HTTP/1.1 200 OK"
2026-06-18 12:30:35 | INFO    | httpx | HTTP Request: POST https://openrouter.ai/api/v1/chat/completions "HTTP/1.1 200 OK"
2026-06-18 12:30:35 | INFO    | httpx | HTTP Request: POST https://openrouter.ai/api/v1/chat/completions "HTTP/1.1 200 OK"
2026-06-18 12:30:35 | INFO    | httpx | HTTP Request: POST https://openrouter.ai/api/v1/chat/completions "HTTP/1.1 200 OK"
2026-06-18 12:30:35 | INFO    | httpx | HTTP Request: POST https://openrouter.ai/api/v1/chat/completions "HTTP/1.1 200 OK"
2026-06-18 12:30:35 | INFO    | httpx | HTTP Request: POST https://openrouter.ai/api/v1/chat/completions "HTTP/1.1 200 OK"
2026-06-18 12:30:35 | INFO    | httpx | HTTP Request: POST https://openrouter.ai/api/v1/chat/completions "HTTP/1.1 200 OK"
2026-06-18 12:30:35 | INFO    | httpx | HTTP Request: POST https://openrouter.ai/api/v1/chat/completions "HTTP/1.1 200 OK"
2026-06-18 12:30:36 | INFO    | httpx | HTTP Request: POST https://openrouter.ai/api/v1/chat/completions "HTTP/1.1 200 OK"
2026-06-18 12:30:36 | INFO    | httpx | HTTP Request: POST https://openrouter.ai/api/v1/chat/completions "HTTP/1.1 200 OK"
2026-06-18 12:30:36 | INFO    | httpx | HTTP Request: POST https://openrouter.ai/api/v1/chat/completions "HTTP/1.1 200 OK"
2026-06-18 12:30:36 | INFO    | httpx | HTTP Request: POST https://openrouter.ai/api/v1/chat/completions "HTTP/1.1 200 OK"
2026-06-18 12:30:36 | INFO    | httpx | HTTP Request: POST https://openrouter.ai/api/v1/chat/completions "HTTP/1.1 200 OK"
2026-06-18 12:30:36 | INFO    | httpx | HTTP Request: POST https://openrouter.ai/api/v1/chat/completions "HTTP/1.1 200 OK"
2026-06-18 12:30:36 | INFO    | httpx | HTTP Request: POST https://openrouter.ai/api/v1/chat/completions "HTTP/1.1 200 OK"
2026-06-18 12:30:36 | INFO    | httpx | HTTP Request: POST https://openrouter.ai/api/v1/chat/completions "HTTP/1.1 200 OK"
2026-06-18 12:30:36 | INFO    | httpx | HTTP Request: POST https://openrouter.ai/api/v1/chat/completions "HTTP/1.1 200 OK"
2026-06-18 12:30:37 | INFO    | httpx | HTTP Request: POST https://openrouter.ai/api/v1/chat/completions "HTTP/1.1 200 OK"
2026-06-18 12:30:37 | INFO    | httpx | HTTP Request: POST https://openrouter.ai/api/v1/chat/completions "HTTP/1.1 200 OK"
2026-06-18 12:30:37 | INFO    | httpx | HTTP Request: POST https://openrouter.ai/api/v1/chat/completions "HTTP/1.1 200 OK"
2026-06-18 12:30:37 | INFO    | httpx | HTTP Request: POST https://openrouter.ai/api/v1/chat/completions "HTTP/1.1 200 OK"
2026-06-18 12:30:37 | INFO    | httpx | HTTP Request: POST https://openrouter.ai/api/v1/chat/completions "HTTP/1.1 200 OK"
2026-06-18 12:30:37 | INFO    | httpx | HTTP Request: POST https://openrouter.ai/api/v1/chat/completions "HTTP/1.1 200 OK"
2026-06-18 12:30:37 | INFO    | httpx | HTTP Request: POST https://openrouter.ai/api/v1/chat/completions "HTTP/1.1 200 OK"
2026-06-18 12:30:37 | INFO    | httpx | HTTP Request: POST https://openrouter.ai/api/v1/chat/completions "HTTP/1.1 200 OK"
2026-06-18 12:30:37 | INFO    | __main__ |     нейрон 26266 alpha=-231.95: p_yes=0.450 CI=[0.38,0.52] (n=180)
2026-06-18 12:30:37 | INFO    | __main__ | [4/55] нейрон 26266 (yes_trigger) alpha=-115.98 — генерация ...
2026-06-18 12:31:35 | INFO    | __main__ |     ... всего генераций: 852
2026-06-18 12:32:31 | INFO    | __main__ |     ... всего генераций: 864
2026-06-18 12:32:59 | INFO    | __main__ |     ... всего генераций: 870
2026-06-18 12:33:53 | INFO    | __main__ |     ... всего генераций: 882
2026-06-18 12:34:50 | INFO    | __main__ |     ... всего генераций: 894
2026-06-18 12:35:18 | INFO    | __main__ |     ... всего генераций: 900
2026-06-18 12:36:13 | INFO    | __main__ |     ... всего генераций: 912
2026-06-18 12:37:06 | INFO    | __main__ |     ... всего генераций: 924
2026-06-18 12:37:34 | INFO    | __main__ |     ... всего генераций: 930
2026-06-18 12:38:27 | INFO    | __main__ |     ... всего генераций: 942
2026-06-18 12:39:17 | INFO    | __main__ |     ... всего генераций: 954
2026-06-18 12:39:45 | INFO    | __main__ |     ... всего генераций: 960
2026-06-18 12:40:44 | INFO    | __main__ |     ... всего генераций: 972
2026-06-18 12:41:32 | INFO    | __main__ |     ... всего генераций: 984
2026-06-18 12:41:57 | INFO    | __main__ |     ... всего генераций: 990
2026-06-18 12:42:51 | INFO    | __main__ |     ... всего генераций: 1002
2026-06-18 12:43:56 | INFO    | __main__ |     ... всего генераций: 1014
2026-06-18 12:44:24 | INFO    | __main__ |     ... всего генераций: 1020
2026-06-18 12:44:24 | INFO    | httpx | HTTP Request: POST https://openrouter.ai/api/v1/chat/completions "HTTP/1.1 200 OK"
2026-06-18 12:44:24 | INFO    | httpx | HTTP Request: POST https://openrouter.ai/api/v1/chat/completions "HTTP/1.1 200 OK"
2026-06-18 12:44:25 | INFO    | httpx | HTTP Request: POST https://openrouter.ai/api/v1/chat/completions "HTTP/1.1 200 OK"
2026-06-18 12:44:25 | INFO    | httpx | HTTP Request: POST https://openrouter.ai/api/v1/chat/completions "HTTP/1.1 200 OK"
2026-06-18 12:44:25 | INFO    | httpx | HTTP Request: POST https://openrouter.ai/api/v1/chat/completions "HTTP/1.1 200 OK"
2026-06-18 12:44:25 | INFO    | httpx | HTTP Request: POST https://openrouter.ai/api/v1/chat/completions "HTTP/1.1 200 OK"
2026-06-18 12:44:25 | INFO    | httpx | HTTP Request: POST https://openrouter.ai/api/v1/chat/completions "HTTP/1.1 200 OK"
2026-06-18 12:44:25 | INFO    | httpx | HTTP Request: POST https://openrouter.ai/api/v1/chat/completions "HTTP/1.1 200 OK"
2026-06-18 12:44:25 | INFO    | httpx | HTTP Request: POST https://openrouter.ai/api/v1/chat/completions "HTTP/1.1 200 OK"
2026-06-18 12:44:25 | INFO    | httpx | HTTP Request: POST https://openrouter.ai/api/v1/chat/completions "HTTP/1.1 200 OK"
2026-06-18 12:44:25 | INFO    | httpx | HTTP Request: POST https://openrouter.ai/api/v1/chat/completions "HTTP/1.1 200 OK"
2026-06-18 12:44:25 | INFO    | httpx | HTTP Request: POST https://openrouter.ai/api/v1/chat/completions "HTTP/1.1 200 OK"
2026-06-18 12:44:25 | INFO    | httpx | HTTP Request: POST https://openrouter.ai/api/v1/chat/completions "HTTP/1.1 200 OK"
2026-06-18 12:44:25 | INFO    | httpx | HTTP Request: POST https://openrouter.ai/api/v1/chat/completions "HTTP/1.1 200 OK"
2026-06-18 12:44:25 | INFO    | httpx | HTTP Request: POST https://openrouter.ai/api/v1/chat/completions "HTTP/1.1 200 OK"
2026-06-18 12:44:25 | INFO    | httpx | HTTP Request: POST https://openrouter.ai/api/v1/chat/completions "HTTP/1.1 200 OK"
2026-06-18 12:44:26 | INFO    | httpx | HTTP Request: POST https://openrouter.ai/api/v1/chat/completions "HTTP/1.1 200 OK"
2026-06-18 12:44:26 | INFO    | httpx | HTTP Request: POST https://openrouter.ai/api/v1/chat/completions "HTTP/1.1 200 OK"
2026-06-18 12:44:26 | INFO    | httpx | HTTP Request: POST https://openrouter.ai/api/v1/chat/completions "HTTP/1.1 200 OK"
2026-06-18 12:44:26 | INFO    | httpx | HTTP Request: POST https://openrouter.ai/api/v1/chat/completions "HTTP/1.1 200 OK"
2026-06-18 12:44:26 | INFO    | httpx | HTTP Request: POST https://openrouter.ai/api/v1/chat/completions "HTTP/1.1 200 OK"
2026-06-18 12:44:26 | INFO    | httpx | HTTP Request: POST https://openrouter.ai/api/v1/chat/completions "HTTP/1.1 200 OK"
2026-06-18 12:44:26 | INFO    | httpx | HTTP Request: POST https://openrouter.ai/api/v1/chat/completions "HTTP/1.1 200 OK"
2026-06-18 12:44:26 | INFO    | httpx | HTTP Request: POST https://openrouter.ai/api/v1/chat/completions "HTTP/1.1 200 OK"
2026-06-18 12:44:26 | INFO    | httpx | HTTP Request: POST https://openrouter.ai/api/v1/chat/completions "HTTP/1.1 200 OK"
2026-06-18 12:44:26 | INFO    | httpx | HTTP Request: POST https://openrouter.ai/api/v1/chat/completions "HTTP/1.1 200 OK"
2026-06-18 12:44:26 | INFO    | httpx | HTTP Request: POST https://openrouter.ai/api/v1/chat/completions "HTTP/1.1 200 OK"
2026-06-18 12:44:27 | INFO    | httpx | HTTP Request: POST https://openrouter.ai/api/v1/chat/completions "HTTP/1.1 200 OK"
2026-06-18 12:44:27 | INFO    | httpx | HTTP Request: POST https://openrouter.ai/api/v1/chat/completions "HTTP/1.1 200 OK"
2026-06-18 12:44:27 | INFO    | httpx | HTTP Request: POST https://openrouter.ai/api/v1/chat/completions "HTTP/1.1 200 OK"
2026-06-18 12:44:27 | INFO    | httpx | HTTP Request: POST https://openrouter.ai/api/v1/chat/completions "HTTP/1.1 200 OK"
2026-06-18 12:44:27 | INFO    | httpx | HTTP Request: POST https://openrouter.ai/api/v1/chat/completions "HTTP/1.1 200 OK"
2026-06-18 12:44:27 | INFO    | httpx | HTTP Request: POST https://openrouter.ai/api/v1/chat/completions "HTTP/1.1 200 OK"
2026-06-18 12:44:27 | INFO    | httpx | HTTP Request: POST https://openrouter.ai/api/v1/chat/completions "HTTP/1.1 200 OK"
2026-06-18 12:44:27 | INFO    | httpx | HTTP Request: POST https://openrouter.ai/api/v1/chat/completions "HTTP/1.1 200 OK"
2026-06-18 12:44:27 | INFO    | httpx | HTTP Request: POST https://openrouter.ai/api/v1/chat/completions "HTTP/1.1 200 OK"
2026-06-18 12:44:27 | INFO    | httpx | HTTP Request: POST https://openrouter.ai/api/v1/chat/completions "HTTP/1.1 200 OK"
2026-06-18 12:44:27 | INFO    | httpx | HTTP Request: POST https://openrouter.ai/api/v1/chat/completions "HTTP/1.1 200 OK"
2026-06-18 12:44:27 | INFO    | httpx | HTTP Request: POST https://openrouter.ai/api/v1/chat/completions "HTTP/1.1 200 OK"
2026-06-18 12:44:28 | INFO    | httpx | HTTP Request: POST https://openrouter.ai/api/v1/chat/completions "HTTP/1.1 200 OK"
2026-06-18 12:44:28 | INFO    | httpx | HTTP Request: POST https://openrouter.ai/api/v1/chat/completions "HTTP/1.1 200 OK"
2026-06-18 12:44:28 | INFO    | httpx | HTTP Request: POST https://openrouter.ai/api/v1/chat/completions "HTTP/1.1 200 OK"
2026-06-18 12:44:28 | INFO    | httpx | HTTP Request: POST https://openrouter.ai/api/v1/chat/completions "HTTP/1.1 200 OK"
2026-06-18 12:44:28 | INFO    | httpx | HTTP Request: POST https://openrouter.ai/api/v1/chat/completions "HTTP/1.1 200 OK"
2026-06-18 12:44:28 | INFO    | httpx | HTTP Request: POST https://openrouter.ai/api/v1/chat/completions "HTTP/1.1 200 OK"
2026-06-18 12:44:28 | INFO    | httpx | HTTP Request: POST https://openrouter.ai/api/v1/chat/completions "HTTP/1.1 200 OK"
2026-06-18 12:44:28 | INFO    | httpx | HTTP Request: POST https://openrouter.ai/api/v1/chat/completions "HTTP/1.1 200 OK"
2026-06-18 12:44:28 | INFO    | httpx | HTTP Request: POST https://openrouter.ai/api/v1/chat/completions "HTTP/1.1 200 OK"
2026-06-18 12:44:28 | INFO    | httpx | HTTP Request: POST https://openrouter.ai/api/v1/chat/completions "HTTP/1.1 200 OK"
2026-06-18 12:44:28 | INFO    | httpx | HTTP Request: POST https://openrouter.ai/api/v1/chat/completions "HTTP/1.1 200 OK"
2026-06-18 12:44:28 | INFO    | httpx | HTTP Request: POST https://openrouter.ai/api/v1/chat/completions "HTTP/1.1 200 OK"
2026-06-18 12:44:28 | INFO    | httpx | HTTP Request: POST https://openrouter.ai/api/v1/chat/completions "HTTP/1.1 200 OK"
2026-06-18 12:44:28 | INFO    | httpx | HTTP Request: POST https://openrouter.ai/api/v1/chat/completions "HTTP/1.1 200 OK"
2026-06-18 12:44:29 | INFO    | httpx | HTTP Request: POST https://openrouter.ai/api/v1/chat/completions "HTTP/1.1 200 OK"
2026-06-18 12:44:29 | INFO    | httpx | HTTP Request: POST https://openrouter.ai/api/v1/chat/completions "HTTP/1.1 200 OK"
2026-06-18 12:44:29 | INFO    | httpx | HTTP Request: POST https://openrouter.ai/api/v1/chat/completions "HTTP/1.1 200 OK"
2026-06-18 12:44:29 | INFO    | httpx | HTTP Request: POST https://openrouter.ai/api/v1/chat/completions "HTTP/1.1 200 OK"
2026-06-18 12:44:29 | INFO    | httpx | HTTP Request: POST https://openrouter.ai/api/v1/chat/completions "HTTP/1.1 200 OK"
2026-06-18 12:44:29 | INFO    | httpx | HTTP Request: POST https://openrouter.ai/api/v1/chat/completions "HTTP/1.1 200 OK"
2026-06-18 12:44:29 | INFO    | httpx | HTTP Request: POST https://openrouter.ai/api/v1/chat/completions "HTTP/1.1 200 OK"
2026-06-18 12:44:29 | INFO    | httpx | HTTP Request: POST https://openrouter.ai/api/v1/chat/completions "HTTP/1.1 200 OK"
2026-06-18 12:44:29 | INFO    | httpx | HTTP Request: POST https://openrouter.ai/api/v1/chat/completions "HTTP/1.1 200 OK"
2026-06-18 12:44:29 | INFO    | httpx | HTTP Request: POST https://openrouter.ai/api/v1/chat/completions "HTTP/1.1 200 OK"
2026-06-18 12:44:30 | INFO    | httpx | HTTP Request: POST https://openrouter.ai/api/v1/chat/completions "HTTP/1.1 200 OK"
2026-06-18 12:44:30 | INFO    | httpx | HTTP Request: POST https://openrouter.ai/api/v1/chat/completions "HTTP/1.1 200 OK"
2026-06-18 12:44:30 | INFO    | httpx | HTTP Request: POST https://openrouter.ai/api/v1/chat/completions "HTTP/1.1 200 OK"
2026-06-18 12:44:30 | INFO    | httpx | HTTP Request: POST https://openrouter.ai/api/v1/chat/completions "HTTP/1.1 200 OK"
2026-06-18 12:44:30 | INFO    | httpx | HTTP Request: POST https://openrouter.ai/api/v1/chat/completions "HTTP/1.1 200 OK"
2026-06-18 12:44:30 | INFO    | httpx | HTTP Request: POST https://openrouter.ai/api/v1/chat/completions "HTTP/1.1 200 OK"
2026-06-18 12:44:30 | INFO    | httpx | HTTP Request: POST https://openrouter.ai/api/v1/chat/completions "HTTP/1.1 200 OK"
2026-06-18 12:44:30 | INFO    | httpx | HTTP Request: POST https://openrouter.ai/api/v1/chat/completions "HTTP/1.1 200 OK"
2026-06-18 12:44:30 | INFO    | httpx | HTTP Request: POST https://openrouter.ai/api/v1/chat/completions "HTTP/1.1 200 OK"
2026-06-18 12:44:30 | INFO    | httpx | HTTP Request: POST https://openrouter.ai/api/v1/chat/completions "HTTP/1.1 200 OK"
2026-06-18 12:44:30 | INFO    | httpx | HTTP Request: POST https://openrouter.ai/api/v1/chat/completions "HTTP/1.1 200 OK"
2026-06-18 12:44:30 | INFO    | httpx | HTTP Request: POST https://openrouter.ai/api/v1/chat/completions "HTTP/1.1 200 OK"
2026-06-18 12:44:31 | INFO    | httpx | HTTP Request: POST https://openrouter.ai/api/v1/chat/completions "HTTP/1.1 200 OK"
2026-06-18 12:44:31 | INFO    | httpx | HTTP Request: POST https://openrouter.ai/api/v1/chat/completions "HTTP/1.1 200 OK"
2026-06-18 12:44:31 | INFO    | httpx | HTTP Request: POST https://openrouter.ai/api/v1/chat/completions "HTTP/1.1 200 OK"
2026-06-18 12:44:31 | INFO    | httpx | HTTP Request: POST https://openrouter.ai/api/v1/chat/completions "HTTP/1.1 200 OK"
2026-06-18 12:44:31 | INFO    | httpx | HTTP Request: POST https://openrouter.ai/api/v1/chat/completions "HTTP/1.1 200 OK"
2026-06-18 12:44:31 | INFO    | httpx | HTTP Request: POST https://openrouter.ai/api/v1/chat/completions "HTTP/1.1 200 OK"
2026-06-18 12:44:31 | INFO    | httpx | HTTP Request: POST https://openrouter.ai/api/v1/chat/completions "HTTP/1.1 200 OK"
2026-06-18 12:44:31 | INFO    | httpx | HTTP Request: POST https://openrouter.ai/api/v1/chat/completions "HTTP/1.1 200 OK"
2026-06-18 12:44:31 | INFO    | httpx | HTTP Request: POST https://openrouter.ai/api/v1/chat/completions "HTTP/1.1 200 OK"
2026-06-18 12:44:31 | INFO    | httpx | HTTP Request: POST https://openrouter.ai/api/v1/chat/completions "HTTP/1.1 200 OK"
2026-06-18 12:44:31 | INFO    | httpx | HTTP Request: POST https://openrouter.ai/api/v1/chat/completions "HTTP/1.1 200 OK"
2026-06-18 12:44:31 | INFO    | httpx | HTTP Request: POST https://openrouter.ai/api/v1/chat/completions "HTTP/1.1 200 OK"
2026-06-18 12:44:32 | INFO    | httpx | HTTP Request: POST https://openrouter.ai/api/v1/chat/completions "HTTP/1.1 200 OK"
2026-06-18 12:44:32 | INFO    | httpx | HTTP Request: POST https://openrouter.ai/api/v1/chat/completions "HTTP/1.1 200 OK"
2026-06-18 12:44:32 | INFO    | httpx | HTTP Request: POST https://openrouter.ai/api/v1/chat/completions "HTTP/1.1 200 OK"
2026-06-18 12:44:32 | INFO    | httpx | HTTP Request: POST https://openrouter.ai/api/v1/chat/completions "HTTP/1.1 200 OK"
2026-06-18 12:44:32 | INFO    | httpx | HTTP Request: POST https://openrouter.ai/api/v1/chat/completions "HTTP/1.1 200 OK"
2026-06-18 12:44:32 | INFO    | httpx | HTTP Request: POST https://openrouter.ai/api/v1/chat/completions "HTTP/1.1 200 OK"
2026-06-18 12:44:32 | INFO    | httpx | HTTP Request: POST https://openrouter.ai/api/v1/chat/completions "HTTP/1.1 200 OK"
2026-06-18 12:44:32 | INFO    | httpx | HTTP Request: POST https://openrouter.ai/api/v1/chat/completions "HTTP/1.1 200 OK"
2026-06-18 12:44:32 | INFO    | httpx | HTTP Request: POST https://openrouter.ai/api/v1/chat/completions "HTTP/1.1 200 OK"
2026-06-18 12:44:32 | INFO    | httpx | HTTP Request: POST https://openrouter.ai/api/v1/chat/completions "HTTP/1.1 200 OK"
2026-06-18 12:44:33 | INFO    | httpx | HTTP Request: POST https://openrouter.ai/api/v1/chat/completions "HTTP/1.1 200 OK"
2026-06-18 12:44:33 | INFO    | httpx | HTTP Request: POST https://openrouter.ai/api/v1/chat/completions "HTTP/1.1 200 OK"
2026-06-18 12:44:33 | INFO    | httpx | HTTP Request: POST https://openrouter.ai/api/v1/chat/completions "HTTP/1.1 200 OK"
2026-06-18 12:44:33 | INFO    | httpx | HTTP Request: POST https://openrouter.ai/api/v1/chat/completions "HTTP/1.1 200 OK"
2026-06-18 12:44:33 | INFO    | httpx | HTTP Request: POST https://openrouter.ai/api/v1/chat/completions "HTTP/1.1 200 OK"
2026-06-18 12:44:33 | INFO    | httpx | HTTP Request: POST https://openrouter.ai/api/v1/chat/completions "HTTP/1.1 200 OK"
2026-06-18 12:44:33 | INFO    | httpx | HTTP Request: POST https://openrouter.ai/api/v1/chat/completions "HTTP/1.1 200 OK"
2026-06-18 12:44:33 | INFO    | httpx | HTTP Request: POST https://openrouter.ai/api/v1/chat/completions "HTTP/1.1 200 OK"
2026-06-18 12:44:33 | INFO    | httpx | HTTP Request: POST https://openrouter.ai/api/v1/chat/completions "HTTP/1.1 200 OK"
2026-06-18 12:44:33 | INFO    | httpx | HTTP Request: POST https://openrouter.ai/api/v1/chat/completions "HTTP/1.1 200 OK"
2026-06-18 12:44:33 | INFO    | httpx | HTTP Request: POST https://openrouter.ai/api/v1/chat/completions "HTTP/1.1 200 OK"
2026-06-18 12:44:33 | INFO    | httpx | HTTP Request: POST https://openrouter.ai/api/v1/chat/completions "HTTP/1.1 200 OK"
2026-06-18 12:44:34 | INFO    | httpx | HTTP Request: POST https://openrouter.ai/api/v1/chat/completions "HTTP/1.1 200 OK"
2026-06-18 12:44:34 | INFO    | httpx | HTTP Request: POST https://openrouter.ai/api/v1/chat/completions "HTTP/1.1 200 OK"
2026-06-18 12:44:34 | INFO    | httpx | HTTP Request: POST https://openrouter.ai/api/v1/chat/completions "HTTP/1.1 200 OK"
2026-06-18 12:44:34 | INFO    | httpx | HTTP Request: POST https://openrouter.ai/api/v1/chat/completions "HTTP/1.1 200 OK"
2026-06-18 12:44:34 | INFO    | httpx | HTTP Request: POST https://openrouter.ai/api/v1/chat/completions "HTTP/1.1 200 OK"
2026-06-18 12:44:34 | INFO    | httpx | HTTP Request: POST https://openrouter.ai/api/v1/chat/completions "HTTP/1.1 200 OK"
2026-06-18 12:44:34 | INFO    | httpx | HTTP Request: POST https://openrouter.ai/api/v1/chat/completions "HTTP/1.1 200 OK"
2026-06-18 12:44:34 | INFO    | httpx | HTTP Request: POST https://openrouter.ai/api/v1/chat/completions "HTTP/1.1 200 OK"
2026-06-18 12:44:34 | INFO    | httpx | HTTP Request: POST https://openrouter.ai/api/v1/chat/completions "HTTP/1.1 200 OK"
2026-06-18 12:44:34 | INFO    | httpx | HTTP Request: POST https://openrouter.ai/api/v1/chat/completions "HTTP/1.1 200 OK"
2026-06-18 12:44:35 | INFO    | httpx | HTTP Request: POST https://openrouter.ai/api/v1/chat/completions "HTTP/1.1 200 OK"
2026-06-18 12:44:35 | INFO    | httpx | HTTP Request: POST https://openrouter.ai/api/v1/chat/completions "HTTP/1.1 200 OK"
2026-06-18 12:44:35 | INFO    | httpx | HTTP Request: POST https://openrouter.ai/api/v1/chat/completions "HTTP/1.1 200 OK"
2026-06-18 12:44:35 | INFO    | httpx | HTTP Request: POST https://openrouter.ai/api/v1/chat/completions "HTTP/1.1 200 OK"
2026-06-18 12:44:35 | INFO    | httpx | HTTP Request: POST https://openrouter.ai/api/v1/chat/completions "HTTP/1.1 200 OK"
2026-06-18 12:44:35 | INFO    | httpx | HTTP Request: POST https://openrouter.ai/api/v1/chat/completions "HTTP/1.1 200 OK"
2026-06-18 12:44:35 | INFO    | httpx | HTTP Request: POST https://openrouter.ai/api/v1/chat/completions "HTTP/1.1 200 OK"
2026-06-18 12:44:35 | INFO    | httpx | HTTP Request: POST https://openrouter.ai/api/v1/chat/completions "HTTP/1.1 200 OK"
2026-06-18 12:44:35 | INFO    | httpx | HTTP Request: POST https://openrouter.ai/api/v1/chat/completions "HTTP/1.1 200 OK"
2026-06-18 12:44:35 | INFO    | httpx | HTTP Request: POST https://openrouter.ai/api/v1/chat/completions "HTTP/1.1 200 OK"
2026-06-18 12:44:35 | INFO    | httpx | HTTP Request: POST https://openrouter.ai/api/v1/chat/completions "HTTP/1.1 200 OK"
2026-06-18 12:44:35 | INFO    | httpx | HTTP Request: POST https://openrouter.ai/api/v1/chat/completions "HTTP/1.1 200 OK"
2026-06-18 12:44:36 | INFO    | httpx | HTTP Request: POST https://openrouter.ai/api/v1/chat/completions "HTTP/1.1 200 OK"
2026-06-18 12:44:36 | INFO    | httpx | HTTP Request: POST https://openrouter.ai/api/v1/chat/completions "HTTP/1.1 200 OK"
2026-06-18 12:44:36 | INFO    | httpx | HTTP Request: POST https://openrouter.ai/api/v1/chat/completions "HTTP/1.1 200 OK"
2026-06-18 12:44:36 | INFO    | httpx | HTTP Request: POST https://openrouter.ai/api/v1/chat/completions "HTTP/1.1 200 OK"
2026-06-18 12:44:36 | INFO    | httpx | HTTP Request: POST https://openrouter.ai/api/v1/chat/completions "HTTP/1.1 200 OK"
2026-06-18 12:44:36 | INFO    | httpx | HTTP Request: POST https://openrouter.ai/api/v1/chat/completions "HTTP/1.1 200 OK"
2026-06-18 12:44:36 | INFO    | httpx | HTTP Request: POST https://openrouter.ai/api/v1/chat/completions "HTTP/1.1 200 OK"
2026-06-18 12:44:36 | INFO    | httpx | HTTP Request: POST https://openrouter.ai/api/v1/chat/completions "HTTP/1.1 200 OK"
2026-06-18 12:44:36 | INFO    | httpx | HTTP Request: POST https://openrouter.ai/api/v1/chat/completions "HTTP/1.1 200 OK"
2026-06-18 12:44:36 | INFO    | httpx | HTTP Request: POST https://openrouter.ai/api/v1/chat/completions "HTTP/1.1 200 OK"
2026-06-18 12:44:36 | INFO    | httpx | HTTP Request: POST https://openrouter.ai/api/v1/chat/completions "HTTP/1.1 200 OK"
2026-06-18 12:44:37 | INFO    | httpx | HTTP Request: POST https://openrouter.ai/api/v1/chat/completions "HTTP/1.1 200 OK"
2026-06-18 12:44:37 | INFO    | httpx | HTTP Request: POST https://openrouter.ai/api/v1/chat/completions "HTTP/1.1 200 OK"
2026-06-18 12:44:37 | INFO    | httpx | HTTP Request: POST https://openrouter.ai/api/v1/chat/completions "HTTP/1.1 200 OK"
2026-06-18 12:44:37 | INFO    | httpx | HTTP Request: POST https://openrouter.ai/api/v1/chat/completions "HTTP/1.1 200 OK"
2026-06-18 12:44:37 | INFO    | httpx | HTTP Request: POST https://openrouter.ai/api/v1/chat/completions "HTTP/1.1 200 OK"
2026-06-18 12:44:37 | INFO    | httpx | HTTP Request: POST https://openrouter.ai/api/v1/chat/completions "HTTP/1.1 200 OK"
2026-06-18 12:44:37 | INFO    | httpx | HTTP Request: POST https://openrouter.ai/api/v1/chat/completions "HTTP/1.1 200 OK"
2026-06-18 12:44:37 | INFO    | httpx | HTTP Request: POST https://openrouter.ai/api/v1/chat/completions "HTTP/1.1 200 OK"
2026-06-18 12:44:37 | INFO    | httpx | HTTP Request: POST https://openrouter.ai/api/v1/chat/completions "HTTP/1.1 200 OK"
2026-06-18 12:44:37 | INFO    | httpx | HTTP Request: POST https://openrouter.ai/api/v1/chat/completions "HTTP/1.1 200 OK"
2026-06-18 12:44:37 | INFO    | httpx | HTTP Request: POST https://openrouter.ai/api/v1/chat/completions "HTTP/1.1 200 OK"
2026-06-18 12:44:37 | INFO    | httpx | HTTP Request: POST https://openrouter.ai/api/v1/chat/completions "HTTP/1.1 200 OK"
2026-06-18 12:44:38 | INFO    | httpx | HTTP Request: POST https://openrouter.ai/api/v1/chat/completions "HTTP/1.1 200 OK"
2026-06-18 12:44:38 | INFO    | httpx | HTTP Request: POST https://openrouter.ai/api/v1/chat/completions "HTTP/1.1 200 OK"
2026-06-18 12:44:38 | INFO    | httpx | HTTP Request: POST https://openrouter.ai/api/v1/chat/completions "HTTP/1.1 200 OK"
2026-06-18 12:44:38 | INFO    | httpx | HTTP Request: POST https://openrouter.ai/api/v1/chat/completions "HTTP/1.1 200 OK"
2026-06-18 12:44:38 | INFO    | httpx | HTTP Request: POST https://openrouter.ai/api/v1/chat/completions "HTTP/1.1 200 OK"
2026-06-18 12:44:38 | INFO    | httpx | HTTP Request: POST https://openrouter.ai/api/v1/chat/completions "HTTP/1.1 200 OK"
2026-06-18 12:44:38 | INFO    | httpx | HTTP Request: POST https://openrouter.ai/api/v1/chat/completions "HTTP/1.1 200 OK"
2026-06-18 12:44:38 | INFO    | httpx | HTTP Request: POST https://openrouter.ai/api/v1/chat/completions "HTTP/1.1 200 OK"
2026-06-18 12:44:38 | INFO    | httpx | HTTP Request: POST https://openrouter.ai/api/v1/chat/completions "HTTP/1.1 200 OK"
2026-06-18 12:44:38 | INFO    | httpx | HTTP Request: POST https://openrouter.ai/api/v1/chat/completions "HTTP/1.1 200 OK"
2026-06-18 12:44:38 | INFO    | httpx | HTTP Request: POST https://openrouter.ai/api/v1/chat/completions "HTTP/1.1 200 OK"
2026-06-18 12:44:38 | INFO    | httpx | HTTP Request: POST https://openrouter.ai/api/v1/chat/completions "HTTP/1.1 200 OK"
2026-06-18 12:44:38 | INFO    | httpx | HTTP Request: POST https://openrouter.ai/api/v1/chat/completions "HTTP/1.1 200 OK"
2026-06-18 12:44:38 | INFO    | httpx | HTTP Request: POST https://openrouter.ai/api/v1/chat/completions "HTTP/1.1 200 OK"
2026-06-18 12:44:38 | INFO    | httpx | HTTP Request: POST https://openrouter.ai/api/v1/chat/completions "HTTP/1.1 200 OK"
2026-06-18 12:44:39 | INFO    | httpx | HTTP Request: POST https://openrouter.ai/api/v1/chat/completions "HTTP/1.1 200 OK"
2026-06-18 12:44:39 | INFO    | httpx | HTTP Request: POST https://openrouter.ai/api/v1/chat/completions "HTTP/1.1 200 OK"
2026-06-18 12:44:39 | INFO    | httpx | HTTP Request: POST https://openrouter.ai/api/v1/chat/completions "HTTP/1.1 200 OK"
2026-06-18 12:44:39 | INFO    | httpx | HTTP Request: POST https://openrouter.ai/api/v1/chat/completions "HTTP/1.1 200 OK"
2026-06-18 12:44:39 | INFO    | httpx | HTTP Request: POST https://openrouter.ai/api/v1/chat/completions "HTTP/1.1 200 OK"
2026-06-18 12:44:39 | INFO    | httpx | HTTP Request: POST https://openrouter.ai/api/v1/chat/completions "HTTP/1.1 200 OK"
2026-06-18 12:44:39 | INFO    | httpx | HTTP Request: POST https://openrouter.ai/api/v1/chat/completions "HTTP/1.1 200 OK"
2026-06-18 12:44:39 | INFO    | httpx | HTTP Request: POST https://openrouter.ai/api/v1/chat/completions "HTTP/1.1 200 OK"
2026-06-18 12:44:39 | INFO    | httpx | HTTP Request: POST https://openrouter.ai/api/v1/chat/completions "HTTP/1.1 200 OK"
2026-06-18 12:44:39 | INFO    | httpx | HTTP Request: POST https://openrouter.ai/api/v1/chat/completions "HTTP/1.1 200 OK"
2026-06-18 12:44:39 | INFO    | httpx | HTTP Request: POST https://openrouter.ai/api/v1/chat/completions "HTTP/1.1 200 OK"
2026-06-18 12:44:40 | INFO    | __main__ |     нейрон 26266 alpha=-115.98: p_yes=0.439 CI=[0.37,0.51] (n=180)
2026-06-18 12:44:40 | INFO    | __main__ | [5/55] нейрон 26266 (yes_trigger) alpha=-57.99 — генерация ...
2026-06-18 12:45:36 | INFO    | __main__ |     ... всего генераций: 1032
2026-06-18 12:46:26 | INFO    | __main__ |     ... всего генераций: 1044
2026-06-18 12:46:50 | INFO    | __main__ |     ... всего генераций: 1050
2026-06-18 12:47:46 | INFO    | __main__ |     ... всего генераций: 1062
2026-06-18 12:48:35 | INFO    | __main__ |     ... всего генераций: 1074
2026-06-18 12:49:00 | INFO    | __main__ |     ... всего генераций: 1080
2026-06-18 12:49:53 | INFO    | __main__ |     ... всего генераций: 1092
2026-06-18 12:50:45 | INFO    | __main__ |     ... всего генераций: 1104
2026-06-18 12:51:11 | INFO    | __main__ |     ... всего генераций: 1110
2026-06-18 12:52:09 | INFO    | __main__ |     ... всего генераций: 1122
2026-06-18 12:53:03 | INFO    | __main__ |     ... всего генераций: 1134
2026-06-18 12:53:32 | INFO    | __main__ |     ... всего генераций: 1140
2026-06-18 12:54:33 | INFO    | __main__ |     ... всего генераций: 1152
2026-06-18 12:55:31 | INFO    | __main__ |     ... всего генераций: 1164
2026-06-18 12:56:03 | INFO    | __main__ |     ... всего генераций: 1170
2026-06-18 12:57:17 | INFO    | __main__ |     ... всего генераций: 1182
2026-06-18 12:58:53 | INFO    | __main__ |     ... всего генераций: 1194
2026-06-18 12:59:48 | INFO    | __main__ |     ... всего генераций: 1200
2026-06-18 12:59:49 | INFO    | httpx | HTTP Request: POST https://openrouter.ai/api/v1/chat/completions "HTTP/1.1 200 OK"
2026-06-18 12:59:49 | INFO    | httpx | HTTP Request: POST https://openrouter.ai/api/v1/chat/completions "HTTP/1.1 200 OK"
2026-06-18 12:59:49 | INFO    | httpx | HTTP Request: POST https://openrouter.ai/api/v1/chat/completions "HTTP/1.1 200 OK"
2026-06-18 12:59:49 | INFO    | httpx | HTTP Request: POST https://openrouter.ai/api/v1/chat/completions "HTTP/1.1 200 OK"
2026-06-18 12:59:49 | INFO    | httpx | HTTP Request: POST https://openrouter.ai/api/v1/chat/completions "HTTP/1.1 200 OK"
2026-06-18 12:59:49 | INFO    | httpx | HTTP Request: POST https://openrouter.ai/api/v1/chat/completions "HTTP/1.1 200 OK"
2026-06-18 12:59:49 | INFO    | httpx | HTTP Request: POST https://openrouter.ai/api/v1/chat/completions "HTTP/1.1 200 OK"
2026-06-18 12:59:49 | INFO    | httpx | HTTP Request: POST https://openrouter.ai/api/v1/chat/completions "HTTP/1.1 200 OK"
2026-06-18 12:59:49 | INFO    | httpx | HTTP Request: POST https://openrouter.ai/api/v1/chat/completions "HTTP/1.1 200 OK"
2026-06-18 12:59:50 | INFO    | httpx | HTTP Request: POST https://openrouter.ai/api/v1/chat/completions "HTTP/1.1 200 OK"
2026-06-18 12:59:50 | INFO    | httpx | HTTP Request: POST https://openrouter.ai/api/v1/chat/completions "HTTP/1.1 200 OK"
2026-06-18 12:59:50 | INFO    | httpx | HTTP Request: POST https://openrouter.ai/api/v1/chat/completions "HTTP/1.1 200 OK"
2026-06-18 12:59:50 | INFO    | httpx | HTTP Request: POST https://openrouter.ai/api/v1/chat/completions "HTTP/1.1 200 OK"
2026-06-18 12:59:50 | INFO    | httpx | HTTP Request: POST https://openrouter.ai/api/v1/chat/completions "HTTP/1.1 200 OK"
2026-06-18 12:59:50 | INFO    | httpx | HTTP Request: POST https://openrouter.ai/api/v1/chat/completions "HTTP/1.1 200 OK"
2026-06-18 12:59:50 | INFO    | httpx | HTTP Request: POST https://openrouter.ai/api/v1/chat/completions "HTTP/1.1 200 OK"
2026-06-18 12:59:50 | INFO    | httpx | HTTP Request: POST https://openrouter.ai/api/v1/chat/completions "HTTP/1.1 200 OK"
2026-06-18 12:59:50 | INFO    | httpx | HTTP Request: POST https://openrouter.ai/api/v1/chat/completions "HTTP/1.1 200 OK"
2026-06-18 12:59:50 | INFO    | httpx | HTTP Request: POST https://openrouter.ai/api/v1/chat/completions "HTTP/1.1 200 OK"
2026-06-18 12:59:50 | INFO    | httpx | HTTP Request: POST https://openrouter.ai/api/v1/chat/completions "HTTP/1.1 200 OK"
2026-06-18 12:59:50 | INFO    | httpx | HTTP Request: POST https://openrouter.ai/api/v1/chat/completions "HTTP/1.1 200 OK"
2026-06-18 12:59:50 | INFO    | httpx | HTTP Request: POST https://openrouter.ai/api/v1/chat/completions "HTTP/1.1 200 OK"
2026-06-18 12:59:50 | INFO    | httpx | HTTP Request: POST https://openrouter.ai/api/v1/chat/completions "HTTP/1.1 200 OK"
2026-06-18 12:59:51 | INFO    | httpx | HTTP Request: POST https://openrouter.ai/api/v1/chat/completions "HTTP/1.1 200 OK"
2026-06-18 12:59:51 | INFO    | httpx | HTTP Request: POST https://openrouter.ai/api/v1/chat/completions "HTTP/1.1 200 OK"
2026-06-18 12:59:51 | INFO    | httpx | HTTP Request: POST https://openrouter.ai/api/v1/chat/completions "HTTP/1.1 200 OK"
2026-06-18 12:59:51 | INFO    | httpx | HTTP Request: POST https://openrouter.ai/api/v1/chat/completions "HTTP/1.1 200 OK"
2026-06-18 12:59:51 | INFO    | httpx | HTTP Request: POST https://openrouter.ai/api/v1/chat/completions "HTTP/1.1 200 OK"
2026-06-18 12:59:51 | INFO    | httpx | HTTP Request: POST https://openrouter.ai/api/v1/chat/completions "HTTP/1.1 200 OK"
2026-06-18 12:59:51 | INFO    | httpx | HTTP Request: POST https://openrouter.ai/api/v1/chat/completions "HTTP/1.1 200 OK"
2026-06-18 12:59:51 | INFO    | httpx | HTTP Request: POST https://openrouter.ai/api/v1/chat/completions "HTTP/1.1 200 OK"
2026-06-18 12:59:52 | INFO    | httpx | HTTP Request: POST https://openrouter.ai/api/v1/chat/completions "HTTP/1.1 200 OK"
2026-06-18 12:59:52 | INFO    | httpx | HTTP Request: POST https://openrouter.ai/api/v1/chat/completions "HTTP/1.1 200 OK"
2026-06-18 12:59:52 | INFO    | httpx | HTTP Request: POST https://openrouter.ai/api/v1/chat/completions "HTTP/1.1 200 OK"
2026-06-18 12:59:52 | INFO    | httpx | HTTP Request: POST https://openrouter.ai/api/v1/chat/completions "HTTP/1.1 200 OK"
2026-06-18 12:59:52 | INFO    | httpx | HTTP Request: POST https://openrouter.ai/api/v1/chat/completions "HTTP/1.1 200 OK"
2026-06-18 12:59:52 | INFO    | httpx | HTTP Request: POST https://openrouter.ai/api/v1/chat/completions "HTTP/1.1 200 OK"
2026-06-18 12:59:52 | INFO    | httpx | HTTP Request: POST https://openrouter.ai/api/v1/chat/completions "HTTP/1.1 200 OK"
2026-06-18 12:59:52 | INFO    | httpx | HTTP Request: POST https://openrouter.ai/api/v1/chat/completions "HTTP/1.1 200 OK"
2026-06-18 12:59:52 | INFO    | httpx | HTTP Request: POST https://openrouter.ai/api/v1/chat/completions "HTTP/1.1 200 OK"
2026-06-18 12:59:52 | INFO    | httpx | HTTP Request: POST https://openrouter.ai/api/v1/chat/completions "HTTP/1.1 200 OK"
2026-06-18 12:59:52 | INFO    | httpx | HTTP Request: POST https://openrouter.ai/api/v1/chat/completions "HTTP/1.1 200 OK"
2026-06-18 12:59:52 | INFO    | httpx | HTTP Request: POST https://openrouter.ai/api/v1/chat/completions "HTTP/1.1 200 OK"
2026-06-18 12:59:52 | INFO    | httpx | HTTP Request: POST https://openrouter.ai/api/v1/chat/completions "HTTP/1.1 200 OK"
2026-06-18 12:59:53 | INFO    | httpx | HTTP Request: POST https://openrouter.ai/api/v1/chat/completions "HTTP/1.1 200 OK"
2026-06-18 12:59:53 | INFO    | httpx | HTTP Request: POST https://openrouter.ai/api/v1/chat/completions "HTTP/1.1 200 OK"
2026-06-18 12:59:53 | INFO    | httpx | HTTP Request: POST https://openrouter.ai/api/v1/chat/completions "HTTP/1.1 200 OK"
2026-06-18 12:59:53 | INFO    | httpx | HTTP Request: POST https://openrouter.ai/api/v1/chat/completions "HTTP/1.1 200 OK"
2026-06-18 12:59:53 | INFO    | httpx | HTTP Request: POST https://openrouter.ai/api/v1/chat/completions "HTTP/1.1 200 OK"
2026-06-18 12:59:53 | INFO    | httpx | HTTP Request: POST https://openrouter.ai/api/v1/chat/completions "HTTP/1.1 200 OK"
2026-06-18 12:59:53 | INFO    | httpx | HTTP Request: POST https://openrouter.ai/api/v1/chat/completions "HTTP/1.1 200 OK"
2026-06-18 12:59:53 | INFO    | httpx | HTTP Request: POST https://openrouter.ai/api/v1/chat/completions "HTTP/1.1 200 OK"
2026-06-18 12:59:53 | INFO    | httpx | HTTP Request: POST https://openrouter.ai/api/v1/chat/completions "HTTP/1.1 200 OK"
2026-06-18 12:59:53 | INFO    | httpx | HTTP Request: POST https://openrouter.ai/api/v1/chat/completions "HTTP/1.1 200 OK"
2026-06-18 12:59:53 | INFO    | httpx | HTTP Request: POST https://openrouter.ai/api/v1/chat/completions "HTTP/1.1 200 OK"
2026-06-18 12:59:53 | INFO    | httpx | HTTP Request: POST https://openrouter.ai/api/v1/chat/completions "HTTP/1.1 200 OK"
2026-06-18 12:59:54 | INFO    | httpx | HTTP Request: POST https://openrouter.ai/api/v1/chat/completions "HTTP/1.1 200 OK"
2026-06-18 12:59:54 | INFO    | httpx | HTTP Request: POST https://openrouter.ai/api/v1/chat/completions "HTTP/1.1 200 OK"
2026-06-18 12:59:54 | INFO    | httpx | HTTP Request: POST https://openrouter.ai/api/v1/chat/completions "HTTP/1.1 200 OK"
2026-06-18 12:59:54 | INFO    | httpx | HTTP Request: POST https://openrouter.ai/api/v1/chat/completions "HTTP/1.1 200 OK"
2026-06-18 12:59:54 | INFO    | httpx | HTTP Request: POST https://openrouter.ai/api/v1/chat/completions "HTTP/1.1 200 OK"
2026-06-18 12:59:54 | INFO    | httpx | HTTP Request: POST https://openrouter.ai/api/v1/chat/completions "HTTP/1.1 200 OK"
2026-06-18 12:59:54 | INFO    | httpx | HTTP Request: POST https://openrouter.ai/api/v1/chat/completions "HTTP/1.1 200 OK"
2026-06-18 12:59:54 | INFO    | httpx | HTTP Request: POST https://openrouter.ai/api/v1/chat/completions "HTTP/1.1 200 OK"
2026-06-18 12:59:54 | INFO    | httpx | HTTP Request: POST https://openrouter.ai/api/v1/chat/completions "HTTP/1.1 200 OK"
2026-06-18 12:59:54 | INFO    | httpx | HTTP Request: POST https://openrouter.ai/api/v1/chat/completions "HTTP/1.1 200 OK"
2026-06-18 12:59:54 | INFO    | httpx | HTTP Request: POST https://openrouter.ai/api/v1/chat/completions "HTTP/1.1 200 OK"
2026-06-18 12:59:54 | INFO    | httpx | HTTP Request: POST https://openrouter.ai/api/v1/chat/completions "HTTP/1.1 200 OK"
2026-06-18 12:59:54 | INFO    | httpx | HTTP Request: POST https://openrouter.ai/api/v1/chat/completions "HTTP/1.1 200 OK"
2026-06-18 12:59:54 | INFO    | httpx | HTTP Request: POST https://openrouter.ai/api/v1/chat/completions "HTTP/1.1 200 OK"
2026-06-18 12:59:55 | INFO    | httpx | HTTP Request: POST https://openrouter.ai/api/v1/chat/completions "HTTP/1.1 200 OK"
2026-06-18 12:59:55 | INFO    | httpx | HTTP Request: POST https://openrouter.ai/api/v1/chat/completions "HTTP/1.1 200 OK"
2026-06-18 12:59:55 | INFO    | httpx | HTTP Request: POST https://openrouter.ai/api/v1/chat/completions "HTTP/1.1 200 OK"
2026-06-18 12:59:55 | INFO    | httpx | HTTP Request: POST https://openrouter.ai/api/v1/chat/completions "HTTP/1.1 200 OK"
2026-06-18 12:59:55 | INFO    | httpx | HTTP Request: POST https://openrouter.ai/api/v1/chat/completions "HTTP/1.1 200 OK"
2026-06-18 12:59:55 | INFO    | httpx | HTTP Request: POST https://openrouter.ai/api/v1/chat/completions "HTTP/1.1 200 OK"
2026-06-18 12:59:55 | INFO    | httpx | HTTP Request: POST https://openrouter.ai/api/v1/chat/completions "HTTP/1.1 200 OK"
2026-06-18 12:59:55 | INFO    | httpx | HTTP Request: POST https://openrouter.ai/api/v1/chat/completions "HTTP/1.1 200 OK"
2026-06-18 12:59:55 | INFO    | httpx | HTTP Request: POST https://openrouter.ai/api/v1/chat/completions "HTTP/1.1 200 OK"
2026-06-18 12:59:55 | INFO    | httpx | HTTP Request: POST https://openrouter.ai/api/v1/chat/completions "HTTP/1.1 200 OK"
2026-06-18 12:59:55 | INFO    | httpx | HTTP Request: POST https://openrouter.ai/api/v1/chat/completions "HTTP/1.1 200 OK"
2026-06-18 12:59:55 | INFO    | httpx | HTTP Request: POST https://openrouter.ai/api/v1/chat/completions "HTTP/1.1 200 OK"
2026-06-18 12:59:56 | INFO    | httpx | HTTP Request: POST https://openrouter.ai/api/v1/chat/completions "HTTP/1.1 200 OK"
2026-06-18 12:59:56 | INFO    | httpx | HTTP Request: POST https://openrouter.ai/api/v1/chat/completions "HTTP/1.1 200 OK"
2026-06-18 12:59:56 | INFO    | httpx | HTTP Request: POST https://openrouter.ai/api/v1/chat/completions "HTTP/1.1 200 OK"
2026-06-18 12:59:56 | INFO    | httpx | HTTP Request: POST https://openrouter.ai/api/v1/chat/completions "HTTP/1.1 200 OK"
2026-06-18 12:59:56 | INFO    | httpx | HTTP Request: POST https://openrouter.ai/api/v1/chat/completions "HTTP/1.1 200 OK"
2026-06-18 12:59:56 | INFO    | httpx | HTTP Request: POST https://openrouter.ai/api/v1/chat/completions "HTTP/1.1 200 OK"
2026-06-18 12:59:56 | INFO    | httpx | HTTP Request: POST https://openrouter.ai/api/v1/chat/completions "HTTP/1.1 200 OK"
2026-06-18 12:59:56 | INFO    | httpx | HTTP Request: POST https://openrouter.ai/api/v1/chat/completions "HTTP/1.1 200 OK"
2026-06-18 12:59:56 | INFO    | httpx | HTTP Request: POST https://openrouter.ai/api/v1/chat/completions "HTTP/1.1 200 OK"
2026-06-18 12:59:56 | INFO    | httpx | HTTP Request: POST https://openrouter.ai/api/v1/chat/completions "HTTP/1.1 200 OK"
2026-06-18 12:59:56 | INFO    | httpx | HTTP Request: POST https://openrouter.ai/api/v1/chat/completions "HTTP/1.1 200 OK"
2026-06-18 12:59:56 | INFO    | httpx | HTTP Request: POST https://openrouter.ai/api/v1/chat/completions "HTTP/1.1 200 OK"
2026-06-18 12:59:57 | INFO    | httpx | HTTP Request: POST https://openrouter.ai/api/v1/chat/completions "HTTP/1.1 200 OK"
2026-06-18 12:59:57 | INFO    | httpx | HTTP Request: POST https://openrouter.ai/api/v1/chat/completions "HTTP/1.1 200 OK"
2026-06-18 12:59:57 | INFO    | httpx | HTTP Request: POST https://openrouter.ai/api/v1/chat/completions "HTTP/1.1 200 OK"
2026-06-18 12:59:57 | INFO    | httpx | HTTP Request: POST https://openrouter.ai/api/v1/chat/completions "HTTP/1.1 200 OK"
2026-06-18 12:59:57 | INFO    | httpx | HTTP Request: POST https://openrouter.ai/api/v1/chat/completions "HTTP/1.1 200 OK"
2026-06-18 12:59:57 | INFO    | httpx | HTTP Request: POST https://openrouter.ai/api/v1/chat/completions "HTTP/1.1 200 OK"
2026-06-18 12:59:57 | INFO    | httpx | HTTP Request: POST https://openrouter.ai/api/v1/chat/completions "HTTP/1.1 200 OK"
2026-06-18 12:59:57 | INFO    | httpx | HTTP Request: POST https://openrouter.ai/api/v1/chat/completions "HTTP/1.1 200 OK"
2026-06-18 12:59:57 | INFO    | httpx | HTTP Request: POST https://openrouter.ai/api/v1/chat/completions "HTTP/1.1 200 OK"
2026-06-18 12:59:57 | INFO    | httpx | HTTP Request: POST https://openrouter.ai/api/v1/chat/completions "HTTP/1.1 200 OK"
2026-06-18 12:59:57 | INFO    | httpx | HTTP Request: POST https://openrouter.ai/api/v1/chat/completions "HTTP/1.1 200 OK"
2026-06-18 12:59:57 | INFO    | httpx | HTTP Request: POST https://openrouter.ai/api/v1/chat/completions "HTTP/1.1 200 OK"
2026-06-18 12:59:58 | INFO    | httpx | HTTP Request: POST https://openrouter.ai/api/v1/chat/completions "HTTP/1.1 200 OK"
2026-06-18 12:59:58 | INFO    | httpx | HTTP Request: POST https://openrouter.ai/api/v1/chat/completions "HTTP/1.1 200 OK"
2026-06-18 12:59:58 | INFO    | httpx | HTTP Request: POST https://openrouter.ai/api/v1/chat/completions "HTTP/1.1 200 OK"
2026-06-18 12:59:58 | INFO    | httpx | HTTP Request: POST https://openrouter.ai/api/v1/chat/completions "HTTP/1.1 200 OK"
2026-06-18 12:59:58 | INFO    | httpx | HTTP Request: POST https://openrouter.ai/api/v1/chat/completions "HTTP/1.1 200 OK"
2026-06-18 12:59:58 | INFO    | httpx | HTTP Request: POST https://openrouter.ai/api/v1/chat/completions "HTTP/1.1 200 OK"
2026-06-18 12:59:58 | INFO    | httpx | HTTP Request: POST https://openrouter.ai/api/v1/chat/completions "HTTP/1.1 200 OK"
2026-06-18 12:59:58 | INFO    | httpx | HTTP Request: POST https://openrouter.ai/api/v1/chat/completions "HTTP/1.1 200 OK"
2026-06-18 12:59:58 | INFO    | httpx | HTTP Request: POST https://openrouter.ai/api/v1/chat/completions "HTTP/1.1 200 OK"
2026-06-18 12:59:58 | INFO    | httpx | HTTP Request: POST https://openrouter.ai/api/v1/chat/completions "HTTP/1.1 200 OK"
2026-06-18 12:59:58 | INFO    | httpx | HTTP Request: POST https://openrouter.ai/api/v1/chat/completions "HTTP/1.1 200 OK"
2026-06-18 12:59:58 | INFO    | httpx | HTTP Request: POST https://openrouter.ai/api/v1/chat/completions "HTTP/1.1 200 OK"
2026-06-18 12:59:59 | INFO    | httpx | HTTP Request: POST https://openrouter.ai/api/v1/chat/completions "HTTP/1.1 200 OK"
2026-06-18 12:59:59 | INFO    | httpx | HTTP Request: POST https://openrouter.ai/api/v1/chat/completions "HTTP/1.1 200 OK"
2026-06-18 12:59:59 | INFO    | httpx | HTTP Request: POST https://openrouter.ai/api/v1/chat/completions "HTTP/1.1 200 OK"
2026-06-18 12:59:59 | INFO    | httpx | HTTP Request: POST https://openrouter.ai/api/v1/chat/completions "HTTP/1.1 200 OK"
2026-06-18 12:59:59 | INFO    | httpx | HTTP Request: POST https://openrouter.ai/api/v1/chat/completions "HTTP/1.1 200 OK"
2026-06-18 12:59:59 | INFO    | httpx | HTTP Request: POST https://openrouter.ai/api/v1/chat/completions "HTTP/1.1 200 OK"
2026-06-18 12:59:59 | INFO    | httpx | HTTP Request: POST https://openrouter.ai/api/v1/chat/completions "HTTP/1.1 200 OK"
2026-06-18 12:59:59 | INFO    | httpx | HTTP Request: POST https://openrouter.ai/api/v1/chat/completions "HTTP/1.1 200 OK"
2026-06-18 12:59:59 | INFO    | httpx | HTTP Request: POST https://openrouter.ai/api/v1/chat/completions "HTTP/1.1 200 OK"
2026-06-18 12:59:59 | INFO    | httpx | HTTP Request: POST https://openrouter.ai/api/v1/chat/completions "HTTP/1.1 200 OK"
2026-06-18 12:59:59 | INFO    | httpx | HTTP Request: POST https://openrouter.ai/api/v1/chat/completions "HTTP/1.1 200 OK"
2026-06-18 12:59:59 | INFO    | httpx | HTTP Request: POST https://openrouter.ai/api/v1/chat/completions "HTTP/1.1 200 OK"
2026-06-18 12:59:59 | INFO    | httpx | HTTP Request: POST https://openrouter.ai/api/v1/chat/completions "HTTP/1.1 200 OK"
2026-06-18 13:00:00 | INFO    | httpx | HTTP Request: POST https://openrouter.ai/api/v1/chat/completions "HTTP/1.1 200 OK"
2026-06-18 13:00:00 | INFO    | httpx | HTTP Request: POST https://openrouter.ai/api/v1/chat/completions "HTTP/1.1 200 OK"
2026-06-18 13:00:00 | INFO    | httpx | HTTP Request: POST https://openrouter.ai/api/v1/chat/completions "HTTP/1.1 200 OK"
2026-06-18 13:00:00 | INFO    | httpx | HTTP Request: POST https://openrouter.ai/api/v1/chat/completions "HTTP/1.1 200 OK"
2026-06-18 13:00:00 | INFO    | httpx | HTTP Request: POST https://openrouter.ai/api/v1/chat/completions "HTTP/1.1 200 OK"
2026-06-18 13:00:00 | INFO    | httpx | HTTP Request: POST https://openrouter.ai/api/v1/chat/completions "HTTP/1.1 200 OK"
2026-06-18 13:00:00 | INFO    | httpx | HTTP Request: POST https://openrouter.ai/api/v1/chat/completions "HTTP/1.1 200 OK"
2026-06-18 13:00:00 | INFO    | httpx | HTTP Request: POST https://openrouter.ai/api/v1/chat/completions "HTTP/1.1 200 OK"
2026-06-18 13:00:00 | INFO    | httpx | HTTP Request: POST https://openrouter.ai/api/v1/chat/completions "HTTP/1.1 200 OK"
2026-06-18 13:00:00 | INFO    | httpx | HTTP Request: POST https://openrouter.ai/api/v1/chat/completions "HTTP/1.1 200 OK"
2026-06-18 13:00:00 | INFO    | httpx | HTTP Request: POST https://openrouter.ai/api/v1/chat/completions "HTTP/1.1 200 OK"
2026-06-18 13:00:00 | INFO    | httpx | HTTP Request: POST https://openrouter.ai/api/v1/chat/completions "HTTP/1.1 200 OK"
2026-06-18 13:00:01 | INFO    | httpx | HTTP Request: POST https://openrouter.ai/api/v1/chat/completions "HTTP/1.1 200 OK"
2026-06-18 13:00:01 | INFO    | httpx | HTTP Request: POST https://openrouter.ai/api/v1/chat/completions "HTTP/1.1 200 OK"
2026-06-18 13:00:01 | INFO    | httpx | HTTP Request: POST https://openrouter.ai/api/v1/chat/completions "HTTP/1.1 200 OK"
2026-06-18 13:00:01 | INFO    | httpx | HTTP Request: POST https://openrouter.ai/api/v1/chat/completions "HTTP/1.1 200 OK"
2026-06-18 13:00:01 | INFO    | httpx | HTTP Request: POST https://openrouter.ai/api/v1/chat/completions "HTTP/1.1 200 OK"
2026-06-18 13:00:01 | INFO    | httpx | HTTP Request: POST https://openrouter.ai/api/v1/chat/completions "HTTP/1.1 200 OK"
2026-06-18 13:00:01 | INFO    | httpx | HTTP Request: POST https://openrouter.ai/api/v1/chat/completions "HTTP/1.1 200 OK"
2026-06-18 13:00:01 | INFO    | httpx | HTTP Request: POST https://openrouter.ai/api/v1/chat/completions "HTTP/1.1 200 OK"
2026-06-18 13:00:01 | INFO    | httpx | HTTP Request: POST https://openrouter.ai/api/v1/chat/completions "HTTP/1.1 200 OK"
2026-06-18 13:00:01 | INFO    | httpx | HTTP Request: POST https://openrouter.ai/api/v1/chat/completions "HTTP/1.1 200 OK"
2026-06-18 13:00:01 | INFO    | httpx | HTTP Request: POST https://openrouter.ai/api/v1/chat/completions "HTTP/1.1 200 OK"
2026-06-18 13:00:01 | INFO    | httpx | HTTP Request: POST https://openrouter.ai/api/v1/chat/completions "HTTP/1.1 200 OK"
2026-06-18 13:00:02 | INFO    | httpx | HTTP Request: POST https://openrouter.ai/api/v1/chat/completions "HTTP/1.1 200 OK"
2026-06-18 13:00:02 | INFO    | httpx | HTTP Request: POST https://openrouter.ai/api/v1/chat/completions "HTTP/1.1 200 OK"
2026-06-18 13:00:02 | INFO    | httpx | HTTP Request: POST https://openrouter.ai/api/v1/chat/completions "HTTP/1.1 200 OK"
2026-06-18 13:00:02 | INFO    | httpx | HTTP Request: POST https://openrouter.ai/api/v1/chat/completions "HTTP/1.1 200 OK"
2026-06-18 13:00:02 | INFO    | httpx | HTTP Request: POST https://openrouter.ai/api/v1/chat/completions "HTTP/1.1 200 OK"
2026-06-18 13:00:02 | INFO    | httpx | HTTP Request: POST https://openrouter.ai/api/v1/chat/completions "HTTP/1.1 200 OK"
2026-06-18 13:00:02 | INFO    | httpx | HTTP Request: POST https://openrouter.ai/api/v1/chat/completions "HTTP/1.1 200 OK"
2026-06-18 13:00:02 | INFO    | httpx | HTTP Request: POST https://openrouter.ai/api/v1/chat/completions "HTTP/1.1 200 OK"
2026-06-18 13:00:02 | INFO    | httpx | HTTP Request: POST https://openrouter.ai/api/v1/chat/completions "HTTP/1.1 200 OK"
2026-06-18 13:00:02 | INFO    | httpx | HTTP Request: POST https://openrouter.ai/api/v1/chat/completions "HTTP/1.1 200 OK"
2026-06-18 13:00:02 | INFO    | httpx | HTTP Request: POST https://openrouter.ai/api/v1/chat/completions "HTTP/1.1 200 OK"
2026-06-18 13:00:03 | INFO    | httpx | HTTP Request: POST https://openrouter.ai/api/v1/chat/completions "HTTP/1.1 200 OK"
2026-06-18 13:00:03 | INFO    | httpx | HTTP Request: POST https://openrouter.ai/api/v1/chat/completions "HTTP/1.1 200 OK"
2026-06-18 13:00:03 | INFO    | httpx | HTTP Request: POST https://openrouter.ai/api/v1/chat/completions "HTTP/1.1 200 OK"
2026-06-18 13:00:03 | INFO    | httpx | HTTP Request: POST https://openrouter.ai/api/v1/chat/completions "HTTP/1.1 200 OK"
2026-06-18 13:00:03 | INFO    | httpx | HTTP Request: POST https://openrouter.ai/api/v1/chat/completions "HTTP/1.1 200 OK"
2026-06-18 13:00:03 | INFO    | httpx | HTTP Request: POST https://openrouter.ai/api/v1/chat/completions "HTTP/1.1 200 OK"
2026-06-18 13:00:03 | INFO    | httpx | HTTP Request: POST https://openrouter.ai/api/v1/chat/completions "HTTP/1.1 200 OK"
2026-06-18 13:00:03 | INFO    | httpx | HTTP Request: POST https://openrouter.ai/api/v1/chat/completions "HTTP/1.1 200 OK"
2026-06-18 13:00:03 | INFO    | httpx | HTTP Request: POST https://openrouter.ai/api/v1/chat/completions "HTTP/1.1 200 OK"
2026-06-18 13:00:03 | INFO    | httpx | HTTP Request: POST https://openrouter.ai/api/v1/chat/completions "HTTP/1.1 200 OK"
2026-06-18 13:00:03 | INFO    | httpx | HTTP Request: POST https://openrouter.ai/api/v1/chat/completions "HTTP/1.1 200 OK"
2026-06-18 13:00:03 | INFO    | httpx | HTTP Request: POST https://openrouter.ai/api/v1/chat/completions "HTTP/1.1 200 OK"
2026-06-18 13:00:04 | INFO    | httpx | HTTP Request: POST https://openrouter.ai/api/v1/chat/completions "HTTP/1.1 200 OK"
2026-06-18 13:00:04 | INFO    | httpx | HTTP Request: POST https://openrouter.ai/api/v1/chat/completions "HTTP/1.1 200 OK"
2026-06-18 13:00:04 | INFO    | __main__ |     нейрон 26266 alpha=-57.99: p_yes=0.450 CI=[0.38,0.52] (n=180)
2026-06-18 13:00:04 | INFO    | __main__ |     нейрон 26266 alpha=+0.00: p_yes=0.450 CI=[0.38,0.52] (n=180)
2026-06-18 13:00:04 | INFO    | __main__ | [7/55] нейрон 26266 (yes_trigger) alpha=+57.99 — генерация ...
2026-06-18 13:01:38 | INFO    | __main__ |     ... всего генераций: 1212
2026-06-18 13:03:11 | INFO    | __main__ |     ... всего генераций: 1224
2026-06-18 13:03:58 | INFO    | __main__ |     ... всего генераций: 1230
2026-06-18 13:05:41 | INFO    | __main__ |     ... всего генераций: 1242
2026-06-18 13:07:10 | INFO    | __main__ |     ... всего генераций: 1254
2026-06-18 13:07:54 | INFO    | __main__ |     ... всего генераций: 1260
2026-06-18 13:09:28 | INFO    | __main__ |     ... всего генераций: 1272
2026-06-18 13:10:47 | INFO    | __main__ |     ... всего генераций: 1284
2026-06-18 13:11:40 | INFO    | __main__ |     ... всего генераций: 1290
2026-06-18 13:13:14 | INFO    | __main__ |     ... всего генераций: 1302
2026-06-18 13:14:53 | INFO    | __main__ |     ... всего генераций: 1314
2026-06-18 13:15:37 | INFO    | __main__ |     ... всего генераций: 1320
2026-06-18 13:17:15 | INFO    | __main__ |     ... всего генераций: 1332
2026-06-18 13:18:46 | INFO    | __main__ |     ... всего генераций: 1344
2026-06-18 13:19:36 | INFO    | __main__ |     ... всего генераций: 1350
2026-06-18 13:21:00 | INFO    | __main__ |     ... всего генераций: 1362
2026-06-18 13:22:31 | INFO    | __main__ |     ... всего генераций: 1374
2026-06-18 13:23:15 | INFO    | __main__ |     ... всего генераций: 1380
2026-06-18 13:23:15 | INFO    | httpx | HTTP Request: POST https://openrouter.ai/api/v1/chat/completions "HTTP/1.1 200 OK"
2026-06-18 13:23:16 | INFO    | httpx | HTTP Request: POST https://openrouter.ai/api/v1/chat/completions "HTTP/1.1 200 OK"
2026-06-18 13:23:16 | INFO    | httpx | HTTP Request: POST https://openrouter.ai/api/v1/chat/completions "HTTP/1.1 200 OK"
2026-06-18 13:23:16 | INFO    | httpx | HTTP Request: POST https://openrouter.ai/api/v1/chat/completions "HTTP/1.1 200 OK"
2026-06-18 13:23:16 | INFO    | httpx | HTTP Request: POST https://openrouter.ai/api/v1/chat/completions "HTTP/1.1 200 OK"
2026-06-18 13:23:16 | INFO    | httpx | HTTP Request: POST https://openrouter.ai/api/v1/chat/completions "HTTP/1.1 200 OK"
2026-06-18 13:23:16 | INFO    | httpx | HTTP Request: POST https://openrouter.ai/api/v1/chat/completions "HTTP/1.1 200 OK"
2026-06-18 13:23:16 | INFO    | httpx | HTTP Request: POST https://openrouter.ai/api/v1/chat/completions "HTTP/1.1 200 OK"
2026-06-18 13:23:16 | INFO    | httpx | HTTP Request: POST https://openrouter.ai/api/v1/chat/completions "HTTP/1.1 200 OK"
2026-06-18 13:23:16 | INFO    | httpx | HTTP Request: POST https://openrouter.ai/api/v1/chat/completions "HTTP/1.1 200 OK"
2026-06-18 13:23:16 | INFO    | httpx | HTTP Request: POST https://openrouter.ai/api/v1/chat/completions "HTTP/1.1 200 OK"
2026-06-18 13:23:16 | INFO    | httpx | HTTP Request: POST https://openrouter.ai/api/v1/chat/completions "HTTP/1.1 200 OK"
2026-06-18 13:23:17 | INFO    | httpx | HTTP Request: POST https://openrouter.ai/api/v1/chat/completions "HTTP/1.1 200 OK"
2026-06-18 13:23:17 | INFO    | httpx | HTTP Request: POST https://openrouter.ai/api/v1/chat/completions "HTTP/1.1 200 OK"
2026-06-18 13:23:17 | INFO    | httpx | HTTP Request: POST https://openrouter.ai/api/v1/chat/completions "HTTP/1.1 200 OK"
2026-06-18 13:23:17 | INFO    | httpx | HTTP Request: POST https://openrouter.ai/api/v1/chat/completions "HTTP/1.1 200 OK"
2026-06-18 13:23:17 | INFO    | httpx | HTTP Request: POST https://openrouter.ai/api/v1/chat/completions "HTTP/1.1 200 OK"
2026-06-18 13:23:17 | INFO    | httpx | HTTP Request: POST https://openrouter.ai/api/v1/chat/completions "HTTP/1.1 200 OK"
2026-06-18 13:23:17 | INFO    | httpx | HTTP Request: POST https://openrouter.ai/api/v1/chat/completions "HTTP/1.1 200 OK"
2026-06-18 13:23:17 | INFO    | httpx | HTTP Request: POST https://openrouter.ai/api/v1/chat/completions "HTTP/1.1 200 OK"
2026-06-18 13:23:17 | INFO    | httpx | HTTP Request: POST https://openrouter.ai/api/v1/chat/completions "HTTP/1.1 200 OK"
2026-06-18 13:23:17 | INFO    | httpx | HTTP Request: POST https://openrouter.ai/api/v1/chat/completions "HTTP/1.1 200 OK"
2026-06-18 13:23:17 | INFO    | httpx | HTTP Request: POST https://openrouter.ai/api/v1/chat/completions "HTTP/1.1 200 OK"
2026-06-18 13:23:17 | INFO    | httpx | HTTP Request: POST https://openrouter.ai/api/v1/chat/completions "HTTP/1.1 200 OK"
2026-06-18 13:23:17 | INFO    | httpx | HTTP Request: POST https://openrouter.ai/api/v1/chat/completions "HTTP/1.1 200 OK"
2026-06-18 13:23:18 | INFO    | httpx | HTTP Request: POST https://openrouter.ai/api/v1/chat/completions "HTTP/1.1 200 OK"
2026-06-18 13:23:18 | INFO    | httpx | HTTP Request: POST https://openrouter.ai/api/v1/chat/completions "HTTP/1.1 200 OK"
2026-06-18 13:23:18 | INFO    | httpx | HTTP Request: POST https://openrouter.ai/api/v1/chat/completions "HTTP/1.1 200 OK"
2026-06-18 13:23:18 | INFO    | httpx | HTTP Request: POST https://openrouter.ai/api/v1/chat/completions "HTTP/1.1 200 OK"
2026-06-18 13:23:18 | INFO    | httpx | HTTP Request: POST https://openrouter.ai/api/v1/chat/completions "HTTP/1.1 200 OK"
2026-06-18 13:23:18 | INFO    | httpx | HTTP Request: POST https://openrouter.ai/api/v1/chat/completions "HTTP/1.1 200 OK"
2026-06-18 13:23:18 | INFO    | httpx | HTTP Request: POST https://openrouter.ai/api/v1/chat/completions "HTTP/1.1 200 OK"
2026-06-18 13:23:18 | INFO    | httpx | HTTP Request: POST https://openrouter.ai/api/v1/chat/completions "HTTP/1.1 200 OK"
2026-06-18 13:23:18 | INFO    | httpx | HTTP Request: POST https://openrouter.ai/api/v1/chat/completions "HTTP/1.1 200 OK"
2026-06-18 13:23:18 | INFO    | httpx | HTTP Request: POST https://openrouter.ai/api/v1/chat/completions "HTTP/1.1 200 OK"
2026-06-18 13:23:19 | INFO    | httpx | HTTP Request: POST https://openrouter.ai/api/v1/chat/completions "HTTP/1.1 200 OK"
2026-06-18 13:23:19 | INFO    | httpx | HTTP Request: POST https://openrouter.ai/api/v1/chat/completions "HTTP/1.1 200 OK"
2026-06-18 13:23:19 | INFO    | httpx | HTTP Request: POST https://openrouter.ai/api/v1/chat/completions "HTTP/1.1 200 OK"
2026-06-18 13:23:19 | INFO    | httpx | HTTP Request: POST https://openrouter.ai/api/v1/chat/completions "HTTP/1.1 200 OK"
2026-06-18 13:23:19 | INFO    | httpx | HTTP Request: POST https://openrouter.ai/api/v1/chat/completions "HTTP/1.1 200 OK"
2026-06-18 13:23:19 | INFO    | httpx | HTTP Request: POST https://openrouter.ai/api/v1/chat/completions "HTTP/1.1 200 OK"
2026-06-18 13:23:19 | INFO    | httpx | HTTP Request: POST https://openrouter.ai/api/v1/chat/completions "HTTP/1.1 200 OK"
2026-06-18 13:23:19 | INFO    | httpx | HTTP Request: POST https://openrouter.ai/api/v1/chat/completions "HTTP/1.1 200 OK"
2026-06-18 13:23:19 | INFO    | httpx | HTTP Request: POST https://openrouter.ai/api/v1/chat/completions "HTTP/1.1 200 OK"
2026-06-18 13:23:19 | INFO    | httpx | HTTP Request: POST https://openrouter.ai/api/v1/chat/completions "HTTP/1.1 200 OK"
2026-06-18 13:23:20 | INFO    | httpx | HTTP Request: POST https://openrouter.ai/api/v1/chat/completions "HTTP/1.1 200 OK"
2026-06-18 13:23:20 | INFO    | httpx | HTTP Request: POST https://openrouter.ai/api/v1/chat/completions "HTTP/1.1 200 OK"
2026-06-18 13:23:20 | INFO    | httpx | HTTP Request: POST https://openrouter.ai/api/v1/chat/completions "HTTP/1.1 200 OK"
2026-06-18 13:23:20 | INFO    | httpx | HTTP Request: POST https://openrouter.ai/api/v1/chat/completions "HTTP/1.1 200 OK"
2026-06-18 13:23:20 | INFO    | httpx | HTTP Request: POST https://openrouter.ai/api/v1/chat/completions "HTTP/1.1 200 OK"
2026-06-18 13:23:20 | INFO    | httpx | HTTP Request: POST https://openrouter.ai/api/v1/chat/completions "HTTP/1.1 200 OK"
2026-06-18 13:23:20 | INFO    | httpx | HTTP Request: POST https://openrouter.ai/api/v1/chat/completions "HTTP/1.1 200 OK"
2026-06-18 13:23:20 | INFO    | httpx | HTTP Request: POST https://openrouter.ai/api/v1/chat/completions "HTTP/1.1 200 OK"
2026-06-18 13:23:20 | INFO    | httpx | HTTP Request: POST https://openrouter.ai/api/v1/chat/completions "HTTP/1.1 200 OK"
2026-06-18 13:23:20 | INFO    | httpx | HTTP Request: POST https://openrouter.ai/api/v1/chat/completions "HTTP/1.1 200 OK"
2026-06-18 13:23:20 | INFO    | httpx | HTTP Request: POST https://openrouter.ai/api/v1/chat/completions "HTTP/1.1 200 OK"
2026-06-18 13:23:20 | INFO    | httpx | HTTP Request: POST https://openrouter.ai/api/v1/chat/completions "HTTP/1.1 200 OK"
2026-06-18 13:23:21 | INFO    | httpx | HTTP Request: POST https://openrouter.ai/api/v1/chat/completions "HTTP/1.1 200 OK"
2026-06-18 13:23:21 | INFO    | httpx | HTTP Request: POST https://openrouter.ai/api/v1/chat/completions "HTTP/1.1 200 OK"
2026-06-18 13:23:21 | INFO    | httpx | HTTP Request: POST https://openrouter.ai/api/v1/chat/completions "HTTP/1.1 200 OK"
2026-06-18 13:23:21 | INFO    | httpx | HTTP Request: POST https://openrouter.ai/api/v1/chat/completions "HTTP/1.1 200 OK"
2026-06-18 13:23:21 | INFO    | httpx | HTTP Request: POST https://openrouter.ai/api/v1/chat/completions "HTTP/1.1 200 OK"
2026-06-18 13:23:21 | INFO    | httpx | HTTP Request: POST https://openrouter.ai/api/v1/chat/completions "HTTP/1.1 200 OK"
2026-06-18 13:23:21 | INFO    | httpx | HTTP Request: POST https://openrouter.ai/api/v1/chat/completions "HTTP/1.1 200 OK"
2026-06-18 13:23:21 | INFO    | httpx | HTTP Request: POST https://openrouter.ai/api/v1/chat/completions "HTTP/1.1 200 OK"
2026-06-18 13:23:21 | INFO    | httpx | HTTP Request: POST https://openrouter.ai/api/v1/chat/completions "HTTP/1.1 200 OK"
2026-06-18 13:23:21 | INFO    | httpx | HTTP Request: POST https://openrouter.ai/api/v1/chat/completions "HTTP/1.1 200 OK"
2026-06-18 13:23:21 | INFO    | httpx | HTTP Request: POST https://openrouter.ai/api/v1/chat/completions "HTTP/1.1 200 OK"
2026-06-18 13:23:22 | INFO    | httpx | HTTP Request: POST https://openrouter.ai/api/v1/chat/completions "HTTP/1.1 200 OK"
2026-06-18 13:23:22 | INFO    | httpx | HTTP Request: POST https://openrouter.ai/api/v1/chat/completions "HTTP/1.1 200 OK"
2026-06-18 13:23:22 | INFO    | httpx | HTTP Request: POST https://openrouter.ai/api/v1/chat/completions "HTTP/1.1 200 OK"
2026-06-18 13:23:22 | INFO    | httpx | HTTP Request: POST https://openrouter.ai/api/v1/chat/completions "HTTP/1.1 200 OK"
2026-06-18 13:23:22 | INFO    | httpx | HTTP Request: POST https://openrouter.ai/api/v1/chat/completions "HTTP/1.1 200 OK"
2026-06-18 13:23:22 | INFO    | httpx | HTTP Request: POST https://openrouter.ai/api/v1/chat/completions "HTTP/1.1 200 OK"
2026-06-18 13:23:22 | INFO    | httpx | HTTP Request: POST https://openrouter.ai/api/v1/chat/completions "HTTP/1.1 200 OK"
2026-06-18 13:23:22 | INFO    | httpx | HTTP Request: POST https://openrouter.ai/api/v1/chat/completions "HTTP/1.1 200 OK"
2026-06-18 13:23:22 | INFO    | httpx | HTTP Request: POST https://openrouter.ai/api/v1/chat/completions "HTTP/1.1 200 OK"
2026-06-18 13:23:22 | INFO    | httpx | HTTP Request: POST https://openrouter.ai/api/v1/chat/completions "HTTP/1.1 200 OK"
2026-06-18 13:23:22 | INFO    | httpx | HTTP Request: POST https://openrouter.ai/api/v1/chat/completions "HTTP/1.1 200 OK"
2026-06-18 13:23:23 | INFO    | httpx | HTTP Request: POST https://openrouter.ai/api/v1/chat/completions "HTTP/1.1 200 OK"
2026-06-18 13:23:23 | INFO    | httpx | HTTP Request: POST https://openrouter.ai/api/v1/chat/completions "HTTP/1.1 200 OK"
2026-06-18 13:23:23 | INFO    | httpx | HTTP Request: POST https://openrouter.ai/api/v1/chat/completions "HTTP/1.1 200 OK"
2026-06-18 13:23:23 | INFO    | httpx | HTTP Request: POST https://openrouter.ai/api/v1/chat/completions "HTTP/1.1 200 OK"
2026-06-18 13:23:23 | INFO    | httpx | HTTP Request: POST https://openrouter.ai/api/v1/chat/completions "HTTP/1.1 200 OK"
2026-06-18 13:23:23 | INFO    | httpx | HTTP Request: POST https://openrouter.ai/api/v1/chat/completions "HTTP/1.1 200 OK"
2026-06-18 13:23:23 | INFO    | httpx | HTTP Request: POST https://openrouter.ai/api/v1/chat/completions "HTTP/1.1 200 OK"
2026-06-18 13:23:23 | INFO    | httpx | HTTP Request: POST https://openrouter.ai/api/v1/chat/completions "HTTP/1.1 200 OK"
2026-06-18 13:23:23 | INFO    | httpx | HTTP Request: POST https://openrouter.ai/api/v1/chat/completions "HTTP/1.1 200 OK"
2026-06-18 13:23:23 | INFO    | httpx | HTTP Request: POST https://openrouter.ai/api/v1/chat/completions "HTTP/1.1 200 OK"
2026-06-18 13:23:24 | INFO    | httpx | HTTP Request: POST https://openrouter.ai/api/v1/chat/completions "HTTP/1.1 200 OK"
2026-06-18 13:23:24 | INFO    | httpx | HTTP Request: POST https://openrouter.ai/api/v1/chat/completions "HTTP/1.1 200 OK"
2026-06-18 13:23:24 | INFO    | httpx | HTTP Request: POST https://openrouter.ai/api/v1/chat/completions "HTTP/1.1 200 OK"
2026-06-18 13:23:24 | INFO    | httpx | HTTP Request: POST https://openrouter.ai/api/v1/chat/completions "HTTP/1.1 200 OK"
2026-06-18 13:23:24 | INFO    | httpx | HTTP Request: POST https://openrouter.ai/api/v1/chat/completions "HTTP/1.1 200 OK"
2026-06-18 13:23:24 | INFO    | httpx | HTTP Request: POST https://openrouter.ai/api/v1/chat/completions "HTTP/1.1 200 OK"
2026-06-18 13:23:24 | INFO    | httpx | HTTP Request: POST https://openrouter.ai/api/v1/chat/completions "HTTP/1.1 200 OK"
2026-06-18 13:23:24 | INFO    | httpx | HTTP Request: POST https://openrouter.ai/api/v1/chat/completions "HTTP/1.1 200 OK"
2026-06-18 13:23:24 | INFO    | httpx | HTTP Request: POST https://openrouter.ai/api/v1/chat/completions "HTTP/1.1 200 OK"
2026-06-18 13:23:24 | INFO    | httpx | HTTP Request: POST https://openrouter.ai/api/v1/chat/completions "HTTP/1.1 200 OK"
2026-06-18 13:23:25 | INFO    | httpx | HTTP Request: POST https://openrouter.ai/api/v1/chat/completions "HTTP/1.1 200 OK"
2026-06-18 13:23:25 | INFO    | httpx | HTTP Request: POST https://openrouter.ai/api/v1/chat/completions "HTTP/1.1 200 OK"
2026-06-18 13:23:25 | INFO    | httpx | HTTP Request: POST https://openrouter.ai/api/v1/chat/completions "HTTP/1.1 200 OK"
2026-06-18 13:23:25 | INFO    | httpx | HTTP Request: POST https://openrouter.ai/api/v1/chat/completions "HTTP/1.1 200 OK"
2026-06-18 13:23:25 | INFO    | httpx | HTTP Request: POST https://openrouter.ai/api/v1/chat/completions "HTTP/1.1 200 OK"
2026-06-18 13:23:25 | INFO    | httpx | HTTP Request: POST https://openrouter.ai/api/v1/chat/completions "HTTP/1.1 200 OK"
2026-06-18 13:23:25 | INFO    | httpx | HTTP Request: POST https://openrouter.ai/api/v1/chat/completions "HTTP/1.1 200 OK"
2026-06-18 13:23:25 | INFO    | httpx | HTTP Request: POST https://openrouter.ai/api/v1/chat/completions "HTTP/1.1 200 OK"
2026-06-18 13:23:25 | INFO    | httpx | HTTP Request: POST https://openrouter.ai/api/v1/chat/completions "HTTP/1.1 200 OK"
2026-06-18 13:23:25 | INFO    | httpx | HTTP Request: POST https://openrouter.ai/api/v1/chat/completions "HTTP/1.1 200 OK"
2026-06-18 13:23:26 | INFO    | httpx | HTTP Request: POST https://openrouter.ai/api/v1/chat/completions "HTTP/1.1 200 OK"
2026-06-18 13:23:26 | INFO    | httpx | HTTP Request: POST https://openrouter.ai/api/v1/chat/completions "HTTP/1.1 200 OK"
2026-06-18 13:23:26 | INFO    | httpx | HTTP Request: POST https://openrouter.ai/api/v1/chat/completions "HTTP/1.1 200 OK"
2026-06-18 13:23:26 | INFO    | httpx | HTTP Request: POST https://openrouter.ai/api/v1/chat/completions "HTTP/1.1 200 OK"
2026-06-18 13:23:26 | INFO    | httpx | HTTP Request: POST https://openrouter.ai/api/v1/chat/completions "HTTP/1.1 200 OK"
2026-06-18 13:23:26 | INFO    | httpx | HTTP Request: POST https://openrouter.ai/api/v1/chat/completions "HTTP/1.1 200 OK"
2026-06-18 13:23:26 | INFO    | httpx | HTTP Request: POST https://openrouter.ai/api/v1/chat/completions "HTTP/1.1 200 OK"
2026-06-18 13:23:26 | INFO    | httpx | HTTP Request: POST https://openrouter.ai/api/v1/chat/completions "HTTP/1.1 200 OK"
2026-06-18 13:23:26 | INFO    | httpx | HTTP Request: POST https://openrouter.ai/api/v1/chat/completions "HTTP/1.1 200 OK"
2026-06-18 13:23:26 | INFO    | httpx | HTTP Request: POST https://openrouter.ai/api/v1/chat/completions "HTTP/1.1 200 OK"
2026-06-18 13:23:26 | INFO    | httpx | HTTP Request: POST https://openrouter.ai/api/v1/chat/completions "HTTP/1.1 200 OK"
2026-06-18 13:23:26 | INFO    | httpx | HTTP Request: POST https://openrouter.ai/api/v1/chat/completions "HTTP/1.1 200 OK"
2026-06-18 13:23:27 | INFO    | httpx | HTTP Request: POST https://openrouter.ai/api/v1/chat/completions "HTTP/1.1 200 OK"
2026-06-18 13:23:27 | INFO    | httpx | HTTP Request: POST https://openrouter.ai/api/v1/chat/completions "HTTP/1.1 200 OK"
2026-06-18 13:23:27 | INFO    | httpx | HTTP Request: POST https://openrouter.ai/api/v1/chat/completions "HTTP/1.1 200 OK"
2026-06-18 13:23:27 | INFO    | httpx | HTTP Request: POST https://openrouter.ai/api/v1/chat/completions "HTTP/1.1 200 OK"
2026-06-18 13:23:27 | INFO    | httpx | HTTP Request: POST https://openrouter.ai/api/v1/chat/completions "HTTP/1.1 200 OK"
2026-06-18 13:23:27 | INFO    | httpx | HTTP Request: POST https://openrouter.ai/api/v1/chat/completions "HTTP/1.1 200 OK"
2026-06-18 13:23:27 | INFO    | httpx | HTTP Request: POST https://openrouter.ai/api/v1/chat/completions "HTTP/1.1 200 OK"
2026-06-18 13:23:27 | INFO    | httpx | HTTP Request: POST https://openrouter.ai/api/v1/chat/completions "HTTP/1.1 200 OK"
2026-06-18 13:23:27 | INFO    | httpx | HTTP Request: POST https://openrouter.ai/api/v1/chat/completions "HTTP/1.1 200 OK"
2026-06-18 13:23:27 | INFO    | httpx | HTTP Request: POST https://openrouter.ai/api/v1/chat/completions "HTTP/1.1 200 OK"
2026-06-18 13:23:28 | INFO    | httpx | HTTP Request: POST https://openrouter.ai/api/v1/chat/completions "HTTP/1.1 200 OK"
2026-06-18 13:23:28 | INFO    | httpx | HTTP Request: POST https://openrouter.ai/api/v1/chat/completions "HTTP/1.1 200 OK"
2026-06-18 13:23:28 | INFO    | httpx | HTTP Request: POST https://openrouter.ai/api/v1/chat/completions "HTTP/1.1 200 OK"
2026-06-18 13:23:28 | INFO    | httpx | HTTP Request: POST https://openrouter.ai/api/v1/chat/completions "HTTP/1.1 200 OK"
2026-06-18 13:23:28 | INFO    | httpx | HTTP Request: POST https://openrouter.ai/api/v1/chat/completions "HTTP/1.1 200 OK"
2026-06-18 13:23:28 | INFO    | httpx | HTTP Request: POST https://openrouter.ai/api/v1/chat/completions "HTTP/1.1 200 OK"
2026-06-18 13:23:28 | INFO    | httpx | HTTP Request: POST https://openrouter.ai/api/v1/chat/completions "HTTP/1.1 200 OK"
2026-06-18 13:23:28 | INFO    | httpx | HTTP Request: POST https://openrouter.ai/api/v1/chat/completions "HTTP/1.1 200 OK"
2026-06-18 13:23:28 | INFO    | httpx | HTTP Request: POST https://openrouter.ai/api/v1/chat/completions "HTTP/1.1 200 OK"
2026-06-18 13:23:28 | INFO    | httpx | HTTP Request: POST https://openrouter.ai/api/v1/chat/completions "HTTP/1.1 200 OK"
2026-06-18 13:23:29 | INFO    | httpx | HTTP Request: POST https://openrouter.ai/api/v1/chat/completions "HTTP/1.1 200 OK"
2026-06-18 13:23:29 | INFO    | httpx | HTTP Request: POST https://openrouter.ai/api/v1/chat/completions "HTTP/1.1 200 OK"
2026-06-18 13:23:29 | INFO    | httpx | HTTP Request: POST https://openrouter.ai/api/v1/chat/completions "HTTP/1.1 200 OK"
2026-06-18 13:23:29 | INFO    | httpx | HTTP Request: POST https://openrouter.ai/api/v1/chat/completions "HTTP/1.1 200 OK"
2026-06-18 13:23:29 | INFO    | httpx | HTTP Request: POST https://openrouter.ai/api/v1/chat/completions "HTTP/1.1 200 OK"
2026-06-18 13:23:29 | INFO    | httpx | HTTP Request: POST https://openrouter.ai/api/v1/chat/completions "HTTP/1.1 200 OK"
2026-06-18 13:23:29 | INFO    | httpx | HTTP Request: POST https://openrouter.ai/api/v1/chat/completions "HTTP/1.1 200 OK"
2026-06-18 13:23:29 | INFO    | httpx | HTTP Request: POST https://openrouter.ai/api/v1/chat/completions "HTTP/1.1 200 OK"
2026-06-18 13:23:29 | INFO    | httpx | HTTP Request: POST https://openrouter.ai/api/v1/chat/completions "HTTP/1.1 200 OK"
2026-06-18 13:23:29 | INFO    | httpx | HTTP Request: POST https://openrouter.ai/api/v1/chat/completions "HTTP/1.1 200 OK"
2026-06-18 13:23:29 | INFO    | httpx | HTTP Request: POST https://openrouter.ai/api/v1/chat/completions "HTTP/1.1 200 OK"
2026-06-18 13:23:29 | INFO    | httpx | HTTP Request: POST https://openrouter.ai/api/v1/chat/completions "HTTP/1.1 200 OK"
2026-06-18 13:23:30 | INFO    | httpx | HTTP Request: POST https://openrouter.ai/api/v1/chat/completions "HTTP/1.1 200 OK"
2026-06-18 13:23:30 | INFO    | httpx | HTTP Request: POST https://openrouter.ai/api/v1/chat/completions "HTTP/1.1 200 OK"
2026-06-18 13:23:30 | INFO    | httpx | HTTP Request: POST https://openrouter.ai/api/v1/chat/completions "HTTP/1.1 200 OK"
2026-06-18 13:23:30 | INFO    | httpx | HTTP Request: POST https://openrouter.ai/api/v1/chat/completions "HTTP/1.1 200 OK"
2026-06-18 13:23:30 | INFO    | httpx | HTTP Request: POST https://openrouter.ai/api/v1/chat/completions "HTTP/1.1 200 OK"
2026-06-18 13:23:30 | INFO    | httpx | HTTP Request: POST https://openrouter.ai/api/v1/chat/completions "HTTP/1.1 200 OK"
2026-06-18 13:23:30 | INFO    | httpx | HTTP Request: POST https://openrouter.ai/api/v1/chat/completions "HTTP/1.1 200 OK"
2026-06-18 13:23:30 | INFO    | httpx | HTTP Request: POST https://openrouter.ai/api/v1/chat/completions "HTTP/1.1 200 OK"
2026-06-18 13:23:30 | INFO    | httpx | HTTP Request: POST https://openrouter.ai/api/v1/chat/completions "HTTP/1.1 200 OK"
2026-06-18 13:23:30 | INFO    | httpx | HTTP Request: POST https://openrouter.ai/api/v1/chat/completions "HTTP/1.1 200 OK"
2026-06-18 13:23:31 | INFO    | httpx | HTTP Request: POST https://openrouter.ai/api/v1/chat/completions "HTTP/1.1 200 OK"
2026-06-18 13:23:31 | INFO    | httpx | HTTP Request: POST https://openrouter.ai/api/v1/chat/completions "HTTP/1.1 200 OK"
2026-06-18 13:23:31 | INFO    | httpx | HTTP Request: POST https://openrouter.ai/api/v1/chat/completions "HTTP/1.1 200 OK"
2026-06-18 13:23:31 | INFO    | httpx | HTTP Request: POST https://openrouter.ai/api/v1/chat/completions "HTTP/1.1 200 OK"
2026-06-18 13:23:31 | INFO    | httpx | HTTP Request: POST https://openrouter.ai/api/v1/chat/completions "HTTP/1.1 200 OK"
2026-06-18 13:23:31 | INFO    | httpx | HTTP Request: POST https://openrouter.ai/api/v1/chat/completions "HTTP/1.1 200 OK"
2026-06-18 13:23:31 | INFO    | httpx | HTTP Request: POST https://openrouter.ai/api/v1/chat/completions "HTTP/1.1 200 OK"
2026-06-18 13:23:31 | INFO    | httpx | HTTP Request: POST https://openrouter.ai/api/v1/chat/completions "HTTP/1.1 200 OK"
2026-06-18 13:23:31 | INFO    | httpx | HTTP Request: POST https://openrouter.ai/api/v1/chat/completions "HTTP/1.1 200 OK"
2026-06-18 13:23:31 | INFO    | httpx | HTTP Request: POST https://openrouter.ai/api/v1/chat/completions "HTTP/1.1 200 OK"
2026-06-18 13:23:31 | INFO    | httpx | HTTP Request: POST https://openrouter.ai/api/v1/chat/completions "HTTP/1.1 200 OK"
2026-06-18 13:23:31 | INFO    | httpx | HTTP Request: POST https://openrouter.ai/api/v1/chat/completions "HTTP/1.1 200 OK"
2026-06-18 13:23:32 | INFO    | httpx | HTTP Request: POST https://openrouter.ai/api/v1/chat/completions "HTTP/1.1 200 OK"
2026-06-18 13:23:32 | INFO    | httpx | HTTP Request: POST https://openrouter.ai/api/v1/chat/completions "HTTP/1.1 200 OK"
2026-06-18 13:23:32 | INFO    | httpx | HTTP Request: POST https://openrouter.ai/api/v1/chat/completions "HTTP/1.1 200 OK"
2026-06-18 13:23:32 | INFO    | httpx | HTTP Request: POST https://openrouter.ai/api/v1/chat/completions "HTTP/1.1 200 OK"
2026-06-18 13:23:33 | INFO    | httpx | HTTP Request: POST https://openrouter.ai/api/v1/chat/completions "HTTP/1.1 200 OK"
2026-06-18 13:23:33 | INFO    | __main__ |     нейрон 26266 alpha=+57.99: p_yes=0.500 CI=[0.42,0.57] (n=180)
2026-06-18 13:23:33 | INFO    | __main__ | [8/55] нейрон 26266 (yes_trigger) alpha=+115.98 — генерация ...
2026-06-18 13:25:09 | INFO    | __main__ |     ... всего генераций: 1392
2026-06-18 13:26:40 | INFO    | __main__ |     ... всего генераций: 1404
2026-06-18 13:27:28 | INFO    | __main__ |     ... всего генераций: 1410
2026-06-18 13:29:01 | INFO    | __main__ |     ... всего генераций: 1422
2026-06-18 13:30:40 | INFO    | __main__ |     ... всего генераций: 1434
2026-06-18 13:31:33 | INFO    | __main__ |     ... всего генераций: 1440
2026-06-18 13:33:05 | INFO    | __main__ |     ... всего генераций: 1452
2026-06-18 13:34:49 | INFO    | __main__ |     ... всего генераций: 1464
2026-06-18 13:35:40 | INFO    | __main__ |     ... всего генераций: 1470
2026-06-18 13:37:22 | INFO    | __main__ |     ... всего генераций: 1482
2026-06-18 13:39:02 | INFO    | __main__ |     ... всего генераций: 1494
2026-06-18 13:39:53 | INFO    | __main__ |     ... всего генераций: 1500
2026-06-18 13:41:32 | INFO    | __main__ |     ... всего генераций: 1512
2026-06-18 13:43:16 | INFO    | __main__ |     ... всего генераций: 1524
2026-06-18 13:44:03 | INFO    | __main__ |     ... всего генераций: 1530
2026-06-18 13:45:51 | INFO    | __main__ |     ... всего генераций: 1542
2026-06-18 13:47:52 | INFO    | __main__ |     ... всего генераций: 1554
2026-06-18 13:48:51 | INFO    | __main__ |     ... всего генераций: 1560
2026-06-18 13:48:51 | INFO    | httpx | HTTP Request: POST https://openrouter.ai/api/v1/chat/completions "HTTP/1.1 200 OK"
2026-06-18 13:48:51 | INFO    | httpx | HTTP Request: POST https://openrouter.ai/api/v1/chat/completions "HTTP/1.1 200 OK"
2026-06-18 13:48:52 | INFO    | httpx | HTTP Request: POST https://openrouter.ai/api/v1/chat/completions "HTTP/1.1 200 OK"
2026-06-18 13:48:52 | INFO    | httpx | HTTP Request: POST https://openrouter.ai/api/v1/chat/completions "HTTP/1.1 200 OK"
2026-06-18 13:48:52 | INFO    | httpx | HTTP Request: POST https://openrouter.ai/api/v1/chat/completions "HTTP/1.1 200 OK"
2026-06-18 13:48:52 | INFO    | httpx | HTTP Request: POST https://openrouter.ai/api/v1/chat/completions "HTTP/1.1 200 OK"
2026-06-18 13:48:52 | INFO    | httpx | HTTP Request: POST https://openrouter.ai/api/v1/chat/completions "HTTP/1.1 200 OK"
2026-06-18 13:48:52 | INFO    | httpx | HTTP Request: POST https://openrouter.ai/api/v1/chat/completions "HTTP/1.1 200 OK"
2026-06-18 13:48:52 | INFO    | httpx | HTTP Request: POST https://openrouter.ai/api/v1/chat/completions "HTTP/1.1 200 OK"
2026-06-18 13:48:52 | INFO    | httpx | HTTP Request: POST https://openrouter.ai/api/v1/chat/completions "HTTP/1.1 200 OK"
2026-06-18 13:48:52 | INFO    | httpx | HTTP Request: POST https://openrouter.ai/api/v1/chat/completions "HTTP/1.1 200 OK"
2026-06-18 13:48:52 | INFO    | httpx | HTTP Request: POST https://openrouter.ai/api/v1/chat/completions "HTTP/1.1 200 OK"
2026-06-18 13:48:53 | INFO    | httpx | HTTP Request: POST https://openrouter.ai/api/v1/chat/completions "HTTP/1.1 200 OK"
2026-06-18 13:48:53 | INFO    | httpx | HTTP Request: POST https://openrouter.ai/api/v1/chat/completions "HTTP/1.1 200 OK"
2026-06-18 13:48:53 | INFO    | httpx | HTTP Request: POST https://openrouter.ai/api/v1/chat/completions "HTTP/1.1 200 OK"
2026-06-18 13:48:53 | INFO    | httpx | HTTP Request: POST https://openrouter.ai/api/v1/chat/completions "HTTP/1.1 200 OK"
2026-06-18 13:48:53 | INFO    | httpx | HTTP Request: POST https://openrouter.ai/api/v1/chat/completions "HTTP/1.1 200 OK"
2026-06-18 13:48:53 | INFO    | httpx | HTTP Request: POST https://openrouter.ai/api/v1/chat/completions "HTTP/1.1 200 OK"
2026-06-18 13:48:53 | INFO    | httpx | HTTP Request: POST https://openrouter.ai/api/v1/chat/completions "HTTP/1.1 200 OK"
2026-06-18 13:48:53 | INFO    | httpx | HTTP Request: POST https://openrouter.ai/api/v1/chat/completions "HTTP/1.1 200 OK"
2026-06-18 13:48:53 | INFO    | httpx | HTTP Request: POST https://openrouter.ai/api/v1/chat/completions "HTTP/1.1 200 OK"
2026-06-18 13:48:53 | INFO    | httpx | HTTP Request: POST https://openrouter.ai/api/v1/chat/completions "HTTP/1.1 200 OK"
2026-06-18 13:48:53 | INFO    | httpx | HTTP Request: POST https://openrouter.ai/api/v1/chat/completions "HTTP/1.1 200 OK"
2026-06-18 13:48:53 | INFO    | httpx | HTTP Request: POST https://openrouter.ai/api/v1/chat/completions "HTTP/1.1 200 OK"
2026-06-18 13:48:54 | INFO    | httpx | HTTP Request: POST https://openrouter.ai/api/v1/chat/completions "HTTP/1.1 200 OK"
2026-06-18 13:48:54 | INFO    | httpx | HTTP Request: POST https://openrouter.ai/api/v1/chat/completions "HTTP/1.1 200 OK"
2026-06-18 13:48:54 | INFO    | httpx | HTTP Request: POST https://openrouter.ai/api/v1/chat/completions "HTTP/1.1 200 OK"
2026-06-18 13:48:54 | INFO    | httpx | HTTP Request: POST https://openrouter.ai/api/v1/chat/completions "HTTP/1.1 200 OK"
2026-06-18 13:48:54 | INFO    | httpx | HTTP Request: POST https://openrouter.ai/api/v1/chat/completions "HTTP/1.1 200 OK"
2026-06-18 13:48:54 | INFO    | httpx | HTTP Request: POST https://openrouter.ai/api/v1/chat/completions "HTTP/1.1 200 OK"
2026-06-18 13:48:54 | INFO    | httpx | HTTP Request: POST https://openrouter.ai/api/v1/chat/completions "HTTP/1.1 200 OK"
2026-06-18 13:48:54 | INFO    | httpx | HTTP Request: POST https://openrouter.ai/api/v1/chat/completions "HTTP/1.1 200 OK"
2026-06-18 13:48:54 | INFO    | httpx | HTTP Request: POST https://openrouter.ai/api/v1/chat/completions "HTTP/1.1 200 OK"
2026-06-18 13:48:54 | INFO    | httpx | HTTP Request: POST https://openrouter.ai/api/v1/chat/completions "HTTP/1.1 200 OK"
2026-06-18 13:48:54 | INFO    | httpx | HTTP Request: POST https://openrouter.ai/api/v1/chat/completions "HTTP/1.1 200 OK"
2026-06-18 13:48:55 | INFO    | httpx | HTTP Request: POST https://openrouter.ai/api/v1/chat/completions "HTTP/1.1 200 OK"
2026-06-18 13:48:55 | INFO    | httpx | HTTP Request: POST https://openrouter.ai/api/v1/chat/completions "HTTP/1.1 200 OK"
2026-06-18 13:48:55 | INFO    | httpx | HTTP Request: POST https://openrouter.ai/api/v1/chat/completions "HTTP/1.1 200 OK"
2026-06-18 13:48:55 | INFO    | httpx | HTTP Request: POST https://openrouter.ai/api/v1/chat/completions "HTTP/1.1 200 OK"
2026-06-18 13:48:55 | INFO    | httpx | HTTP Request: POST https://openrouter.ai/api/v1/chat/completions "HTTP/1.1 200 OK"
2026-06-18 13:48:55 | INFO    | httpx | HTTP Request: POST https://openrouter.ai/api/v1/chat/completions "HTTP/1.1 200 OK"
2026-06-18 13:48:55 | INFO    | httpx | HTTP Request: POST https://openrouter.ai/api/v1/chat/completions "HTTP/1.1 200 OK"
2026-06-18 13:48:55 | INFO    | httpx | HTTP Request: POST https://openrouter.ai/api/v1/chat/completions "HTTP/1.1 200 OK"
2026-06-18 13:48:56 | INFO    | httpx | HTTP Request: POST https://openrouter.ai/api/v1/chat/completions "HTTP/1.1 200 OK"
2026-06-18 13:48:56 | INFO    | httpx | HTTP Request: POST https://openrouter.ai/api/v1/chat/completions "HTTP/1.1 200 OK"
2026-06-18 13:48:56 | INFO    | httpx | HTTP Request: POST https://openrouter.ai/api/v1/chat/completions "HTTP/1.1 200 OK"
2026-06-18 13:48:56 | INFO    | httpx | HTTP Request: POST https://openrouter.ai/api/v1/chat/completions "HTTP/1.1 200 OK"
2026-06-18 13:48:56 | INFO    | httpx | HTTP Request: POST https://openrouter.ai/api/v1/chat/completions "HTTP/1.1 200 OK"
2026-06-18 13:48:56 | INFO    | httpx | HTTP Request: POST https://openrouter.ai/api/v1/chat/completions "HTTP/1.1 200 OK"
2026-06-18 13:48:56 | INFO    | httpx | HTTP Request: POST https://openrouter.ai/api/v1/chat/completions "HTTP/1.1 200 OK"
2026-06-18 13:48:56 | INFO    | httpx | HTTP Request: POST https://openrouter.ai/api/v1/chat/completions "HTTP/1.1 200 OK"
2026-06-18 13:48:56 | INFO    | httpx | HTTP Request: POST https://openrouter.ai/api/v1/chat/completions "HTTP/1.1 200 OK"
2026-06-18 13:48:56 | INFO    | httpx | HTTP Request: POST https://openrouter.ai/api/v1/chat/completions "HTTP/1.1 200 OK"
2026-06-18 13:48:56 | INFO    | httpx | HTTP Request: POST https://openrouter.ai/api/v1/chat/completions "HTTP/1.1 200 OK"
2026-06-18 13:48:56 | INFO    | httpx | HTTP Request: POST https://openrouter.ai/api/v1/chat/completions "HTTP/1.1 200 OK"
2026-06-18 13:48:57 | INFO    | httpx | HTTP Request: POST https://openrouter.ai/api/v1/chat/completions "HTTP/1.1 200 OK"
2026-06-18 13:48:57 | INFO    | httpx | HTTP Request: POST https://openrouter.ai/api/v1/chat/completions "HTTP/1.1 200 OK"
2026-06-18 13:48:57 | INFO    | httpx | HTTP Request: POST https://openrouter.ai/api/v1/chat/completions "HTTP/1.1 200 OK"
2026-06-18 13:48:57 | INFO    | httpx | HTTP Request: POST https://openrouter.ai/api/v1/chat/completions "HTTP/1.1 200 OK"
2026-06-18 13:48:57 | INFO    | httpx | HTTP Request: POST https://openrouter.ai/api/v1/chat/completions "HTTP/1.1 200 OK"
2026-06-18 13:48:57 | INFO    | httpx | HTTP Request: POST https://openrouter.ai/api/v1/chat/completions "HTTP/1.1 200 OK"
2026-06-18 13:48:57 | INFO    | httpx | HTTP Request: POST https://openrouter.ai/api/v1/chat/completions "HTTP/1.1 200 OK"
2026-06-18 13:48:57 | INFO    | httpx | HTTP Request: POST https://openrouter.ai/api/v1/chat/completions "HTTP/1.1 200 OK"
2026-06-18 13:48:58 | INFO    | httpx | HTTP Request: POST https://openrouter.ai/api/v1/chat/completions "HTTP/1.1 200 OK"
2026-06-18 13:48:58 | INFO    | httpx | HTTP Request: POST https://openrouter.ai/api/v1/chat/completions "HTTP/1.1 200 OK"
2026-06-18 13:48:58 | INFO    | httpx | HTTP Request: POST https://openrouter.ai/api/v1/chat/completions "HTTP/1.1 200 OK"
2026-06-18 13:48:58 | INFO    | httpx | HTTP Request: POST https://openrouter.ai/api/v1/chat/completions "HTTP/1.1 200 OK"
2026-06-18 13:48:58 | INFO    | httpx | HTTP Request: POST https://openrouter.ai/api/v1/chat/completions "HTTP/1.1 200 OK"
2026-06-18 13:48:58 | INFO    | httpx | HTTP Request: POST https://openrouter.ai/api/v1/chat/completions "HTTP/1.1 200 OK"
2026-06-18 13:48:58 | INFO    | httpx | HTTP Request: POST https://openrouter.ai/api/v1/chat/completions "HTTP/1.1 200 OK"
2026-06-18 13:48:58 | INFO    | httpx | HTTP Request: POST https://openrouter.ai/api/v1/chat/completions "HTTP/1.1 200 OK"
2026-06-18 13:48:58 | INFO    | httpx | HTTP Request: POST https://openrouter.ai/api/v1/chat/completions "HTTP/1.1 200 OK"
2026-06-18 13:48:58 | INFO    | httpx | HTTP Request: POST https://openrouter.ai/api/v1/chat/completions "HTTP/1.1 200 OK"
2026-06-18 13:48:58 | INFO    | httpx | HTTP Request: POST https://openrouter.ai/api/v1/chat/completions "HTTP/1.1 200 OK"
2026-06-18 13:48:58 | INFO    | httpx | HTTP Request: POST https://openrouter.ai/api/v1/chat/completions "HTTP/1.1 200 OK"
2026-06-18 13:48:59 | INFO    | httpx | HTTP Request: POST https://openrouter.ai/api/v1/chat/completions "HTTP/1.1 200 OK"
2026-06-18 13:48:59 | INFO    | httpx | HTTP Request: POST https://openrouter.ai/api/v1/chat/completions "HTTP/1.1 200 OK"
2026-06-18 13:48:59 | INFO    | httpx | HTTP Request: POST https://openrouter.ai/api/v1/chat/completions "HTTP/1.1 200 OK"
2026-06-18 13:48:59 | INFO    | httpx | HTTP Request: POST https://openrouter.ai/api/v1/chat/completions "HTTP/1.1 200 OK"
2026-06-18 13:48:59 | INFO    | httpx | HTTP Request: POST https://openrouter.ai/api/v1/chat/completions "HTTP/1.1 200 OK"
2026-06-18 13:48:59 | INFO    | httpx | HTTP Request: POST https://openrouter.ai/api/v1/chat/completions "HTTP/1.1 200 OK"
2026-06-18 13:48:59 | INFO    | httpx | HTTP Request: POST https://openrouter.ai/api/v1/chat/completions "HTTP/1.1 200 OK"
2026-06-18 13:48:59 | INFO    | httpx | HTTP Request: POST https://openrouter.ai/api/v1/chat/completions "HTTP/1.1 200 OK"
2026-06-18 13:48:59 | INFO    | httpx | HTTP Request: POST https://openrouter.ai/api/v1/chat/completions "HTTP/1.1 200 OK"
2026-06-18 13:48:59 | INFO    | httpx | HTTP Request: POST https://openrouter.ai/api/v1/chat/completions "HTTP/1.1 200 OK"
2026-06-18 13:48:59 | INFO    | httpx | HTTP Request: POST https://openrouter.ai/api/v1/chat/completions "HTTP/1.1 200 OK"
2026-06-18 13:49:00 | INFO    | httpx | HTTP Request: POST https://openrouter.ai/api/v1/chat/completions "HTTP/1.1 200 OK"
2026-06-18 13:49:00 | INFO    | httpx | HTTP Request: POST https://openrouter.ai/api/v1/chat/completions "HTTP/1.1 200 OK"
2026-06-18 13:49:00 | INFO    | httpx | HTTP Request: POST https://openrouter.ai/api/v1/chat/completions "HTTP/1.1 200 OK"
2026-06-18 13:49:00 | INFO    | httpx | HTTP Request: POST https://openrouter.ai/api/v1/chat/completions "HTTP/1.1 200 OK"
2026-06-18 13:49:00 | INFO    | httpx | HTTP Request: POST https://openrouter.ai/api/v1/chat/completions "HTTP/1.1 200 OK"
2026-06-18 13:49:00 | INFO    | httpx | HTTP Request: POST https://openrouter.ai/api/v1/chat/completions "HTTP/1.1 200 OK"
2026-06-18 13:49:00 | INFO    | httpx | HTTP Request: POST https://openrouter.ai/api/v1/chat/completions "HTTP/1.1 200 OK"
2026-06-18 13:49:00 | INFO    | httpx | HTTP Request: POST https://openrouter.ai/api/v1/chat/completions "HTTP/1.1 200 OK"
2026-06-18 13:49:00 | INFO    | httpx | HTTP Request: POST https://openrouter.ai/api/v1/chat/completions "HTTP/1.1 200 OK"
2026-06-18 13:49:00 | INFO    | httpx | HTTP Request: POST https://openrouter.ai/api/v1/chat/completions "HTTP/1.1 200 OK"
2026-06-18 13:49:00 | INFO    | httpx | HTTP Request: POST https://openrouter.ai/api/v1/chat/completions "HTTP/1.1 200 OK"
2026-06-18 13:49:01 | INFO    | httpx | HTTP Request: POST https://openrouter.ai/api/v1/chat/completions "HTTP/1.1 200 OK"
2026-06-18 13:49:01 | INFO    | httpx | HTTP Request: POST https://openrouter.ai/api/v1/chat/completions "HTTP/1.1 200 OK"
2026-06-18 13:49:01 | INFO    | httpx | HTTP Request: POST https://openrouter.ai/api/v1/chat/completions "HTTP/1.1 200 OK"
2026-06-18 13:49:01 | INFO    | httpx | HTTP Request: POST https://openrouter.ai/api/v1/chat/completions "HTTP/1.1 200 OK"
2026-06-18 13:49:01 | INFO    | httpx | HTTP Request: POST https://openrouter.ai/api/v1/chat/completions "HTTP/1.1 200 OK"
2026-06-18 13:49:01 | INFO    | httpx | HTTP Request: POST https://openrouter.ai/api/v1/chat/completions "HTTP/1.1 200 OK"
2026-06-18 13:49:01 | INFO    | httpx | HTTP Request: POST https://openrouter.ai/api/v1/chat/completions "HTTP/1.1 200 OK"
2026-06-18 13:49:01 | INFO    | httpx | HTTP Request: POST https://openrouter.ai/api/v1/chat/completions "HTTP/1.1 200 OK"
2026-06-18 13:49:01 | INFO    | httpx | HTTP Request: POST https://openrouter.ai/api/v1/chat/completions "HTTP/1.1 200 OK"
2026-06-18 13:49:01 | INFO    | httpx | HTTP Request: POST https://openrouter.ai/api/v1/chat/completions "HTTP/1.1 200 OK"
2026-06-18 13:49:01 | INFO    | httpx | HTTP Request: POST https://openrouter.ai/api/v1/chat/completions "HTTP/1.1 200 OK"
2026-06-18 13:49:02 | INFO    | httpx | HTTP Request: POST https://openrouter.ai/api/v1/chat/completions "HTTP/1.1 200 OK"
2026-06-18 13:49:02 | INFO    | httpx | HTTP Request: POST https://openrouter.ai/api/v1/chat/completions "HTTP/1.1 200 OK"
2026-06-18 13:49:02 | INFO    | httpx | HTTP Request: POST https://openrouter.ai/api/v1/chat/completions "HTTP/1.1 200 OK"
2026-06-18 13:49:02 | INFO    | httpx | HTTP Request: POST https://openrouter.ai/api/v1/chat/completions "HTTP/1.1 200 OK"
2026-06-18 13:49:02 | INFO    | httpx | HTTP Request: POST https://openrouter.ai/api/v1/chat/completions "HTTP/1.1 200 OK"
2026-06-18 13:49:02 | INFO    | httpx | HTTP Request: POST https://openrouter.ai/api/v1/chat/completions "HTTP/1.1 200 OK"
2026-06-18 13:49:02 | INFO    | httpx | HTTP Request: POST https://openrouter.ai/api/v1/chat/completions "HTTP/1.1 200 OK"
2026-06-18 13:49:02 | INFO    | httpx | HTTP Request: POST https://openrouter.ai/api/v1/chat/completions "HTTP/1.1 200 OK"
2026-06-18 13:49:02 | INFO    | httpx | HTTP Request: POST https://openrouter.ai/api/v1/chat/completions "HTTP/1.1 200 OK"
2026-06-18 13:49:02 | INFO    | httpx | HTTP Request: POST https://openrouter.ai/api/v1/chat/completions "HTTP/1.1 200 OK"
2026-06-18 13:49:03 | INFO    | httpx | HTTP Request: POST https://openrouter.ai/api/v1/chat/completions "HTTP/1.1 200 OK"
2026-06-18 13:49:03 | INFO    | httpx | HTTP Request: POST https://openrouter.ai/api/v1/chat/completions "HTTP/1.1 200 OK"
2026-06-18 13:49:03 | INFO    | httpx | HTTP Request: POST https://openrouter.ai/api/v1/chat/completions "HTTP/1.1 200 OK"
2026-06-18 13:49:03 | INFO    | httpx | HTTP Request: POST https://openrouter.ai/api/v1/chat/completions "HTTP/1.1 200 OK"
2026-06-18 13:49:03 | INFO    | httpx | HTTP Request: POST https://openrouter.ai/api/v1/chat/completions "HTTP/1.1 200 OK"
2026-06-18 13:49:03 | INFO    | httpx | HTTP Request: POST https://openrouter.ai/api/v1/chat/completions "HTTP/1.1 200 OK"
2026-06-18 13:49:03 | INFO    | httpx | HTTP Request: POST https://openrouter.ai/api/v1/chat/completions "HTTP/1.1 200 OK"
2026-06-18 13:49:03 | INFO    | httpx | HTTP Request: POST https://openrouter.ai/api/v1/chat/completions "HTTP/1.1 200 OK"
2026-06-18 13:49:03 | INFO    | httpx | HTTP Request: POST https://openrouter.ai/api/v1/chat/completions "HTTP/1.1 200 OK"
2026-06-18 13:49:03 | INFO    | httpx | HTTP Request: POST https://openrouter.ai/api/v1/chat/completions "HTTP/1.1 200 OK"
2026-06-18 13:49:03 | INFO    | httpx | HTTP Request: POST https://openrouter.ai/api/v1/chat/completions "HTTP/1.1 200 OK"
2026-06-18 13:49:03 | INFO    | httpx | HTTP Request: POST https://openrouter.ai/api/v1/chat/completions "HTTP/1.1 200 OK"
2026-06-18 13:49:04 | INFO    | httpx | HTTP Request: POST https://openrouter.ai/api/v1/chat/completions "HTTP/1.1 200 OK"
2026-06-18 13:49:04 | INFO    | httpx | HTTP Request: POST https://openrouter.ai/api/v1/chat/completions "HTTP/1.1 200 OK"
2026-06-18 13:49:04 | INFO    | httpx | HTTP Request: POST https://openrouter.ai/api/v1/chat/completions "HTTP/1.1 200 OK"
2026-06-18 13:49:04 | INFO    | httpx | HTTP Request: POST https://openrouter.ai/api/v1/chat/completions "HTTP/1.1 200 OK"
2026-06-18 13:49:04 | INFO    | httpx | HTTP Request: POST https://openrouter.ai/api/v1/chat/completions "HTTP/1.1 200 OK"
2026-06-18 13:49:04 | INFO    | httpx | HTTP Request: POST https://openrouter.ai/api/v1/chat/completions "HTTP/1.1 200 OK"
2026-06-18 13:49:04 | INFO    | httpx | HTTP Request: POST https://openrouter.ai/api/v1/chat/completions "HTTP/1.1 200 OK"
2026-06-18 13:49:04 | INFO    | httpx | HTTP Request: POST https://openrouter.ai/api/v1/chat/completions "HTTP/1.1 200 OK"
2026-06-18 13:49:04 | INFO    | httpx | HTTP Request: POST https://openrouter.ai/api/v1/chat/completions "HTTP/1.1 200 OK"
2026-06-18 13:49:04 | INFO    | httpx | HTTP Request: POST https://openrouter.ai/api/v1/chat/completions "HTTP/1.1 200 OK"
2026-06-18 13:49:04 | INFO    | httpx | HTTP Request: POST https://openrouter.ai/api/v1/chat/completions "HTTP/1.1 200 OK"
2026-06-18 13:49:05 | INFO    | httpx | HTTP Request: POST https://openrouter.ai/api/v1/chat/completions "HTTP/1.1 200 OK"
2026-06-18 13:49:05 | INFO    | httpx | HTTP Request: POST https://openrouter.ai/api/v1/chat/completions "HTTP/1.1 200 OK"
2026-06-18 13:49:05 | INFO    | httpx | HTTP Request: POST https://openrouter.ai/api/v1/chat/completions "HTTP/1.1 200 OK"
2026-06-18 13:49:05 | INFO    | httpx | HTTP Request: POST https://openrouter.ai/api/v1/chat/completions "HTTP/1.1 200 OK"
2026-06-18 13:49:05 | INFO    | httpx | HTTP Request: POST https://openrouter.ai/api/v1/chat/completions "HTTP/1.1 200 OK"
2026-06-18 13:49:05 | INFO    | httpx | HTTP Request: POST https://openrouter.ai/api/v1/chat/completions "HTTP/1.1 200 OK"
2026-06-18 13:49:05 | INFO    | httpx | HTTP Request: POST https://openrouter.ai/api/v1/chat/completions "HTTP/1.1 200 OK"
2026-06-18 13:49:05 | INFO    | httpx | HTTP Request: POST https://openrouter.ai/api/v1/chat/completions "HTTP/1.1 200 OK"
2026-06-18 13:49:05 | INFO    | httpx | HTTP Request: POST https://openrouter.ai/api/v1/chat/completions "HTTP/1.1 200 OK"
2026-06-18 13:49:05 | INFO    | httpx | HTTP Request: POST https://openrouter.ai/api/v1/chat/completions "HTTP/1.1 200 OK"
2026-06-18 13:49:06 | INFO    | httpx | HTTP Request: POST https://openrouter.ai/api/v1/chat/completions "HTTP/1.1 200 OK"
2026-06-18 13:49:06 | INFO    | httpx | HTTP Request: POST https://openrouter.ai/api/v1/chat/completions "HTTP/1.1 200 OK"
2026-06-18 13:49:06 | INFO    | httpx | HTTP Request: POST https://openrouter.ai/api/v1/chat/completions "HTTP/1.1 200 OK"
2026-06-18 13:49:06 | INFO    | httpx | HTTP Request: POST https://openrouter.ai/api/v1/chat/completions "HTTP/1.1 200 OK"
2026-06-18 13:49:06 | INFO    | httpx | HTTP Request: POST https://openrouter.ai/api/v1/chat/completions "HTTP/1.1 200 OK"
2026-06-18 13:49:06 | INFO    | httpx | HTTP Request: POST https://openrouter.ai/api/v1/chat/completions "HTTP/1.1 200 OK"
2026-06-18 13:49:06 | INFO    | httpx | HTTP Request: POST https://openrouter.ai/api/v1/chat/completions "HTTP/1.1 200 OK"
2026-06-18 13:49:06 | INFO    | httpx | HTTP Request: POST https://openrouter.ai/api/v1/chat/completions "HTTP/1.1 200 OK"
2026-06-18 13:49:06 | INFO    | httpx | HTTP Request: POST https://openrouter.ai/api/v1/chat/completions "HTTP/1.1 200 OK"
2026-06-18 13:49:06 | INFO    | httpx | HTTP Request: POST https://openrouter.ai/api/v1/chat/completions "HTTP/1.1 200 OK"
2026-06-18 13:49:06 | INFO    | httpx | HTTP Request: POST https://openrouter.ai/api/v1/chat/completions "HTTP/1.1 200 OK"
2026-06-18 13:49:07 | INFO    | httpx | HTTP Request: POST https://openrouter.ai/api/v1/chat/completions "HTTP/1.1 200 OK"
2026-06-18 13:49:07 | INFO    | httpx | HTTP Request: POST https://openrouter.ai/api/v1/chat/completions "HTTP/1.1 200 OK"
2026-06-18 13:49:07 | INFO    | httpx | HTTP Request: POST https://openrouter.ai/api/v1/chat/completions "HTTP/1.1 200 OK"
2026-06-18 13:49:07 | INFO    | httpx | HTTP Request: POST https://openrouter.ai/api/v1/chat/completions "HTTP/1.1 200 OK"
2026-06-18 13:49:07 | INFO    | httpx | HTTP Request: POST https://openrouter.ai/api/v1/chat/completions "HTTP/1.1 200 OK"
2026-06-18 13:49:07 | INFO    | httpx | HTTP Request: POST https://openrouter.ai/api/v1/chat/completions "HTTP/1.1 200 OK"
2026-06-18 13:49:07 | INFO    | httpx | HTTP Request: POST https://openrouter.ai/api/v1/chat/completions "HTTP/1.1 200 OK"
2026-06-18 13:49:07 | INFO    | httpx | HTTP Request: POST https://openrouter.ai/api/v1/chat/completions "HTTP/1.1 200 OK"
2026-06-18 13:49:07 | INFO    | httpx | HTTP Request: POST https://openrouter.ai/api/v1/chat/completions "HTTP/1.1 200 OK"
2026-06-18 13:49:07 | INFO    | httpx | HTTP Request: POST https://openrouter.ai/api/v1/chat/completions "HTTP/1.1 200 OK"
2026-06-18 13:49:07 | INFO    | httpx | HTTP Request: POST https://openrouter.ai/api/v1/chat/completions "HTTP/1.1 200 OK"
2026-06-18 13:49:08 | INFO    | httpx | HTTP Request: POST https://openrouter.ai/api/v1/chat/completions "HTTP/1.1 200 OK"
2026-06-18 13:49:08 | INFO    | httpx | HTTP Request: POST https://openrouter.ai/api/v1/chat/completions "HTTP/1.1 200 OK"
2026-06-18 13:49:08 | INFO    | httpx | HTTP Request: POST https://openrouter.ai/api/v1/chat/completions "HTTP/1.1 200 OK"
2026-06-18 13:49:08 | INFO    | httpx | HTTP Request: POST https://openrouter.ai/api/v1/chat/completions "HTTP/1.1 200 OK"
2026-06-18 13:49:08 | INFO    | httpx | HTTP Request: POST https://openrouter.ai/api/v1/chat/completions "HTTP/1.1 200 OK"
2026-06-18 13:49:08 | INFO    | httpx | HTTP Request: POST https://openrouter.ai/api/v1/chat/completions "HTTP/1.1 200 OK"
2026-06-18 13:49:08 | INFO    | httpx | HTTP Request: POST https://openrouter.ai/api/v1/chat/completions "HTTP/1.1 200 OK"
2026-06-18 13:49:08 | INFO    | __main__ |     нейрон 26266 alpha=+115.98: p_yes=0.711 CI=[0.64,0.78] (n=180)
2026-06-18 13:49:08 | INFO    | __main__ | [9/55] нейрон 26266 (yes_trigger) alpha=+231.95 — генерация ...
2026-06-18 13:51:14 | INFO    | __main__ |     ... всего генераций: 1572
2026-06-18 13:53:21 | INFO    | __main__ |     ... всего генераций: 1584
2026-06-18 13:54:23 | INFO    | __main__ |     ... всего генераций: 1590
2026-06-18 13:56:35 | INFO    | __main__ |     ... всего генераций: 1602
2026-06-18 13:58:40 | INFO    | __main__ |     ... всего генераций: 1614
2026-06-18 13:59:41 | INFO    | __main__ |     ... всего генераций: 1620
2026-06-18 14:01:37 | INFO    | __main__ |     ... всего генераций: 1632
2026-06-18 14:03:34 | INFO    | __main__ |     ... всего генераций: 1644
2026-06-18 14:04:33 | INFO    | __main__ |     ... всего генераций: 1650
2026-06-18 14:06:28 | INFO    | __main__ |     ... всего генераций: 1662
2026-06-18 14:08:22 | INFO    | __main__ |     ... всего генераций: 1674
2026-06-18 14:09:20 | INFO    | __main__ |     ... всего генераций: 1680
2026-06-18 14:11:14 | INFO    | __main__ |     ... всего генераций: 1692
2026-06-18 14:13:08 | INFO    | __main__ |     ... всего генераций: 1704
2026-06-18 14:14:04 | INFO    | __main__ |     ... всего генераций: 1710
2026-06-18 14:16:01 | INFO    | __main__ |     ... всего генераций: 1722
2026-06-18 14:17:58 | INFO    | __main__ |     ... всего генераций: 1734
2026-06-18 14:18:51 | INFO    | __main__ |     ... всего генераций: 1740
2026-06-18 14:18:52 | INFO    | httpx | HTTP Request: POST https://openrouter.ai/api/v1/chat/completions "HTTP/1.1 200 OK"
2026-06-18 14:18:52 | INFO    | httpx | HTTP Request: POST https://openrouter.ai/api/v1/chat/completions "HTTP/1.1 200 OK"
2026-06-18 14:18:52 | INFO    | httpx | HTTP Request: POST https://openrouter.ai/api/v1/chat/completions "HTTP/1.1 200 OK"
2026-06-18 14:18:52 | INFO    | httpx | HTTP Request: POST https://openrouter.ai/api/v1/chat/completions "HTTP/1.1 200 OK"
2026-06-18 14:18:52 | INFO    | httpx | HTTP Request: POST https://openrouter.ai/api/v1/chat/completions "HTTP/1.1 200 OK"
2026-06-18 14:18:52 | INFO    | httpx | HTTP Request: POST https://openrouter.ai/api/v1/chat/completions "HTTP/1.1 200 OK"
2026-06-18 14:18:52 | INFO    | httpx | HTTP Request: POST https://openrouter.ai/api/v1/chat/completions "HTTP/1.1 200 OK"
2026-06-18 14:18:52 | INFO    | httpx | HTTP Request: POST https://openrouter.ai/api/v1/chat/completions "HTTP/1.1 200 OK"
2026-06-18 14:18:53 | INFO    | httpx | HTTP Request: POST https://openrouter.ai/api/v1/chat/completions "HTTP/1.1 200 OK"
2026-06-18 14:18:53 | INFO    | httpx | HTTP Request: POST https://openrouter.ai/api/v1/chat/completions "HTTP/1.1 200 OK"
2026-06-18 14:18:53 | INFO    | httpx | HTTP Request: POST https://openrouter.ai/api/v1/chat/completions "HTTP/1.1 200 OK"
2026-06-18 14:18:53 | INFO    | httpx | HTTP Request: POST https://openrouter.ai/api/v1/chat/completions "HTTP/1.1 200 OK"
2026-06-18 14:18:53 | INFO    | httpx | HTTP Request: POST https://openrouter.ai/api/v1/chat/completions "HTTP/1.1 200 OK"
2026-06-18 14:18:53 | INFO    | httpx | HTTP Request: POST https://openrouter.ai/api/v1/chat/completions "HTTP/1.1 200 OK"
2026-06-18 14:18:53 | INFO    | httpx | HTTP Request: POST https://openrouter.ai/api/v1/chat/completions "HTTP/1.1 200 OK"
2026-06-18 14:18:53 | INFO    | httpx | HTTP Request: POST https://openrouter.ai/api/v1/chat/completions "HTTP/1.1 200 OK"
2026-06-18 14:18:53 | INFO    | httpx | HTTP Request: POST https://openrouter.ai/api/v1/chat/completions "HTTP/1.1 200 OK"
2026-06-18 14:18:53 | INFO    | httpx | HTTP Request: POST https://openrouter.ai/api/v1/chat/completions "HTTP/1.1 200 OK"
2026-06-18 14:18:53 | INFO    | httpx | HTTP Request: POST https://openrouter.ai/api/v1/chat/completions "HTTP/1.1 200 OK"
2026-06-18 14:18:53 | INFO    | httpx | HTTP Request: POST https://openrouter.ai/api/v1/chat/completions "HTTP/1.1 200 OK"
2026-06-18 14:18:54 | INFO    | httpx | HTTP Request: POST https://openrouter.ai/api/v1/chat/completions "HTTP/1.1 200 OK"
2026-06-18 14:18:54 | INFO    | httpx | HTTP Request: POST https://openrouter.ai/api/v1/chat/completions "HTTP/1.1 200 OK"
2026-06-18 14:18:54 | INFO    | httpx | HTTP Request: POST https://openrouter.ai/api/v1/chat/completions "HTTP/1.1 200 OK"
2026-06-18 14:18:54 | INFO    | httpx | HTTP Request: POST https://openrouter.ai/api/v1/chat/completions "HTTP/1.1 200 OK"
2026-06-18 14:18:54 | INFO    | httpx | HTTP Request: POST https://openrouter.ai/api/v1/chat/completions "HTTP/1.1 200 OK"
2026-06-18 14:18:54 | INFO    | httpx | HTTP Request: POST https://openrouter.ai/api/v1/chat/completions "HTTP/1.1 200 OK"
2026-06-18 14:18:54 | INFO    | httpx | HTTP Request: POST https://openrouter.ai/api/v1/chat/completions "HTTP/1.1 200 OK"
2026-06-18 14:18:54 | INFO    | httpx | HTTP Request: POST https://openrouter.ai/api/v1/chat/completions "HTTP/1.1 200 OK"
2026-06-18 14:18:54 | INFO    | httpx | HTTP Request: POST https://openrouter.ai/api/v1/chat/completions "HTTP/1.1 200 OK"
2026-06-18 14:18:54 | INFO    | httpx | HTTP Request: POST https://openrouter.ai/api/v1/chat/completions "HTTP/1.1 200 OK"
2026-06-18 14:18:54 | INFO    | httpx | HTTP Request: POST https://openrouter.ai/api/v1/chat/completions "HTTP/1.1 200 OK"
2026-06-18 14:18:55 | INFO    | httpx | HTTP Request: POST https://openrouter.ai/api/v1/chat/completions "HTTP/1.1 200 OK"
2026-06-18 14:18:55 | INFO    | httpx | HTTP Request: POST https://openrouter.ai/api/v1/chat/completions "HTTP/1.1 200 OK"
2026-06-18 14:18:55 | INFO    | httpx | HTTP Request: POST https://openrouter.ai/api/v1/chat/completions "HTTP/1.1 200 OK"
2026-06-18 14:18:55 | INFO    | httpx | HTTP Request: POST https://openrouter.ai/api/v1/chat/completions "HTTP/1.1 200 OK"
2026-06-18 14:18:55 | INFO    | httpx | HTTP Request: POST https://openrouter.ai/api/v1/chat/completions "HTTP/1.1 200 OK"
2026-06-18 14:18:55 | INFO    | httpx | HTTP Request: POST https://openrouter.ai/api/v1/chat/completions "HTTP/1.1 200 OK"
2026-06-18 14:18:55 | INFO    | httpx | HTTP Request: POST https://openrouter.ai/api/v1/chat/completions "HTTP/1.1 200 OK"
2026-06-18 14:18:55 | INFO    | httpx | HTTP Request: POST https://openrouter.ai/api/v1/chat/completions "HTTP/1.1 200 OK"
2026-06-18 14:18:55 | INFO    | httpx | HTTP Request: POST https://openrouter.ai/api/v1/chat/completions "HTTP/1.1 200 OK"
2026-06-18 14:18:55 | INFO    | httpx | HTTP Request: POST https://openrouter.ai/api/v1/chat/completions "HTTP/1.1 200 OK"
2026-06-18 14:18:55 | INFO    | httpx | HTTP Request: POST https://openrouter.ai/api/v1/chat/completions "HTTP/1.1 200 OK"
2026-06-18 14:18:55 | INFO    | httpx | HTTP Request: POST https://openrouter.ai/api/v1/chat/completions "HTTP/1.1 200 OK"
2026-06-18 14:18:56 | INFO    | httpx | HTTP Request: POST https://openrouter.ai/api/v1/chat/completions "HTTP/1.1 200 OK"
2026-06-18 14:18:56 | INFO    | httpx | HTTP Request: POST https://openrouter.ai/api/v1/chat/completions "HTTP/1.1 200 OK"
2026-06-18 14:18:56 | INFO    | httpx | HTTP Request: POST https://openrouter.ai/api/v1/chat/completions "HTTP/1.1 200 OK"
2026-06-18 14:18:56 | INFO    | httpx | HTTP Request: POST https://openrouter.ai/api/v1/chat/completions "HTTP/1.1 200 OK"
2026-06-18 14:18:56 | INFO    | httpx | HTTP Request: POST https://openrouter.ai/api/v1/chat/completions "HTTP/1.1 200 OK"
2026-06-18 14:18:56 | INFO    | httpx | HTTP Request: POST https://openrouter.ai/api/v1/chat/completions "HTTP/1.1 200 OK"
2026-06-18 14:18:56 | INFO    | httpx | HTTP Request: POST https://openrouter.ai/api/v1/chat/completions "HTTP/1.1 200 OK"
2026-06-18 14:18:56 | INFO    | httpx | HTTP Request: POST https://openrouter.ai/api/v1/chat/completions "HTTP/1.1 200 OK"
2026-06-18 14:18:57 | INFO    | httpx | HTTP Request: POST https://openrouter.ai/api/v1/chat/completions "HTTP/1.1 200 OK"
2026-06-18 14:18:57 | INFO    | httpx | HTTP Request: POST https://openrouter.ai/api/v1/chat/completions "HTTP/1.1 200 OK"
2026-06-18 14:18:57 | INFO    | httpx | HTTP Request: POST https://openrouter.ai/api/v1/chat/completions "HTTP/1.1 200 OK"
2026-06-18 14:18:57 | INFO    | httpx | HTTP Request: POST https://openrouter.ai/api/v1/chat/completions "HTTP/1.1 200 OK"
2026-06-18 14:18:57 | INFO    | httpx | HTTP Request: POST https://openrouter.ai/api/v1/chat/completions "HTTP/1.1 200 OK"
2026-06-18 14:18:57 | INFO    | httpx | HTTP Request: POST https://openrouter.ai/api/v1/chat/completions "HTTP/1.1 200 OK"
2026-06-18 14:18:57 | INFO    | httpx | HTTP Request: POST https://openrouter.ai/api/v1/chat/completions "HTTP/1.1 200 OK"
2026-06-18 14:18:57 | INFO    | httpx | HTTP Request: POST https://openrouter.ai/api/v1/chat/completions "HTTP/1.1 200 OK"
2026-06-18 14:18:57 | INFO    | httpx | HTTP Request: POST https://openrouter.ai/api/v1/chat/completions "HTTP/1.1 200 OK"
2026-06-18 14:18:57 | INFO    | httpx | HTTP Request: POST https://openrouter.ai/api/v1/chat/completions "HTTP/1.1 200 OK"
2026-06-18 14:18:58 | INFO    | httpx | HTTP Request: POST https://openrouter.ai/api/v1/chat/completions "HTTP/1.1 200 OK"
2026-06-18 14:18:58 | INFO    | httpx | HTTP Request: POST https://openrouter.ai/api/v1/chat/completions "HTTP/1.1 200 OK"
2026-06-18 14:18:58 | INFO    | httpx | HTTP Request: POST https://openrouter.ai/api/v1/chat/completions "HTTP/1.1 200 OK"
2026-06-18 14:18:58 | INFO    | httpx | HTTP Request: POST https://openrouter.ai/api/v1/chat/completions "HTTP/1.1 200 OK"
2026-06-18 14:18:58 | INFO    | httpx | HTTP Request: POST https://openrouter.ai/api/v1/chat/completions "HTTP/1.1 200 OK"
2026-06-18 14:18:58 | INFO    | httpx | HTTP Request: POST https://openrouter.ai/api/v1/chat/completions "HTTP/1.1 200 OK"
2026-06-18 14:18:58 | INFO    | httpx | HTTP Request: POST https://openrouter.ai/api/v1/chat/completions "HTTP/1.1 200 OK"
2026-06-18 14:18:58 | INFO    | httpx | HTTP Request: POST https://openrouter.ai/api/v1/chat/completions "HTTP/1.1 200 OK"
2026-06-18 14:18:58 | INFO    | httpx | HTTP Request: POST https://openrouter.ai/api/v1/chat/completions "HTTP/1.1 200 OK"
2026-06-18 14:18:58 | INFO    | httpx | HTTP Request: POST https://openrouter.ai/api/v1/chat/completions "HTTP/1.1 200 OK"
2026-06-18 14:18:58 | INFO    | httpx | HTTP Request: POST https://openrouter.ai/api/v1/chat/completions "HTTP/1.1 200 OK"
2026-06-18 14:18:58 | INFO    | httpx | HTTP Request: POST https://openrouter.ai/api/v1/chat/completions "HTTP/1.1 200 OK"
2026-06-18 14:18:59 | INFO    | httpx | HTTP Request: POST https://openrouter.ai/api/v1/chat/completions "HTTP/1.1 200 OK"
2026-06-18 14:18:59 | INFO    | httpx | HTTP Request: POST https://openrouter.ai/api/v1/chat/completions "HTTP/1.1 200 OK"
2026-06-18 14:18:59 | INFO    | httpx | HTTP Request: POST https://openrouter.ai/api/v1/chat/completions "HTTP/1.1 200 OK"
2026-06-18 14:18:59 | INFO    | httpx | HTTP Request: POST https://openrouter.ai/api/v1/chat/completions "HTTP/1.1 200 OK"
2026-06-18 14:18:59 | INFO    | httpx | HTTP Request: POST https://openrouter.ai/api/v1/chat/completions "HTTP/1.1 200 OK"
2026-06-18 14:18:59 | INFO    | httpx | HTTP Request: POST https://openrouter.ai/api/v1/chat/completions "HTTP/1.1 200 OK"
2026-06-18 14:18:59 | INFO    | httpx | HTTP Request: POST https://openrouter.ai/api/v1/chat/completions "HTTP/1.1 200 OK"
2026-06-18 14:18:59 | INFO    | httpx | HTTP Request: POST https://openrouter.ai/api/v1/chat/completions "HTTP/1.1 200 OK"
2026-06-18 14:18:59 | INFO    | httpx | HTTP Request: POST https://openrouter.ai/api/v1/chat/completions "HTTP/1.1 200 OK"
2026-06-18 14:19:00 | INFO    | httpx | HTTP Request: POST https://openrouter.ai/api/v1/chat/completions "HTTP/1.1 200 OK"
2026-06-18 14:19:00 | INFO    | httpx | HTTP Request: POST https://openrouter.ai/api/v1/chat/completions "HTTP/1.1 200 OK"
2026-06-18 14:19:00 | INFO    | httpx | HTTP Request: POST https://openrouter.ai/api/v1/chat/completions "HTTP/1.1 200 OK"
2026-06-18 14:19:00 | INFO    | httpx | HTTP Request: POST https://openrouter.ai/api/v1/chat/completions "HTTP/1.1 200 OK"
2026-06-18 14:19:00 | INFO    | httpx | HTTP Request: POST https://openrouter.ai/api/v1/chat/completions "HTTP/1.1 200 OK"
2026-06-18 14:19:00 | INFO    | httpx | HTTP Request: POST https://openrouter.ai/api/v1/chat/completions "HTTP/1.1 200 OK"
2026-06-18 14:19:00 | INFO    | httpx | HTTP Request: POST https://openrouter.ai/api/v1/chat/completions "HTTP/1.1 200 OK"
2026-06-18 14:19:00 | INFO    | httpx | HTTP Request: POST https://openrouter.ai/api/v1/chat/completions "HTTP/1.1 200 OK"
2026-06-18 14:19:01 | INFO    | httpx | HTTP Request: POST https://openrouter.ai/api/v1/chat/completions "HTTP/1.1 200 OK"
2026-06-18 14:19:01 | INFO    | httpx | HTTP Request: POST https://openrouter.ai/api/v1/chat/completions "HTTP/1.1 200 OK"
2026-06-18 14:19:01 | INFO    | httpx | HTTP Request: POST https://openrouter.ai/api/v1/chat/completions "HTTP/1.1 200 OK"
2026-06-18 14:19:01 | INFO    | httpx | HTTP Request: POST https://openrouter.ai/api/v1/chat/completions "HTTP/1.1 200 OK"
2026-06-18 14:19:01 | INFO    | httpx | HTTP Request: POST https://openrouter.ai/api/v1/chat/completions "HTTP/1.1 200 OK"
2026-06-18 14:19:01 | INFO    | httpx | HTTP Request: POST https://openrouter.ai/api/v1/chat/completions "HTTP/1.1 200 OK"
2026-06-18 14:19:01 | INFO    | httpx | HTTP Request: POST https://openrouter.ai/api/v1/chat/completions "HTTP/1.1 200 OK"
2026-06-18 14:19:01 | INFO    | httpx | HTTP Request: POST https://openrouter.ai/api/v1/chat/completions "HTTP/1.1 200 OK"
2026-06-18 14:19:01 | INFO    | httpx | HTTP Request: POST https://openrouter.ai/api/v1/chat/completions "HTTP/1.1 200 OK"
2026-06-18 14:19:01 | INFO    | httpx | HTTP Request: POST https://openrouter.ai/api/v1/chat/completions "HTTP/1.1 200 OK"
2026-06-18 14:19:01 | INFO    | httpx | HTTP Request: POST https://openrouter.ai/api/v1/chat/completions "HTTP/1.1 200 OK"
2026-06-18 14:19:01 | INFO    | httpx | HTTP Request: POST https://openrouter.ai/api/v1/chat/completions "HTTP/1.1 200 OK"
2026-06-18 14:19:02 | INFO    | httpx | HTTP Request: POST https://openrouter.ai/api/v1/chat/completions "HTTP/1.1 200 OK"
2026-06-18 14:19:02 | INFO    | httpx | HTTP Request: POST https://openrouter.ai/api/v1/chat/completions "HTTP/1.1 200 OK"
2026-06-18 14:19:02 | INFO    | httpx | HTTP Request: POST https://openrouter.ai/api/v1/chat/completions "HTTP/1.1 200 OK"
2026-06-18 14:19:02 | INFO    | httpx | HTTP Request: POST https://openrouter.ai/api/v1/chat/completions "HTTP/1.1 200 OK"
2026-06-18 14:19:02 | INFO    | httpx | HTTP Request: POST https://openrouter.ai/api/v1/chat/completions "HTTP/1.1 200 OK"
2026-06-18 14:19:02 | INFO    | httpx | HTTP Request: POST https://openrouter.ai/api/v1/chat/completions "HTTP/1.1 200 OK"
2026-06-18 14:19:02 | INFO    | httpx | HTTP Request: POST https://openrouter.ai/api/v1/chat/completions "HTTP/1.1 200 OK"
2026-06-18 14:19:02 | INFO    | httpx | HTTP Request: POST https://openrouter.ai/api/v1/chat/completions "HTTP/1.1 200 OK"
2026-06-18 14:19:02 | INFO    | httpx | HTTP Request: POST https://openrouter.ai/api/v1/chat/completions "HTTP/1.1 200 OK"
2026-06-18 14:19:02 | INFO    | httpx | HTTP Request: POST https://openrouter.ai/api/v1/chat/completions "HTTP/1.1 200 OK"
2026-06-18 14:19:02 | INFO    | httpx | HTTP Request: POST https://openrouter.ai/api/v1/chat/completions "HTTP/1.1 200 OK"
2026-06-18 14:19:03 | INFO    | httpx | HTTP Request: POST https://openrouter.ai/api/v1/chat/completions "HTTP/1.1 200 OK"
2026-06-18 14:19:03 | INFO    | httpx | HTTP Request: POST https://openrouter.ai/api/v1/chat/completions "HTTP/1.1 200 OK"
2026-06-18 14:19:03 | INFO    | httpx | HTTP Request: POST https://openrouter.ai/api/v1/chat/completions "HTTP/1.1 200 OK"
2026-06-18 14:19:03 | INFO    | httpx | HTTP Request: POST https://openrouter.ai/api/v1/chat/completions "HTTP/1.1 200 OK"
2026-06-18 14:19:03 | INFO    | httpx | HTTP Request: POST https://openrouter.ai/api/v1/chat/completions "HTTP/1.1 200 OK"
2026-06-18 14:19:03 | INFO    | httpx | HTTP Request: POST https://openrouter.ai/api/v1/chat/completions "HTTP/1.1 200 OK"
2026-06-18 14:19:03 | INFO    | httpx | HTTP Request: POST https://openrouter.ai/api/v1/chat/completions "HTTP/1.1 200 OK"
2026-06-18 14:19:03 | INFO    | httpx | HTTP Request: POST https://openrouter.ai/api/v1/chat/completions "HTTP/1.1 200 OK"
2026-06-18 14:19:03 | INFO    | httpx | HTTP Request: POST https://openrouter.ai/api/v1/chat/completions "HTTP/1.1 200 OK"
2026-06-18 14:19:03 | INFO    | httpx | HTTP Request: POST https://openrouter.ai/api/v1/chat/completions "HTTP/1.1 200 OK"
2026-06-18 14:19:04 | INFO    | httpx | HTTP Request: POST https://openrouter.ai/api/v1/chat/completions "HTTP/1.1 200 OK"
2026-06-18 14:19:04 | INFO    | httpx | HTTP Request: POST https://openrouter.ai/api/v1/chat/completions "HTTP/1.1 200 OK"
2026-06-18 14:19:04 | INFO    | httpx | HTTP Request: POST https://openrouter.ai/api/v1/chat/completions "HTTP/1.1 200 OK"
2026-06-18 14:19:04 | INFO    | httpx | HTTP Request: POST https://openrouter.ai/api/v1/chat/completions "HTTP/1.1 200 OK"
2026-06-18 14:19:04 | INFO    | httpx | HTTP Request: POST https://openrouter.ai/api/v1/chat/completions "HTTP/1.1 200 OK"
2026-06-18 14:19:04 | INFO    | httpx | HTTP Request: POST https://openrouter.ai/api/v1/chat/completions "HTTP/1.1 200 OK"
2026-06-18 14:19:04 | INFO    | httpx | HTTP Request: POST https://openrouter.ai/api/v1/chat/completions "HTTP/1.1 200 OK"
2026-06-18 14:19:04 | INFO    | httpx | HTTP Request: POST https://openrouter.ai/api/v1/chat/completions "HTTP/1.1 200 OK"
2026-06-18 14:19:04 | INFO    | httpx | HTTP Request: POST https://openrouter.ai/api/v1/chat/completions "HTTP/1.1 200 OK"
2026-06-18 14:19:04 | INFO    | httpx | HTTP Request: POST https://openrouter.ai/api/v1/chat/completions "HTTP/1.1 200 OK"
2026-06-18 14:19:05 | INFO    | httpx | HTTP Request: POST https://openrouter.ai/api/v1/chat/completions "HTTP/1.1 200 OK"
2026-06-18 14:19:05 | INFO    | httpx | HTTP Request: POST https://openrouter.ai/api/v1/chat/completions "HTTP/1.1 200 OK"
2026-06-18 14:19:05 | INFO    | httpx | HTTP Request: POST https://openrouter.ai/api/v1/chat/completions "HTTP/1.1 200 OK"
2026-06-18 14:19:05 | INFO    | httpx | HTTP Request: POST https://openrouter.ai/api/v1/chat/completions "HTTP/1.1 200 OK"
2026-06-18 14:19:05 | INFO    | httpx | HTTP Request: POST https://openrouter.ai/api/v1/chat/completions "HTTP/1.1 200 OK"
2026-06-18 14:19:05 | INFO    | httpx | HTTP Request: POST https://openrouter.ai/api/v1/chat/completions "HTTP/1.1 200 OK"
2026-06-18 14:19:05 | INFO    | httpx | HTTP Request: POST https://openrouter.ai/api/v1/chat/completions "HTTP/1.1 200 OK"
2026-06-18 14:19:05 | INFO    | httpx | HTTP Request: POST https://openrouter.ai/api/v1/chat/completions "HTTP/1.1 200 OK"
2026-06-18 14:19:06 | INFO    | httpx | HTTP Request: POST https://openrouter.ai/api/v1/chat/completions "HTTP/1.1 200 OK"
2026-06-18 14:19:06 | INFO    | httpx | HTTP Request: POST https://openrouter.ai/api/v1/chat/completions "HTTP/1.1 200 OK"
2026-06-18 14:19:06 | INFO    | httpx | HTTP Request: POST https://openrouter.ai/api/v1/chat/completions "HTTP/1.1 200 OK"
2026-06-18 14:19:06 | INFO    | httpx | HTTP Request: POST https://openrouter.ai/api/v1/chat/completions "HTTP/1.1 200 OK"
2026-06-18 14:19:06 | INFO    | httpx | HTTP Request: POST https://openrouter.ai/api/v1/chat/completions "HTTP/1.1 200 OK"
2026-06-18 14:19:06 | INFO    | httpx | HTTP Request: POST https://openrouter.ai/api/v1/chat/completions "HTTP/1.1 200 OK"
2026-06-18 14:19:06 | INFO    | httpx | HTTP Request: POST https://openrouter.ai/api/v1/chat/completions "HTTP/1.1 200 OK"
2026-06-18 14:19:06 | INFO    | httpx | HTTP Request: POST https://openrouter.ai/api/v1/chat/completions "HTTP/1.1 200 OK"
2026-06-18 14:19:06 | INFO    | httpx | HTTP Request: POST https://openrouter.ai/api/v1/chat/completions "HTTP/1.1 200 OK"
2026-06-18 14:19:06 | INFO    | httpx | HTTP Request: POST https://openrouter.ai/api/v1/chat/completions "HTTP/1.1 200 OK"
2026-06-18 14:19:07 | INFO    | httpx | HTTP Request: POST https://openrouter.ai/api/v1/chat/completions "HTTP/1.1 200 OK"
2026-06-18 14:19:07 | INFO    | httpx | HTTP Request: POST https://openrouter.ai/api/v1/chat/completions "HTTP/1.1 200 OK"
2026-06-18 14:19:07 | INFO    | httpx | HTTP Request: POST https://openrouter.ai/api/v1/chat/completions "HTTP/1.1 200 OK"
2026-06-18 14:19:07 | INFO    | httpx | HTTP Request: POST https://openrouter.ai/api/v1/chat/completions "HTTP/1.1 200 OK"
2026-06-18 14:19:07 | INFO    | httpx | HTTP Request: POST https://openrouter.ai/api/v1/chat/completions "HTTP/1.1 200 OK"
2026-06-18 14:19:07 | INFO    | httpx | HTTP Request: POST https://openrouter.ai/api/v1/chat/completions "HTTP/1.1 200 OK"
2026-06-18 14:19:07 | INFO    | httpx | HTTP Request: POST https://openrouter.ai/api/v1/chat/completions "HTTP/1.1 200 OK"
2026-06-18 14:19:07 | INFO    | httpx | HTTP Request: POST https://openrouter.ai/api/v1/chat/completions "HTTP/1.1 200 OK"
2026-06-18 14:19:08 | INFO    | httpx | HTTP Request: POST https://openrouter.ai/api/v1/chat/completions "HTTP/1.1 200 OK"
2026-06-18 14:19:08 | INFO    | httpx | HTTP Request: POST https://openrouter.ai/api/v1/chat/completions "HTTP/1.1 200 OK"
2026-06-18 14:19:08 | INFO    | httpx | HTTP Request: POST https://openrouter.ai/api/v1/chat/completions "HTTP/1.1 200 OK"
2026-06-18 14:19:08 | INFO    | httpx | HTTP Request: POST https://openrouter.ai/api/v1/chat/completions "HTTP/1.1 200 OK"
2026-06-18 14:19:08 | INFO    | httpx | HTTP Request: POST https://openrouter.ai/api/v1/chat/completions "HTTP/1.1 200 OK"
2026-06-18 14:19:08 | INFO    | httpx | HTTP Request: POST https://openrouter.ai/api/v1/chat/completions "HTTP/1.1 200 OK"
2026-06-18 14:19:08 | INFO    | httpx | HTTP Request: POST https://openrouter.ai/api/v1/chat/completions "HTTP/1.1 200 OK"
2026-06-18 14:19:08 | INFO    | httpx | HTTP Request: POST https://openrouter.ai/api/v1/chat/completions "HTTP/1.1 200 OK"
2026-06-18 14:19:08 | INFO    | httpx | HTTP Request: POST https://openrouter.ai/api/v1/chat/completions "HTTP/1.1 200 OK"
2026-06-18 14:19:09 | INFO    | httpx | HTTP Request: POST https://openrouter.ai/api/v1/chat/completions "HTTP/1.1 200 OK"
2026-06-18 14:19:09 | INFO    | httpx | HTTP Request: POST https://openrouter.ai/api/v1/chat/completions "HTTP/1.1 200 OK"
2026-06-18 14:19:09 | INFO    | httpx | HTTP Request: POST https://openrouter.ai/api/v1/chat/completions "HTTP/1.1 200 OK"
2026-06-18 14:19:09 | INFO    | httpx | HTTP Request: POST https://openrouter.ai/api/v1/chat/completions "HTTP/1.1 200 OK"
2026-06-18 14:19:09 | INFO    | httpx | HTTP Request: POST https://openrouter.ai/api/v1/chat/completions "HTTP/1.1 200 OK"
2026-06-18 14:19:09 | INFO    | httpx | HTTP Request: POST https://openrouter.ai/api/v1/chat/completions "HTTP/1.1 200 OK"
2026-06-18 14:19:09 | INFO    | httpx | HTTP Request: POST https://openrouter.ai/api/v1/chat/completions "HTTP/1.1 200 OK"
2026-06-18 14:19:09 | INFO    | httpx | HTTP Request: POST https://openrouter.ai/api/v1/chat/completions "HTTP/1.1 200 OK"
2026-06-18 14:19:10 | INFO    | httpx | HTTP Request: POST https://openrouter.ai/api/v1/chat/completions "HTTP/1.1 200 OK"
2026-06-18 14:19:10 | INFO    | httpx | HTTP Request: POST https://openrouter.ai/api/v1/chat/completions "HTTP/1.1 200 OK"
2026-06-18 14:19:11 | INFO    | httpx | HTTP Request: POST https://openrouter.ai/api/v1/chat/completions "HTTP/1.1 200 OK"
2026-06-18 14:19:11 | INFO    | httpx | HTTP Request: POST https://openrouter.ai/api/v1/chat/completions "HTTP/1.1 200 OK"
2026-06-18 14:19:11 | INFO    | __main__ |     нейрон 26266 alpha=+231.95: p_yes=0.494 CI=[0.42,0.57] (n=180)
2026-06-18 14:19:11 | INFO    | __main__ | [10/55] нейрон 26266 (yes_trigger) alpha=+463.91 — генерация ...
2026-06-18 14:21:10 | INFO    | __main__ |     ... всего генераций: 1752
2026-06-18 14:23:04 | INFO    | __main__ |     ... всего генераций: 1764
2026-06-18 14:24:05 | INFO    | __main__ |     ... всего генераций: 1770
2026-06-18 14:25:58 | INFO    | __main__ |     ... всего генераций: 1782
2026-06-18 14:27:57 | INFO    | __main__ |     ... всего генераций: 1794
2026-06-18 14:28:59 | INFO    | __main__ |     ... всего генераций: 1800
2026-06-18 14:30:49 | INFO    | __main__ |     ... всего генераций: 1812
2026-06-18 14:32:46 | INFO    | __main__ |     ... всего генераций: 1824
2026-06-18 14:33:45 | INFO    | __main__ |     ... всего генераций: 1830
2026-06-18 14:35:42 | INFO    | __main__ |     ... всего генераций: 1842
2026-06-18 14:37:33 | INFO    | __main__ |     ... всего генераций: 1854
2026-06-18 14:38:28 | INFO    | __main__ |     ... всего генераций: 1860
2026-06-18 14:40:23 | INFO    | __main__ |     ... всего генераций: 1872
2026-06-18 14:42:18 | INFO    | __main__ |     ... всего генераций: 1884
2026-06-18 14:43:16 | INFO    | __main__ |     ... всего генераций: 1890
2026-06-18 14:45:12 | INFO    | __main__ |     ... всего генераций: 1902
2026-06-18 14:47:09 | INFO    | __main__ |     ... всего генераций: 1914
2026-06-18 14:48:09 | INFO    | __main__ |     ... всего генераций: 1920
2026-06-18 14:48:09 | INFO    | httpx | HTTP Request: POST https://openrouter.ai/api/v1/chat/completions "HTTP/1.1 200 OK"
2026-06-18 14:48:10 | INFO    | httpx | HTTP Request: POST https://openrouter.ai/api/v1/chat/completions "HTTP/1.1 200 OK"
2026-06-18 14:48:10 | INFO    | httpx | HTTP Request: POST https://openrouter.ai/api/v1/chat/completions "HTTP/1.1 200 OK"
2026-06-18 14:48:10 | INFO    | httpx | HTTP Request: POST https://openrouter.ai/api/v1/chat/completions "HTTP/1.1 200 OK"
2026-06-18 14:48:10 | INFO    | httpx | HTTP Request: POST https://openrouter.ai/api/v1/chat/completions "HTTP/1.1 200 OK"
2026-06-18 14:48:10 | INFO    | httpx | HTTP Request: POST https://openrouter.ai/api/v1/chat/completions "HTTP/1.1 200 OK"
2026-06-18 14:48:10 | INFO    | httpx | HTTP Request: POST https://openrouter.ai/api/v1/chat/completions "HTTP/1.1 200 OK"
2026-06-18 14:48:10 | INFO    | httpx | HTTP Request: POST https://openrouter.ai/api/v1/chat/completions "HTTP/1.1 200 OK"
2026-06-18 14:48:10 | INFO    | httpx | HTTP Request: POST https://openrouter.ai/api/v1/chat/completions "HTTP/1.1 200 OK"
2026-06-18 14:48:10 | INFO    | httpx | HTTP Request: POST https://openrouter.ai/api/v1/chat/completions "HTTP/1.1 200 OK"
2026-06-18 14:48:10 | INFO    | httpx | HTTP Request: POST https://openrouter.ai/api/v1/chat/completions "HTTP/1.1 200 OK"
2026-06-18 14:48:11 | INFO    | httpx | HTTP Request: POST https://openrouter.ai/api/v1/chat/completions "HTTP/1.1 200 OK"
2026-06-18 14:48:11 | INFO    | httpx | HTTP Request: POST https://openrouter.ai/api/v1/chat/completions "HTTP/1.1 200 OK"
2026-06-18 14:48:11 | INFO    | httpx | HTTP Request: POST https://openrouter.ai/api/v1/chat/completions "HTTP/1.1 200 OK"
2026-06-18 14:48:11 | INFO    | httpx | HTTP Request: POST https://openrouter.ai/api/v1/chat/completions "HTTP/1.1 200 OK"
2026-06-18 14:48:11 | INFO    | httpx | HTTP Request: POST https://openrouter.ai/api/v1/chat/completions "HTTP/1.1 200 OK"
2026-06-18 14:48:11 | INFO    | httpx | HTTP Request: POST https://openrouter.ai/api/v1/chat/completions "HTTP/1.1 200 OK"
2026-06-18 14:48:11 | INFO    | httpx | HTTP Request: POST https://openrouter.ai/api/v1/chat/completions "HTTP/1.1 200 OK"
2026-06-18 14:48:11 | INFO    | httpx | HTTP Request: POST https://openrouter.ai/api/v1/chat/completions "HTTP/1.1 200 OK"
2026-06-18 14:48:11 | INFO    | httpx | HTTP Request: POST https://openrouter.ai/api/v1/chat/completions "HTTP/1.1 200 OK"
2026-06-18 14:48:11 | INFO    | httpx | HTTP Request: POST https://openrouter.ai/api/v1/chat/completions "HTTP/1.1 200 OK"
2026-06-18 14:48:11 | INFO    | httpx | HTTP Request: POST https://openrouter.ai/api/v1/chat/completions "HTTP/1.1 200 OK"
2026-06-18 14:48:11 | INFO    | httpx | HTTP Request: POST https://openrouter.ai/api/v1/chat/completions "HTTP/1.1 200 OK"
2026-06-18 14:48:11 | INFO    | httpx | HTTP Request: POST https://openrouter.ai/api/v1/chat/completions "HTTP/1.1 200 OK"
2026-06-18 14:48:12 | INFO    | httpx | HTTP Request: POST https://openrouter.ai/api/v1/chat/completions "HTTP/1.1 200 OK"
2026-06-18 14:48:12 | INFO    | httpx | HTTP Request: POST https://openrouter.ai/api/v1/chat/completions "HTTP/1.1 200 OK"
2026-06-18 14:48:12 | INFO    | httpx | HTTP Request: POST https://openrouter.ai/api/v1/chat/completions "HTTP/1.1 200 OK"
2026-06-18 14:48:12 | INFO    | httpx | HTTP Request: POST https://openrouter.ai/api/v1/chat/completions "HTTP/1.1 200 OK"
2026-06-18 14:48:12 | INFO    | httpx | HTTP Request: POST https://openrouter.ai/api/v1/chat/completions "HTTP/1.1 200 OK"
2026-06-18 14:48:12 | INFO    | httpx | HTTP Request: POST https://openrouter.ai/api/v1/chat/completions "HTTP/1.1 200 OK"
2026-06-18 14:48:12 | INFO    | httpx | HTTP Request: POST https://openrouter.ai/api/v1/chat/completions "HTTP/1.1 200 OK"
2026-06-18 14:48:12 | INFO    | httpx | HTTP Request: POST https://openrouter.ai/api/v1/chat/completions "HTTP/1.1 200 OK"
2026-06-18 14:48:12 | INFO    | httpx | HTTP Request: POST https://openrouter.ai/api/v1/chat/completions "HTTP/1.1 200 OK"
2026-06-18 14:48:12 | INFO    | httpx | HTTP Request: POST https://openrouter.ai/api/v1/chat/completions "HTTP/1.1 200 OK"
2026-06-18 14:48:12 | INFO    | httpx | HTTP Request: POST https://openrouter.ai/api/v1/chat/completions "HTTP/1.1 200 OK"
2026-06-18 14:48:12 | INFO    | httpx | HTTP Request: POST https://openrouter.ai/api/v1/chat/completions "HTTP/1.1 200 OK"
2026-06-18 14:48:13 | INFO    | httpx | HTTP Request: POST https://openrouter.ai/api/v1/chat/completions "HTTP/1.1 200 OK"
2026-06-18 14:48:13 | INFO    | httpx | HTTP Request: POST https://openrouter.ai/api/v1/chat/completions "HTTP/1.1 200 OK"
2026-06-18 14:48:13 | INFO    | httpx | HTTP Request: POST https://openrouter.ai/api/v1/chat/completions "HTTP/1.1 200 OK"
2026-06-18 14:48:13 | INFO    | httpx | HTTP Request: POST https://openrouter.ai/api/v1/chat/completions "HTTP/1.1 200 OK"
2026-06-18 14:48:13 | INFO    | httpx | HTTP Request: POST https://openrouter.ai/api/v1/chat/completions "HTTP/1.1 200 OK"
2026-06-18 14:48:13 | INFO    | httpx | HTTP Request: POST https://openrouter.ai/api/v1/chat/completions "HTTP/1.1 200 OK"
2026-06-18 14:48:13 | INFO    | httpx | HTTP Request: POST https://openrouter.ai/api/v1/chat/completions "HTTP/1.1 200 OK"
2026-06-18 14:48:13 | INFO    | httpx | HTTP Request: POST https://openrouter.ai/api/v1/chat/completions "HTTP/1.1 200 OK"
2026-06-18 14:48:13 | INFO    | httpx | HTTP Request: POST https://openrouter.ai/api/v1/chat/completions "HTTP/1.1 200 OK"
2026-06-18 14:48:14 | INFO    | httpx | HTTP Request: POST https://openrouter.ai/api/v1/chat/completions "HTTP/1.1 200 OK"
2026-06-18 14:48:14 | INFO    | httpx | HTTP Request: POST https://openrouter.ai/api/v1/chat/completions "HTTP/1.1 200 OK"
2026-06-18 14:48:14 | INFO    | httpx | HTTP Request: POST https://openrouter.ai/api/v1/chat/completions "HTTP/1.1 200 OK"
2026-06-18 14:48:14 | INFO    | httpx | HTTP Request: POST https://openrouter.ai/api/v1/chat/completions "HTTP/1.1 200 OK"
2026-06-18 14:48:14 | INFO    | httpx | HTTP Request: POST https://openrouter.ai/api/v1/chat/completions "HTTP/1.1 200 OK"
2026-06-18 14:48:14 | INFO    | httpx | HTTP Request: POST https://openrouter.ai/api/v1/chat/completions "HTTP/1.1 200 OK"
2026-06-18 14:48:14 | INFO    | httpx | HTTP Request: POST https://openrouter.ai/api/v1/chat/completions "HTTP/1.1 200 OK"
2026-06-18 14:48:14 | INFO    | httpx | HTTP Request: POST https://openrouter.ai/api/v1/chat/completions "HTTP/1.1 200 OK"
2026-06-18 14:48:14 | INFO    | httpx | HTTP Request: POST https://openrouter.ai/api/v1/chat/completions "HTTP/1.1 200 OK"
2026-06-18 14:48:14 | INFO    | httpx | HTTP Request: POST https://openrouter.ai/api/v1/chat/completions "HTTP/1.1 200 OK"
2026-06-18 14:48:15 | INFO    | httpx | HTTP Request: POST https://openrouter.ai/api/v1/chat/completions "HTTP/1.1 200 OK"
2026-06-18 14:48:15 | INFO    | httpx | HTTP Request: POST https://openrouter.ai/api/v1/chat/completions "HTTP/1.1 200 OK"
2026-06-18 14:48:15 | INFO    | httpx | HTTP Request: POST https://openrouter.ai/api/v1/chat/completions "HTTP/1.1 200 OK"
2026-06-18 14:48:15 | INFO    | httpx | HTTP Request: POST https://openrouter.ai/api/v1/chat/completions "HTTP/1.1 200 OK"
2026-06-18 14:48:15 | INFO    | httpx | HTTP Request: POST https://openrouter.ai/api/v1/chat/completions "HTTP/1.1 200 OK"
2026-06-18 14:48:15 | INFO    | httpx | HTTP Request: POST https://openrouter.ai/api/v1/chat/completions "HTTP/1.1 200 OK"
2026-06-18 14:48:15 | INFO    | httpx | HTTP Request: POST https://openrouter.ai/api/v1/chat/completions "HTTP/1.1 200 OK"
2026-06-18 14:48:15 | INFO    | httpx | HTTP Request: POST https://openrouter.ai/api/v1/chat/completions "HTTP/1.1 200 OK"
2026-06-18 14:48:16 | INFO    | httpx | HTTP Request: POST https://openrouter.ai/api/v1/chat/completions "HTTP/1.1 200 OK"
2026-06-18 14:48:16 | INFO    | httpx | HTTP Request: POST https://openrouter.ai/api/v1/chat/completions "HTTP/1.1 200 OK"
2026-06-18 14:48:16 | INFO    | httpx | HTTP Request: POST https://openrouter.ai/api/v1/chat/completions "HTTP/1.1 200 OK"
2026-06-18 14:48:16 | INFO    | httpx | HTTP Request: POST https://openrouter.ai/api/v1/chat/completions "HTTP/1.1 200 OK"
2026-06-18 14:48:16 | INFO    | httpx | HTTP Request: POST https://openrouter.ai/api/v1/chat/completions "HTTP/1.1 200 OK"
2026-06-18 14:48:16 | INFO    | httpx | HTTP Request: POST https://openrouter.ai/api/v1/chat/completions "HTTP/1.1 200 OK"
2026-06-18 14:48:16 | INFO    | httpx | HTTP Request: POST https://openrouter.ai/api/v1/chat/completions "HTTP/1.1 200 OK"
2026-06-18 14:48:16 | INFO    | httpx | HTTP Request: POST https://openrouter.ai/api/v1/chat/completions "HTTP/1.1 200 OK"
2026-06-18 14:48:16 | INFO    | httpx | HTTP Request: POST https://openrouter.ai/api/v1/chat/completions "HTTP/1.1 200 OK"
2026-06-18 14:48:16 | INFO    | httpx | HTTP Request: POST https://openrouter.ai/api/v1/chat/completions "HTTP/1.1 200 OK"
2026-06-18 14:48:17 | INFO    | httpx | HTTP Request: POST https://openrouter.ai/api/v1/chat/completions "HTTP/1.1 200 OK"
2026-06-18 14:48:17 | INFO    | httpx | HTTP Request: POST https://openrouter.ai/api/v1/chat/completions "HTTP/1.1 200 OK"
2026-06-18 14:48:17 | INFO    | httpx | HTTP Request: POST https://openrouter.ai/api/v1/chat/completions "HTTP/1.1 200 OK"
2026-06-18 14:48:17 | INFO    | httpx | HTTP Request: POST https://openrouter.ai/api/v1/chat/completions "HTTP/1.1 200 OK"
2026-06-18 14:48:17 | INFO    | httpx | HTTP Request: POST https://openrouter.ai/api/v1/chat/completions "HTTP/1.1 200 OK"
2026-06-18 14:48:17 | INFO    | httpx | HTTP Request: POST https://openrouter.ai/api/v1/chat/completions "HTTP/1.1 200 OK"
2026-06-18 14:48:17 | INFO    | httpx | HTTP Request: POST https://openrouter.ai/api/v1/chat/completions "HTTP/1.1 200 OK"
2026-06-18 14:48:17 | INFO    | httpx | HTTP Request: POST https://openrouter.ai/api/v1/chat/completions "HTTP/1.1 200 OK"
2026-06-18 14:48:17 | INFO    | httpx | HTTP Request: POST https://openrouter.ai/api/v1/chat/completions "HTTP/1.1 200 OK"
2026-06-18 14:48:17 | INFO    | httpx | HTTP Request: POST https://openrouter.ai/api/v1/chat/completions "HTTP/1.1 200 OK"
2026-06-18 14:48:17 | INFO    | httpx | HTTP Request: POST https://openrouter.ai/api/v1/chat/completions "HTTP/1.1 200 OK"
2026-06-18 14:48:17 | INFO    | httpx | HTTP Request: POST https://openrouter.ai/api/v1/chat/completions "HTTP/1.1 200 OK"
2026-06-18 14:48:17 | INFO    | httpx | HTTP Request: POST https://openrouter.ai/api/v1/chat/completions "HTTP/1.1 200 OK"
2026-06-18 14:48:18 | INFO    | httpx | HTTP Request: POST https://openrouter.ai/api/v1/chat/completions "HTTP/1.1 200 OK"
2026-06-18 14:48:18 | INFO    | httpx | HTTP Request: POST https://openrouter.ai/api/v1/chat/completions "HTTP/1.1 200 OK"
2026-06-18 14:48:18 | INFO    | httpx | HTTP Request: POST https://openrouter.ai/api/v1/chat/completions "HTTP/1.1 200 OK"
2026-06-18 14:48:18 | INFO    | httpx | HTTP Request: POST https://openrouter.ai/api/v1/chat/completions "HTTP/1.1 200 OK"
2026-06-18 14:48:18 | INFO    | httpx | HTTP Request: POST https://openrouter.ai/api/v1/chat/completions "HTTP/1.1 200 OK"
2026-06-18 14:48:18 | INFO    | httpx | HTTP Request: POST https://openrouter.ai/api/v1/chat/completions "HTTP/1.1 200 OK"
2026-06-18 14:48:18 | INFO    | httpx | HTTP Request: POST https://openrouter.ai/api/v1/chat/completions "HTTP/1.1 200 OK"
2026-06-18 14:48:18 | INFO    | httpx | HTTP Request: POST https://openrouter.ai/api/v1/chat/completions "HTTP/1.1 200 OK"
2026-06-18 14:48:18 | INFO    | httpx | HTTP Request: POST https://openrouter.ai/api/v1/chat/completions "HTTP/1.1 200 OK"
2026-06-18 14:48:19 | INFO    | httpx | HTTP Request: POST https://openrouter.ai/api/v1/chat/completions "HTTP/1.1 200 OK"
2026-06-18 14:48:19 | INFO    | httpx | HTTP Request: POST https://openrouter.ai/api/v1/chat/completions "HTTP/1.1 200 OK"
2026-06-18 14:48:19 | INFO    | httpx | HTTP Request: POST https://openrouter.ai/api/v1/chat/completions "HTTP/1.1 200 OK"
2026-06-18 14:48:19 | INFO    | httpx | HTTP Request: POST https://openrouter.ai/api/v1/chat/completions "HTTP/1.1 200 OK"
2026-06-18 14:48:19 | INFO    | httpx | HTTP Request: POST https://openrouter.ai/api/v1/chat/completions "HTTP/1.1 200 OK"
2026-06-18 14:48:19 | INFO    | httpx | HTTP Request: POST https://openrouter.ai/api/v1/chat/completions "HTTP/1.1 200 OK"
2026-06-18 14:48:19 | INFO    | httpx | HTTP Request: POST https://openrouter.ai/api/v1/chat/completions "HTTP/1.1 200 OK"
2026-06-18 14:48:19 | INFO    | httpx | HTTP Request: POST https://openrouter.ai/api/v1/chat/completions "HTTP/1.1 200 OK"
2026-06-18 14:48:19 | INFO    | httpx | HTTP Request: POST https://openrouter.ai/api/v1/chat/completions "HTTP/1.1 200 OK"
2026-06-18 14:48:19 | INFO    | httpx | HTTP Request: POST https://openrouter.ai/api/v1/chat/completions "HTTP/1.1 200 OK"
2026-06-18 14:48:20 | INFO    | httpx | HTTP Request: POST https://openrouter.ai/api/v1/chat/completions "HTTP/1.1 200 OK"
2026-06-18 14:48:20 | INFO    | httpx | HTTP Request: POST https://openrouter.ai/api/v1/chat/completions "HTTP/1.1 200 OK"
2026-06-18 14:48:20 | INFO    | httpx | HTTP Request: POST https://openrouter.ai/api/v1/chat/completions "HTTP/1.1 200 OK"
2026-06-18 14:48:20 | INFO    | httpx | HTTP Request: POST https://openrouter.ai/api/v1/chat/completions "HTTP/1.1 200 OK"
2026-06-18 14:48:20 | INFO    | httpx | HTTP Request: POST https://openrouter.ai/api/v1/chat/completions "HTTP/1.1 200 OK"
2026-06-18 14:48:20 | INFO    | httpx | HTTP Request: POST https://openrouter.ai/api/v1/chat/completions "HTTP/1.1 200 OK"
2026-06-18 14:48:20 | INFO    | httpx | HTTP Request: POST https://openrouter.ai/api/v1/chat/completions "HTTP/1.1 200 OK"
2026-06-18 14:48:20 | INFO    | httpx | HTTP Request: POST https://openrouter.ai/api/v1/chat/completions "HTTP/1.1 200 OK"
2026-06-18 14:48:21 | INFO    | httpx | HTTP Request: POST https://openrouter.ai/api/v1/chat/completions "HTTP/1.1 200 OK"
2026-06-18 14:48:21 | INFO    | httpx | HTTP Request: POST https://openrouter.ai/api/v1/chat/completions "HTTP/1.1 200 OK"
2026-06-18 14:48:21 | INFO    | httpx | HTTP Request: POST https://openrouter.ai/api/v1/chat/completions "HTTP/1.1 200 OK"
2026-06-18 14:48:21 | INFO    | httpx | HTTP Request: POST https://openrouter.ai/api/v1/chat/completions "HTTP/1.1 200 OK"
2026-06-18 14:48:21 | INFO    | httpx | HTTP Request: POST https://openrouter.ai/api/v1/chat/completions "HTTP/1.1 200 OK"
2026-06-18 14:48:21 | INFO    | httpx | HTTP Request: POST https://openrouter.ai/api/v1/chat/completions "HTTP/1.1 200 OK"
2026-06-18 14:48:21 | INFO    | httpx | HTTP Request: POST https://openrouter.ai/api/v1/chat/completions "HTTP/1.1 200 OK"
2026-06-18 14:48:21 | INFO    | httpx | HTTP Request: POST https://openrouter.ai/api/v1/chat/completions "HTTP/1.1 200 OK"
2026-06-18 14:48:22 | INFO    | httpx | HTTP Request: POST https://openrouter.ai/api/v1/chat/completions "HTTP/1.1 200 OK"
2026-06-18 14:48:22 | INFO    | httpx | HTTP Request: POST https://openrouter.ai/api/v1/chat/completions "HTTP/1.1 200 OK"
2026-06-18 14:48:22 | INFO    | httpx | HTTP Request: POST https://openrouter.ai/api/v1/chat/completions "HTTP/1.1 200 OK"
2026-06-18 14:48:22 | INFO    | httpx | HTTP Request: POST https://openrouter.ai/api/v1/chat/completions "HTTP/1.1 200 OK"
2026-06-18 14:48:22 | INFO    | httpx | HTTP Request: POST https://openrouter.ai/api/v1/chat/completions "HTTP/1.1 200 OK"
2026-06-18 14:48:22 | INFO    | httpx | HTTP Request: POST https://openrouter.ai/api/v1/chat/completions "HTTP/1.1 200 OK"
2026-06-18 14:48:22 | INFO    | httpx | HTTP Request: POST https://openrouter.ai/api/v1/chat/completions "HTTP/1.1 200 OK"
2026-06-18 14:48:22 | INFO    | httpx | HTTP Request: POST https://openrouter.ai/api/v1/chat/completions "HTTP/1.1 200 OK"
2026-06-18 14:48:22 | INFO    | httpx | HTTP Request: POST https://openrouter.ai/api/v1/chat/completions "HTTP/1.1 200 OK"
2026-06-18 14:48:22 | INFO    | httpx | HTTP Request: POST https://openrouter.ai/api/v1/chat/completions "HTTP/1.1 200 OK"
2026-06-18 14:48:22 | INFO    | httpx | HTTP Request: POST https://openrouter.ai/api/v1/chat/completions "HTTP/1.1 200 OK"
2026-06-18 14:48:22 | INFO    | httpx | HTTP Request: POST https://openrouter.ai/api/v1/chat/completions "HTTP/1.1 200 OK"
2026-06-18 14:48:23 | INFO    | httpx | HTTP Request: POST https://openrouter.ai/api/v1/chat/completions "HTTP/1.1 200 OK"
2026-06-18 14:48:23 | INFO    | httpx | HTTP Request: POST https://openrouter.ai/api/v1/chat/completions "HTTP/1.1 200 OK"
2026-06-18 14:48:23 | INFO    | httpx | HTTP Request: POST https://openrouter.ai/api/v1/chat/completions "HTTP/1.1 200 OK"
2026-06-18 14:48:23 | INFO    | httpx | HTTP Request: POST https://openrouter.ai/api/v1/chat/completions "HTTP/1.1 200 OK"
2026-06-18 14:48:23 | INFO    | httpx | HTTP Request: POST https://openrouter.ai/api/v1/chat/completions "HTTP/1.1 200 OK"
2026-06-18 14:48:23 | INFO    | httpx | HTTP Request: POST https://openrouter.ai/api/v1/chat/completions "HTTP/1.1 200 OK"
2026-06-18 14:48:23 | INFO    | httpx | HTTP Request: POST https://openrouter.ai/api/v1/chat/completions "HTTP/1.1 200 OK"
2026-06-18 14:48:23 | INFO    | httpx | HTTP Request: POST https://openrouter.ai/api/v1/chat/completions "HTTP/1.1 200 OK"
2026-06-18 14:48:23 | INFO    | httpx | HTTP Request: POST https://openrouter.ai/api/v1/chat/completions "HTTP/1.1 200 OK"
2026-06-18 14:48:24 | INFO    | httpx | HTTP Request: POST https://openrouter.ai/api/v1/chat/completions "HTTP/1.1 200 OK"
2026-06-18 14:48:24 | INFO    | httpx | HTTP Request: POST https://openrouter.ai/api/v1/chat/completions "HTTP/1.1 200 OK"
2026-06-18 14:48:24 | INFO    | httpx | HTTP Request: POST https://openrouter.ai/api/v1/chat/completions "HTTP/1.1 200 OK"
2026-06-18 14:48:24 | INFO    | httpx | HTTP Request: POST https://openrouter.ai/api/v1/chat/completions "HTTP/1.1 200 OK"
2026-06-18 14:48:24 | INFO    | httpx | HTTP Request: POST https://openrouter.ai/api/v1/chat/completions "HTTP/1.1 200 OK"
2026-06-18 14:48:24 | INFO    | httpx | HTTP Request: POST https://openrouter.ai/api/v1/chat/completions "HTTP/1.1 200 OK"
2026-06-18 14:48:24 | INFO    | httpx | HTTP Request: POST https://openrouter.ai/api/v1/chat/completions "HTTP/1.1 200 OK"
2026-06-18 14:48:24 | INFO    | httpx | HTTP Request: POST https://openrouter.ai/api/v1/chat/completions "HTTP/1.1 200 OK"
2026-06-18 14:48:24 | INFO    | httpx | HTTP Request: POST https://openrouter.ai/api/v1/chat/completions "HTTP/1.1 200 OK"
2026-06-18 14:48:24 | INFO    | httpx | HTTP Request: POST https://openrouter.ai/api/v1/chat/completions "HTTP/1.1 200 OK"
2026-06-18 14:48:24 | INFO    | httpx | HTTP Request: POST https://openrouter.ai/api/v1/chat/completions "HTTP/1.1 200 OK"
2026-06-18 14:48:24 | INFO    | httpx | HTTP Request: POST https://openrouter.ai/api/v1/chat/completions "HTTP/1.1 200 OK"
2026-06-18 14:48:24 | INFO    | httpx | HTTP Request: POST https://openrouter.ai/api/v1/chat/completions "HTTP/1.1 200 OK"
2026-06-18 14:48:25 | INFO    | httpx | HTTP Request: POST https://openrouter.ai/api/v1/chat/completions "HTTP/1.1 200 OK"
2026-06-18 14:48:25 | INFO    | httpx | HTTP Request: POST https://openrouter.ai/api/v1/chat/completions "HTTP/1.1 200 OK"
2026-06-18 14:48:25 | INFO    | httpx | HTTP Request: POST https://openrouter.ai/api/v1/chat/completions "HTTP/1.1 200 OK"
2026-06-18 14:48:25 | INFO    | httpx | HTTP Request: POST https://openrouter.ai/api/v1/chat/completions "HTTP/1.1 200 OK"
2026-06-18 14:48:25 | INFO    | httpx | HTTP Request: POST https://openrouter.ai/api/v1/chat/completions "HTTP/1.1 200 OK"
2026-06-18 14:48:25 | INFO    | httpx | HTTP Request: POST https://openrouter.ai/api/v1/chat/completions "HTTP/1.1 200 OK"
2026-06-18 14:48:25 | INFO    | httpx | HTTP Request: POST https://openrouter.ai/api/v1/chat/completions "HTTP/1.1 200 OK"
2026-06-18 14:48:25 | INFO    | httpx | HTTP Request: POST https://openrouter.ai/api/v1/chat/completions "HTTP/1.1 200 OK"
2026-06-18 14:48:25 | INFO    | httpx | HTTP Request: POST https://openrouter.ai/api/v1/chat/completions "HTTP/1.1 200 OK"
2026-06-18 14:48:25 | INFO    | httpx | HTTP Request: POST https://openrouter.ai/api/v1/chat/completions "HTTP/1.1 200 OK"
2026-06-18 14:48:26 | INFO    | httpx | HTTP Request: POST https://openrouter.ai/api/v1/chat/completions "HTTP/1.1 200 OK"
2026-06-18 14:48:26 | INFO    | httpx | HTTP Request: POST https://openrouter.ai/api/v1/chat/completions "HTTP/1.1 200 OK"
2026-06-18 14:48:26 | INFO    | httpx | HTTP Request: POST https://openrouter.ai/api/v1/chat/completions "HTTP/1.1 200 OK"
2026-06-18 14:48:26 | INFO    | httpx | HTTP Request: POST https://openrouter.ai/api/v1/chat/completions "HTTP/1.1 200 OK"
2026-06-18 14:48:26 | INFO    | httpx | HTTP Request: POST https://openrouter.ai/api/v1/chat/completions "HTTP/1.1 200 OK"
2026-06-18 14:48:26 | INFO    | httpx | HTTP Request: POST https://openrouter.ai/api/v1/chat/completions "HTTP/1.1 200 OK"
2026-06-18 14:48:26 | INFO    | httpx | HTTP Request: POST https://openrouter.ai/api/v1/chat/completions "HTTP/1.1 200 OK"
2026-06-18 14:48:26 | INFO    | httpx | HTTP Request: POST https://openrouter.ai/api/v1/chat/completions "HTTP/1.1 200 OK"
2026-06-18 14:48:26 | INFO    | httpx | HTTP Request: POST https://openrouter.ai/api/v1/chat/completions "HTTP/1.1 200 OK"
2026-06-18 14:48:26 | INFO    | httpx | HTTP Request: POST https://openrouter.ai/api/v1/chat/completions "HTTP/1.1 200 OK"
2026-06-18 14:48:26 | INFO    | httpx | HTTP Request: POST https://openrouter.ai/api/v1/chat/completions "HTTP/1.1 200 OK"
2026-06-18 14:48:26 | INFO    | httpx | HTTP Request: POST https://openrouter.ai/api/v1/chat/completions "HTTP/1.1 200 OK"
2026-06-18 14:48:27 | INFO    | httpx | HTTP Request: POST https://openrouter.ai/api/v1/chat/completions "HTTP/1.1 200 OK"
2026-06-18 14:48:27 | INFO    | httpx | HTTP Request: POST https://openrouter.ai/api/v1/chat/completions "HTTP/1.1 200 OK"
2026-06-18 14:48:27 | INFO    | httpx | HTTP Request: POST https://openrouter.ai/api/v1/chat/completions "HTTP/1.1 200 OK"
2026-06-18 14:48:27 | INFO    | __main__ |     нейрон 26266 alpha=+463.91: p_yes=0.611 CI=[0.54,0.68] (n=180)
2026-06-18 14:48:27 | INFO    | __main__ | [11/55] нейрон 26266 (yes_trigger) alpha=+927.82 — генерация ...
2026-06-18 14:50:21 | INFO    | __main__ |     ... всего генераций: 1932
2026-06-18 14:52:16 | INFO    | __main__ |     ... всего генераций: 1944
2026-06-18 14:53:11 | INFO    | __main__ |     ... всего генераций: 1950
2026-06-18 14:55:04 | INFO    | __main__ |     ... всего генераций: 1962
2026-06-18 14:56:58 | INFO    | __main__ |     ... всего генераций: 1974
2026-06-18 14:58:00 | INFO    | __main__ |     ... всего генераций: 1980
2026-06-18 14:58:50 | INFO    | src.io_utils | Логирование инициализировано: artifacts/logs/07_steering.log (level=INFO)
2026-06-18 14:58:51 | INFO    | __main__ | Устройство: cuda
2026-06-18 14:59:05 | INFO    | src.io_utils | Активации загружены: artifacts/activations.npz (hidden.shape=(228638, 3584))
2026-06-18 14:59:05 | INFO    | src.data | Загружено 8000 samples из artifacts/samples.json
2026-06-18 14:59:16 | INFO    | src.io_utils | SAE загружён: artifacts/sae_topk.pt (mode=topk, d_hidden=57344)
2026-06-18 14:59:16 | INFO    | __main__ | Авто-выбор целей из Yes/No-контраста (n_yes=2, n_no=2) ...
2026-06-18 14:59:16 | INFO    | build_datasets | Загружено файлов: 10 из data/results_dilemma_v2_balanced
2026-06-18 14:59:16 | INFO    | build_datasets | balanced_sample_mask: источник=папка data/results_dilemma_v2_balanced, ответов в срезе=1785
2026-06-18 14:59:16 | INFO    | src.analysis | Контраст на BALANCED: позиций 51539/228638, ответов 1785 (до баланса {'Yes': 5956, 'No': 595, '?': 1449}, источник=dir)
2026-06-18 14:59:16 | INFO    | src.analysis | Контраст: позиции прорежены до 20000 (contrast.max_positions)
2026-06-21 19:07:53 | INFO    | src.io_utils | Логирование инициализировано: artifacts/logs/07_steering.log (level=INFO)
2026-06-21 19:07:53 | INFO    | __main__ | Устройство: cuda
2026-06-21 19:08:11 | INFO    | src.io_utils | Активации загружены: artifacts/activations.npz (hidden.shape=(228638, 3584))
2026-06-21 19:08:12 | INFO    | src.data | Загружено 8000 samples из artifacts/samples.json
2026-06-21 19:08:25 | INFO    | src.io_utils | SAE загружён: artifacts/sae_topk.pt (mode=topk, d_hidden=57344)
2026-06-21 19:08:25 | INFO    | __main__ | Использую явные neuron_ids из конфига: [26266, 14551, 2336, 6750]
2026-06-21 19:08:25 | INFO    | __main__ | Контрольный нейрон: 49181 (fire_rate=0.0117)
2026-06-21 19:14:46 | INFO    | __main__ | median||h|| на слое экстракции = 231.95; alpha_fractions=[0.5, 1.0, 2.0]
2026-06-21 19:14:46 | INFO    | __main__ | Сетка alpha (доли нормы): [-463.91, -231.95, -115.98, 0.0, 115.98, 231.95, 463.91]
2026-06-21 19:14:46 | INFO    | __main__ | Загружаю модель Qwen/Qwen2.5-7B-Instruct ...
2026-06-21 19:14:53 | INFO    | accelerate.utils.modeling | We will use 90% of the memory on device 0 for storing the model, and 10% for the buffer to avoid OOM. You can set `max_memory` in to a higher value to use more memory (at your own risk).
2026-06-21 19:17:33 | INFO    | __main__ | Стиринг на model.model.layers[23] (layer_idx=-5, n_layers=28).
2026-06-21 19:17:33 | INFO    | __main__ | Считаю бейзлайн alpha=0 по 10 промптам (15 ген/промпт) ...
2026-06-21 19:17:49 | INFO    | __main__ |     ... всего генераций: 10
2026-06-21 19:18:00 | INFO    | __main__ |     ... всего генераций: 20
2026-06-21 19:18:11 | INFO    | __main__ |     ... всего генераций: 30
2026-06-21 19:18:22 | INFO    | __main__ |     ... всего генераций: 40
2026-06-21 19:18:33 | INFO    | __main__ |     ... всего генераций: 50
2026-06-21 19:18:44 | INFO    | __main__ |     ... всего генераций: 60
2026-06-21 19:18:55 | INFO    | __main__ |     ... всего генераций: 70
2026-06-21 19:19:07 | INFO    | __main__ |     ... всего генераций: 80
2026-06-21 19:19:17 | INFO    | __main__ |     ... всего генераций: 90
2026-06-21 19:19:29 | INFO    | __main__ |     ... всего генераций: 100
2026-06-21 19:19:41 | INFO    | __main__ |     ... всего генераций: 110
2026-06-21 19:19:52 | INFO    | __main__ |     ... всего генераций: 120
2026-06-21 19:20:03 | INFO    | __main__ |     ... всего генераций: 130
2026-06-21 19:20:15 | INFO    | __main__ |     ... всего генераций: 140
2026-06-21 19:20:25 | INFO    | __main__ |     ... всего генераций: 150
2026-06-21 19:20:28 | INFO    | httpx | HTTP Request: POST https://openrouter.ai/api/v1/chat/completions "HTTP/1.1 200 OK"
2026-06-21 19:20:28 | INFO    | httpx | HTTP Request: POST https://openrouter.ai/api/v1/chat/completions "HTTP/1.1 200 OK"
2026-06-21 19:20:28 | INFO    | httpx | HTTP Request: POST https://openrouter.ai/api/v1/chat/completions "HTTP/1.1 200 OK"
2026-06-21 19:20:28 | INFO    | httpx | HTTP Request: POST https://openrouter.ai/api/v1/chat/completions "HTTP/1.1 200 OK"
2026-06-21 19:20:28 | INFO    | httpx | HTTP Request: POST https://openrouter.ai/api/v1/chat/completions "HTTP/1.1 200 OK"
2026-06-21 19:20:28 | INFO    | httpx | HTTP Request: POST https://openrouter.ai/api/v1/chat/completions "HTTP/1.1 200 OK"
2026-06-21 19:20:29 | INFO    | httpx | HTTP Request: POST https://openrouter.ai/api/v1/chat/completions "HTTP/1.1 200 OK"
2026-06-21 19:20:29 | INFO    | httpx | HTTP Request: POST https://openrouter.ai/api/v1/chat/completions "HTTP/1.1 200 OK"
2026-06-21 19:20:29 | INFO    | httpx | HTTP Request: POST https://openrouter.ai/api/v1/chat/completions "HTTP/1.1 200 OK"
2026-06-21 19:20:29 | INFO    | httpx | HTTP Request: POST https://openrouter.ai/api/v1/chat/completions "HTTP/1.1 200 OK"
2026-06-21 19:20:29 | INFO    | httpx | HTTP Request: POST https://openrouter.ai/api/v1/chat/completions "HTTP/1.1 200 OK"
2026-06-21 19:20:29 | INFO    | httpx | HTTP Request: POST https://openrouter.ai/api/v1/chat/completions "HTTP/1.1 200 OK"
2026-06-21 19:20:29 | INFO    | httpx | HTTP Request: POST https://openrouter.ai/api/v1/chat/completions "HTTP/1.1 200 OK"
2026-06-21 19:20:29 | INFO    | httpx | HTTP Request: POST https://openrouter.ai/api/v1/chat/completions "HTTP/1.1 200 OK"
2026-06-21 19:20:29 | INFO    | httpx | HTTP Request: POST https://openrouter.ai/api/v1/chat/completions "HTTP/1.1 200 OK"
2026-06-21 19:20:29 | INFO    | httpx | HTTP Request: POST https://openrouter.ai/api/v1/chat/completions "HTTP/1.1 200 OK"
2026-06-21 19:20:30 | INFO    | httpx | HTTP Request: POST https://openrouter.ai/api/v1/chat/completions "HTTP/1.1 200 OK"
2026-06-21 19:20:30 | INFO    | httpx | HTTP Request: POST https://openrouter.ai/api/v1/chat/completions "HTTP/1.1 200 OK"
2026-06-21 19:20:30 | INFO    | httpx | HTTP Request: POST https://openrouter.ai/api/v1/chat/completions "HTTP/1.1 200 OK"
2026-06-21 19:20:30 | INFO    | httpx | HTTP Request: POST https://openrouter.ai/api/v1/chat/completions "HTTP/1.1 200 OK"
2026-06-21 19:20:30 | INFO    | httpx | HTTP Request: POST https://openrouter.ai/api/v1/chat/completions "HTTP/1.1 200 OK"
2026-06-21 19:20:30 | INFO    | httpx | HTTP Request: POST https://openrouter.ai/api/v1/chat/completions "HTTP/1.1 200 OK"
2026-06-21 19:20:30 | INFO    | httpx | HTTP Request: POST https://openrouter.ai/api/v1/chat/completions "HTTP/1.1 200 OK"
2026-06-21 19:20:30 | INFO    | httpx | HTTP Request: POST https://openrouter.ai/api/v1/chat/completions "HTTP/1.1 200 OK"
2026-06-21 19:20:30 | INFO    | httpx | HTTP Request: POST https://openrouter.ai/api/v1/chat/completions "HTTP/1.1 200 OK"
2026-06-21 19:20:30 | INFO    | httpx | HTTP Request: POST https://openrouter.ai/api/v1/chat/completions "HTTP/1.1 200 OK"
2026-06-21 19:20:30 | INFO    | httpx | HTTP Request: POST https://openrouter.ai/api/v1/chat/completions "HTTP/1.1 200 OK"
2026-06-21 19:20:31 | INFO    | httpx | HTTP Request: POST https://openrouter.ai/api/v1/chat/completions "HTTP/1.1 200 OK"
2026-06-21 19:20:31 | INFO    | httpx | HTTP Request: POST https://openrouter.ai/api/v1/chat/completions "HTTP/1.1 200 OK"
2026-06-21 19:20:31 | INFO    | httpx | HTTP Request: POST https://openrouter.ai/api/v1/chat/completions "HTTP/1.1 200 OK"
2026-06-21 19:20:31 | INFO    | httpx | HTTP Request: POST https://openrouter.ai/api/v1/chat/completions "HTTP/1.1 200 OK"
2026-06-21 19:20:31 | INFO    | httpx | HTTP Request: POST https://openrouter.ai/api/v1/chat/completions "HTTP/1.1 200 OK"
2026-06-21 19:20:31 | INFO    | httpx | HTTP Request: POST https://openrouter.ai/api/v1/chat/completions "HTTP/1.1 200 OK"
2026-06-21 19:20:31 | INFO    | httpx | HTTP Request: POST https://openrouter.ai/api/v1/chat/completions "HTTP/1.1 200 OK"
2026-06-21 19:20:31 | INFO    | httpx | HTTP Request: POST https://openrouter.ai/api/v1/chat/completions "HTTP/1.1 200 OK"
2026-06-21 19:20:31 | INFO    | httpx | HTTP Request: POST https://openrouter.ai/api/v1/chat/completions "HTTP/1.1 200 OK"
2026-06-21 19:20:31 | INFO    | httpx | HTTP Request: POST https://openrouter.ai/api/v1/chat/completions "HTTP/1.1 200 OK"
2026-06-21 19:20:31 | INFO    | httpx | HTTP Request: POST https://openrouter.ai/api/v1/chat/completions "HTTP/1.1 200 OK"
2026-06-21 19:20:32 | INFO    | httpx | HTTP Request: POST https://openrouter.ai/api/v1/chat/completions "HTTP/1.1 200 OK"
2026-06-21 19:20:32 | INFO    | httpx | HTTP Request: POST https://openrouter.ai/api/v1/chat/completions "HTTP/1.1 200 OK"
2026-06-21 19:20:32 | INFO    | httpx | HTTP Request: POST https://openrouter.ai/api/v1/chat/completions "HTTP/1.1 200 OK"
2026-06-21 19:20:32 | INFO    | httpx | HTTP Request: POST https://openrouter.ai/api/v1/chat/completions "HTTP/1.1 200 OK"
2026-06-21 19:20:32 | INFO    | httpx | HTTP Request: POST https://openrouter.ai/api/v1/chat/completions "HTTP/1.1 200 OK"
2026-06-21 19:20:32 | INFO    | httpx | HTTP Request: POST https://openrouter.ai/api/v1/chat/completions "HTTP/1.1 200 OK"
2026-06-21 19:20:32 | INFO    | httpx | HTTP Request: POST https://openrouter.ai/api/v1/chat/completions "HTTP/1.1 200 OK"
2026-06-21 19:20:32 | INFO    | httpx | HTTP Request: POST https://openrouter.ai/api/v1/chat/completions "HTTP/1.1 200 OK"
2026-06-21 19:20:32 | INFO    | httpx | HTTP Request: POST https://openrouter.ai/api/v1/chat/completions "HTTP/1.1 200 OK"
2026-06-21 19:20:32 | INFO    | httpx | HTTP Request: POST https://openrouter.ai/api/v1/chat/completions "HTTP/1.1 200 OK"
2026-06-21 19:20:32 | INFO    | httpx | HTTP Request: POST https://openrouter.ai/api/v1/chat/completions "HTTP/1.1 200 OK"
2026-06-21 19:20:33 | INFO    | httpx | HTTP Request: POST https://openrouter.ai/api/v1/chat/completions "HTTP/1.1 200 OK"
2026-06-21 19:20:33 | INFO    | httpx | HTTP Request: POST https://openrouter.ai/api/v1/chat/completions "HTTP/1.1 200 OK"
2026-06-21 19:20:33 | INFO    | httpx | HTTP Request: POST https://openrouter.ai/api/v1/chat/completions "HTTP/1.1 200 OK"
2026-06-21 19:20:33 | INFO    | httpx | HTTP Request: POST https://openrouter.ai/api/v1/chat/completions "HTTP/1.1 200 OK"
2026-06-21 19:20:33 | INFO    | httpx | HTTP Request: POST https://openrouter.ai/api/v1/chat/completions "HTTP/1.1 200 OK"
2026-06-21 19:20:33 | INFO    | httpx | HTTP Request: POST https://openrouter.ai/api/v1/chat/completions "HTTP/1.1 200 OK"
2026-06-21 19:20:33 | INFO    | httpx | HTTP Request: POST https://openrouter.ai/api/v1/chat/completions "HTTP/1.1 200 OK"
2026-06-21 19:20:33 | INFO    | httpx | HTTP Request: POST https://openrouter.ai/api/v1/chat/completions "HTTP/1.1 200 OK"
2026-06-21 19:20:33 | INFO    | httpx | HTTP Request: POST https://openrouter.ai/api/v1/chat/completions "HTTP/1.1 200 OK"
2026-06-21 19:20:33 | INFO    | httpx | HTTP Request: POST https://openrouter.ai/api/v1/chat/completions "HTTP/1.1 200 OK"
2026-06-21 19:20:34 | INFO    | httpx | HTTP Request: POST https://openrouter.ai/api/v1/chat/completions "HTTP/1.1 200 OK"
2026-06-21 19:20:34 | INFO    | httpx | HTTP Request: POST https://openrouter.ai/api/v1/chat/completions "HTTP/1.1 200 OK"
2026-06-21 19:20:34 | INFO    | httpx | HTTP Request: POST https://openrouter.ai/api/v1/chat/completions "HTTP/1.1 200 OK"
2026-06-21 19:20:34 | INFO    | httpx | HTTP Request: POST https://openrouter.ai/api/v1/chat/completions "HTTP/1.1 200 OK"
2026-06-21 19:20:34 | INFO    | httpx | HTTP Request: POST https://openrouter.ai/api/v1/chat/completions "HTTP/1.1 200 OK"
2026-06-21 19:20:34 | INFO    | httpx | HTTP Request: POST https://openrouter.ai/api/v1/chat/completions "HTTP/1.1 200 OK"
2026-06-21 19:20:34 | INFO    | httpx | HTTP Request: POST https://openrouter.ai/api/v1/chat/completions "HTTP/1.1 200 OK"
2026-06-21 19:20:34 | INFO    | httpx | HTTP Request: POST https://openrouter.ai/api/v1/chat/completions "HTTP/1.1 200 OK"
2026-06-21 19:20:34 | INFO    | httpx | HTTP Request: POST https://openrouter.ai/api/v1/chat/completions "HTTP/1.1 200 OK"
2026-06-21 19:20:35 | INFO    | httpx | HTTP Request: POST https://openrouter.ai/api/v1/chat/completions "HTTP/1.1 200 OK"
2026-06-21 19:20:35 | INFO    | httpx | HTTP Request: POST https://openrouter.ai/api/v1/chat/completions "HTTP/1.1 200 OK"
2026-06-21 19:20:35 | INFO    | httpx | HTTP Request: POST https://openrouter.ai/api/v1/chat/completions "HTTP/1.1 200 OK"
2026-06-21 19:20:35 | INFO    | httpx | HTTP Request: POST https://openrouter.ai/api/v1/chat/completions "HTTP/1.1 200 OK"
2026-06-21 19:20:35 | INFO    | httpx | HTTP Request: POST https://openrouter.ai/api/v1/chat/completions "HTTP/1.1 200 OK"
2026-06-21 19:20:35 | INFO    | httpx | HTTP Request: POST https://openrouter.ai/api/v1/chat/completions "HTTP/1.1 200 OK"
2026-06-21 19:20:35 | INFO    | httpx | HTTP Request: POST https://openrouter.ai/api/v1/chat/completions "HTTP/1.1 200 OK"
2026-06-21 19:20:35 | INFO    | httpx | HTTP Request: POST https://openrouter.ai/api/v1/chat/completions "HTTP/1.1 200 OK"
2026-06-21 19:20:35 | INFO    | httpx | HTTP Request: POST https://openrouter.ai/api/v1/chat/completions "HTTP/1.1 200 OK"
2026-06-21 19:20:35 | INFO    | httpx | HTTP Request: POST https://openrouter.ai/api/v1/chat/completions "HTTP/1.1 200 OK"
2026-06-21 19:20:36 | INFO    | httpx | HTTP Request: POST https://openrouter.ai/api/v1/chat/completions "HTTP/1.1 200 OK"
2026-06-21 19:20:36 | INFO    | httpx | HTTP Request: POST https://openrouter.ai/api/v1/chat/completions "HTTP/1.1 200 OK"
2026-06-21 19:20:36 | INFO    | httpx | HTTP Request: POST https://openrouter.ai/api/v1/chat/completions "HTTP/1.1 200 OK"
2026-06-21 19:20:36 | INFO    | httpx | HTTP Request: POST https://openrouter.ai/api/v1/chat/completions "HTTP/1.1 200 OK"
2026-06-21 19:20:36 | INFO    | httpx | HTTP Request: POST https://openrouter.ai/api/v1/chat/completions "HTTP/1.1 200 OK"
2026-06-21 19:20:36 | INFO    | httpx | HTTP Request: POST https://openrouter.ai/api/v1/chat/completions "HTTP/1.1 200 OK"
2026-06-21 19:20:36 | INFO    | httpx | HTTP Request: POST https://openrouter.ai/api/v1/chat/completions "HTTP/1.1 200 OK"
2026-06-21 19:20:36 | INFO    | httpx | HTTP Request: POST https://openrouter.ai/api/v1/chat/completions "HTTP/1.1 200 OK"
2026-06-21 19:20:36 | INFO    | httpx | HTTP Request: POST https://openrouter.ai/api/v1/chat/completions "HTTP/1.1 200 OK"
2026-06-21 19:20:36 | INFO    | httpx | HTTP Request: POST https://openrouter.ai/api/v1/chat/completions "HTTP/1.1 200 OK"
2026-06-21 19:20:36 | INFO    | httpx | HTTP Request: POST https://openrouter.ai/api/v1/chat/completions "HTTP/1.1 200 OK"
2026-06-21 19:20:36 | INFO    | httpx | HTTP Request: POST https://openrouter.ai/api/v1/chat/completions "HTTP/1.1 200 OK"
2026-06-21 19:20:37 | INFO    | httpx | HTTP Request: POST https://openrouter.ai/api/v1/chat/completions "HTTP/1.1 200 OK"
2026-06-21 19:20:37 | INFO    | httpx | HTTP Request: POST https://openrouter.ai/api/v1/chat/completions "HTTP/1.1 200 OK"
2026-06-21 19:20:37 | INFO    | httpx | HTTP Request: POST https://openrouter.ai/api/v1/chat/completions "HTTP/1.1 200 OK"
2026-06-21 19:20:37 | INFO    | httpx | HTTP Request: POST https://openrouter.ai/api/v1/chat/completions "HTTP/1.1 200 OK"
2026-06-21 19:20:37 | INFO    | httpx | HTTP Request: POST https://openrouter.ai/api/v1/chat/completions "HTTP/1.1 200 OK"
2026-06-21 19:20:37 | INFO    | httpx | HTTP Request: POST https://openrouter.ai/api/v1/chat/completions "HTTP/1.1 200 OK"
2026-06-21 19:20:37 | INFO    | httpx | HTTP Request: POST https://openrouter.ai/api/v1/chat/completions "HTTP/1.1 200 OK"
2026-06-21 19:20:37 | INFO    | httpx | HTTP Request: POST https://openrouter.ai/api/v1/chat/completions "HTTP/1.1 200 OK"
2026-06-21 19:20:37 | INFO    | httpx | HTTP Request: POST https://openrouter.ai/api/v1/chat/completions "HTTP/1.1 200 OK"
2026-06-21 19:20:37 | INFO    | httpx | HTTP Request: POST https://openrouter.ai/api/v1/chat/completions "HTTP/1.1 200 OK"
2026-06-21 19:20:38 | INFO    | httpx | HTTP Request: POST https://openrouter.ai/api/v1/chat/completions "HTTP/1.1 200 OK"
2026-06-21 19:20:38 | INFO    | httpx | HTTP Request: POST https://openrouter.ai/api/v1/chat/completions "HTTP/1.1 200 OK"
2026-06-21 19:20:38 | INFO    | httpx | HTTP Request: POST https://openrouter.ai/api/v1/chat/completions "HTTP/1.1 200 OK"
2026-06-21 19:20:38 | INFO    | httpx | HTTP Request: POST https://openrouter.ai/api/v1/chat/completions "HTTP/1.1 200 OK"
2026-06-21 19:20:38 | INFO    | httpx | HTTP Request: POST https://openrouter.ai/api/v1/chat/completions "HTTP/1.1 200 OK"
2026-06-21 19:20:38 | INFO    | httpx | HTTP Request: POST https://openrouter.ai/api/v1/chat/completions "HTTP/1.1 200 OK"
2026-06-21 19:20:38 | INFO    | httpx | HTTP Request: POST https://openrouter.ai/api/v1/chat/completions "HTTP/1.1 200 OK"
2026-06-21 19:20:38 | INFO    | httpx | HTTP Request: POST https://openrouter.ai/api/v1/chat/completions "HTTP/1.1 200 OK"
2026-06-21 19:20:38 | INFO    | httpx | HTTP Request: POST https://openrouter.ai/api/v1/chat/completions "HTTP/1.1 200 OK"
2026-06-21 19:20:38 | INFO    | httpx | HTTP Request: POST https://openrouter.ai/api/v1/chat/completions "HTTP/1.1 200 OK"
2026-06-21 19:20:38 | INFO    | httpx | HTTP Request: POST https://openrouter.ai/api/v1/chat/completions "HTTP/1.1 200 OK"
2026-06-21 19:20:39 | INFO    | httpx | HTTP Request: POST https://openrouter.ai/api/v1/chat/completions "HTTP/1.1 200 OK"
2026-06-21 19:20:39 | INFO    | httpx | HTTP Request: POST https://openrouter.ai/api/v1/chat/completions "HTTP/1.1 200 OK"
2026-06-21 19:20:39 | INFO    | httpx | HTTP Request: POST https://openrouter.ai/api/v1/chat/completions "HTTP/1.1 200 OK"
2026-06-21 19:20:39 | INFO    | httpx | HTTP Request: POST https://openrouter.ai/api/v1/chat/completions "HTTP/1.1 200 OK"
2026-06-21 19:20:39 | INFO    | httpx | HTTP Request: POST https://openrouter.ai/api/v1/chat/completions "HTTP/1.1 200 OK"
2026-06-21 19:20:39 | INFO    | httpx | HTTP Request: POST https://openrouter.ai/api/v1/chat/completions "HTTP/1.1 200 OK"
2026-06-21 19:20:39 | INFO    | httpx | HTTP Request: POST https://openrouter.ai/api/v1/chat/completions "HTTP/1.1 200 OK"
2026-06-21 19:20:39 | INFO    | httpx | HTTP Request: POST https://openrouter.ai/api/v1/chat/completions "HTTP/1.1 200 OK"
2026-06-21 19:20:39 | INFO    | httpx | HTTP Request: POST https://openrouter.ai/api/v1/chat/completions "HTTP/1.1 200 OK"
2026-06-21 19:20:40 | INFO    | httpx | HTTP Request: POST https://openrouter.ai/api/v1/chat/completions "HTTP/1.1 200 OK"
2026-06-21 19:20:40 | INFO    | httpx | HTTP Request: POST https://openrouter.ai/api/v1/chat/completions "HTTP/1.1 200 OK"
2026-06-21 19:20:40 | INFO    | httpx | HTTP Request: POST https://openrouter.ai/api/v1/chat/completions "HTTP/1.1 200 OK"
2026-06-21 19:20:40 | INFO    | httpx | HTTP Request: POST https://openrouter.ai/api/v1/chat/completions "HTTP/1.1 200 OK"
2026-06-21 19:20:40 | INFO    | httpx | HTTP Request: POST https://openrouter.ai/api/v1/chat/completions "HTTP/1.1 200 OK"
2026-06-21 19:20:40 | INFO    | httpx | HTTP Request: POST https://openrouter.ai/api/v1/chat/completions "HTTP/1.1 200 OK"
2026-06-21 19:20:40 | INFO    | httpx | HTTP Request: POST https://openrouter.ai/api/v1/chat/completions "HTTP/1.1 200 OK"
2026-06-21 19:20:40 | INFO    | httpx | HTTP Request: POST https://openrouter.ai/api/v1/chat/completions "HTTP/1.1 200 OK"
2026-06-21 19:20:40 | INFO    | httpx | HTTP Request: POST https://openrouter.ai/api/v1/chat/completions "HTTP/1.1 200 OK"
2026-06-21 19:20:40 | INFO    | httpx | HTTP Request: POST https://openrouter.ai/api/v1/chat/completions "HTTP/1.1 200 OK"
2026-06-21 19:20:40 | INFO    | httpx | HTTP Request: POST https://openrouter.ai/api/v1/chat/completions "HTTP/1.1 200 OK"
2026-06-21 19:20:41 | INFO    | httpx | HTTP Request: POST https://openrouter.ai/api/v1/chat/completions "HTTP/1.1 200 OK"
2026-06-21 19:20:41 | INFO    | httpx | HTTP Request: POST https://openrouter.ai/api/v1/chat/completions "HTTP/1.1 200 OK"
2026-06-21 19:20:41 | INFO    | httpx | HTTP Request: POST https://openrouter.ai/api/v1/chat/completions "HTTP/1.1 200 OK"
2026-06-21 19:20:41 | INFO    | httpx | HTTP Request: POST https://openrouter.ai/api/v1/chat/completions "HTTP/1.1 200 OK"
2026-06-21 19:20:41 | INFO    | httpx | HTTP Request: POST https://openrouter.ai/api/v1/chat/completions "HTTP/1.1 200 OK"
2026-06-21 19:20:41 | INFO    | httpx | HTTP Request: POST https://openrouter.ai/api/v1/chat/completions "HTTP/1.1 200 OK"
2026-06-21 19:20:41 | INFO    | httpx | HTTP Request: POST https://openrouter.ai/api/v1/chat/completions "HTTP/1.1 200 OK"
2026-06-21 19:20:41 | INFO    | httpx | HTTP Request: POST https://openrouter.ai/api/v1/chat/completions "HTTP/1.1 200 OK"
2026-06-21 19:20:41 | INFO    | httpx | HTTP Request: POST https://openrouter.ai/api/v1/chat/completions "HTTP/1.1 200 OK"
2026-06-21 19:20:41 | INFO    | httpx | HTTP Request: POST https://openrouter.ai/api/v1/chat/completions "HTTP/1.1 200 OK"
2026-06-21 19:20:42 | INFO    | httpx | HTTP Request: POST https://openrouter.ai/api/v1/chat/completions "HTTP/1.1 200 OK"
2026-06-21 19:20:42 | INFO    | httpx | HTTP Request: POST https://openrouter.ai/api/v1/chat/completions "HTTP/1.1 200 OK"
2026-06-21 19:20:42 | INFO    | httpx | HTTP Request: POST https://openrouter.ai/api/v1/chat/completions "HTTP/1.1 200 OK"
2026-06-21 19:20:42 | INFO    | httpx | HTTP Request: POST https://openrouter.ai/api/v1/chat/completions "HTTP/1.1 200 OK"
2026-06-21 19:20:42 | INFO    | httpx | HTTP Request: POST https://openrouter.ai/api/v1/chat/completions "HTTP/1.1 200 OK"
2026-06-21 19:20:42 | INFO    | httpx | HTTP Request: POST https://openrouter.ai/api/v1/chat/completions "HTTP/1.1 200 OK"
2026-06-21 19:20:42 | INFO    | httpx | HTTP Request: POST https://openrouter.ai/api/v1/chat/completions "HTTP/1.1 200 OK"
2026-06-21 19:20:43 | INFO    | httpx | HTTP Request: POST https://openrouter.ai/api/v1/chat/completions "HTTP/1.1 200 OK"
2026-06-21 19:20:43 | INFO    | httpx | HTTP Request: POST https://openrouter.ai/api/v1/chat/completions "HTTP/1.1 200 OK"
2026-06-21 19:20:43 | INFO    | __main__ | Бейзлайн p_yes по промптам: {9: 0.0, 10: 0.0, 11: 0.13, 12: 0.13, 13: 0.0, 14: 0.8, 15: 0.87, 16: 0.07, 17: 0.4, 18: 0.73}
2026-06-21 19:20:43 | INFO    | __main__ | Отобраны промпты: push_down(к No, Yes-bias)=[15, 14] | push_up(к Yes, ?/No-bias)=[9, 10]
2026-06-21 19:20:43 | INFO    | __main__ | [1/35] нейрон 26266 (explicit) alpha=-463.91 — генерация ...
2026-06-21 19:21:19 | INFO    | __main__ |     ... всего генераций: 162
2026-06-21 19:21:46 | INFO    | __main__ |     ... всего генераций: 170
2026-06-21 19:22:20 | INFO    | __main__ |     ... всего генераций: 182
2026-06-21 19:22:42 | INFO    | __main__ |     ... всего генераций: 190
2026-06-21 19:23:20 | INFO    | __main__ |     ... всего генераций: 202
2026-06-21 19:23:42 | INFO    | __main__ |     ... всего генераций: 210
2026-06-21 19:23:43 | INFO    | httpx | HTTP Request: POST https://openrouter.ai/api/v1/chat/completions "HTTP/1.1 200 OK"
2026-06-21 19:23:43 | INFO    | httpx | HTTP Request: POST https://openrouter.ai/api/v1/chat/completions "HTTP/1.1 200 OK"
2026-06-21 19:23:43 | INFO    | httpx | HTTP Request: POST https://openrouter.ai/api/v1/chat/completions "HTTP/1.1 200 OK"
2026-06-21 19:23:43 | INFO    | httpx | HTTP Request: POST https://openrouter.ai/api/v1/chat/completions "HTTP/1.1 200 OK"
2026-06-21 19:23:44 | INFO    | httpx | HTTP Request: POST https://openrouter.ai/api/v1/chat/completions "HTTP/1.1 200 OK"
2026-06-21 19:23:44 | INFO    | httpx | HTTP Request: POST https://openrouter.ai/api/v1/chat/completions "HTTP/1.1 200 OK"
2026-06-21 19:23:44 | INFO    | httpx | HTTP Request: POST https://openrouter.ai/api/v1/chat/completions "HTTP/1.1 200 OK"
2026-06-21 19:23:44 | INFO    | httpx | HTTP Request: POST https://openrouter.ai/api/v1/chat/completions "HTTP/1.1 200 OK"
2026-06-21 19:23:44 | INFO    | httpx | HTTP Request: POST https://openrouter.ai/api/v1/chat/completions "HTTP/1.1 200 OK"
2026-06-21 19:23:44 | INFO    | httpx | HTTP Request: POST https://openrouter.ai/api/v1/chat/completions "HTTP/1.1 200 OK"
2026-06-21 19:23:44 | INFO    | httpx | HTTP Request: POST https://openrouter.ai/api/v1/chat/completions "HTTP/1.1 200 OK"
2026-06-21 19:23:44 | INFO    | httpx | HTTP Request: POST https://openrouter.ai/api/v1/chat/completions "HTTP/1.1 200 OK"
2026-06-21 19:23:44 | INFO    | httpx | HTTP Request: POST https://openrouter.ai/api/v1/chat/completions "HTTP/1.1 200 OK"
2026-06-21 19:23:44 | INFO    | httpx | HTTP Request: POST https://openrouter.ai/api/v1/chat/completions "HTTP/1.1 200 OK"
2026-06-21 19:23:45 | INFO    | httpx | HTTP Request: POST https://openrouter.ai/api/v1/chat/completions "HTTP/1.1 200 OK"
2026-06-21 19:23:45 | INFO    | httpx | HTTP Request: POST https://openrouter.ai/api/v1/chat/completions "HTTP/1.1 200 OK"
2026-06-21 19:23:45 | INFO    | httpx | HTTP Request: POST https://openrouter.ai/api/v1/chat/completions "HTTP/1.1 200 OK"
2026-06-21 19:23:45 | INFO    | httpx | HTTP Request: POST https://openrouter.ai/api/v1/chat/completions "HTTP/1.1 200 OK"
2026-06-21 19:23:45 | INFO    | httpx | HTTP Request: POST https://openrouter.ai/api/v1/chat/completions "HTTP/1.1 200 OK"
2026-06-21 19:23:45 | INFO    | httpx | HTTP Request: POST https://openrouter.ai/api/v1/chat/completions "HTTP/1.1 200 OK"
2026-06-21 19:23:45 | INFO    | httpx | HTTP Request: POST https://openrouter.ai/api/v1/chat/completions "HTTP/1.1 200 OK"
2026-06-21 19:23:45 | INFO    | httpx | HTTP Request: POST https://openrouter.ai/api/v1/chat/completions "HTTP/1.1 200 OK"
2026-06-21 19:23:45 | INFO    | httpx | HTTP Request: POST https://openrouter.ai/api/v1/chat/completions "HTTP/1.1 200 OK"
2026-06-21 19:23:45 | INFO    | httpx | HTTP Request: POST https://openrouter.ai/api/v1/chat/completions "HTTP/1.1 200 OK"
2026-06-21 19:23:45 | INFO    | httpx | HTTP Request: POST https://openrouter.ai/api/v1/chat/completions "HTTP/1.1 200 OK"
2026-06-21 19:23:45 | INFO    | httpx | HTTP Request: POST https://openrouter.ai/api/v1/chat/completions "HTTP/1.1 200 OK"
2026-06-21 19:23:46 | INFO    | httpx | HTTP Request: POST https://openrouter.ai/api/v1/chat/completions "HTTP/1.1 200 OK"
2026-06-21 19:23:46 | INFO    | httpx | HTTP Request: POST https://openrouter.ai/api/v1/chat/completions "HTTP/1.1 200 OK"
2026-06-21 19:23:46 | INFO    | httpx | HTTP Request: POST https://openrouter.ai/api/v1/chat/completions "HTTP/1.1 200 OK"
2026-06-21 19:23:46 | INFO    | httpx | HTTP Request: POST https://openrouter.ai/api/v1/chat/completions "HTTP/1.1 200 OK"
2026-06-21 19:23:46 | INFO    | httpx | HTTP Request: POST https://openrouter.ai/api/v1/chat/completions "HTTP/1.1 200 OK"
2026-06-21 19:23:46 | INFO    | httpx | HTTP Request: POST https://openrouter.ai/api/v1/chat/completions "HTTP/1.1 200 OK"
2026-06-21 19:23:46 | INFO    | httpx | HTTP Request: POST https://openrouter.ai/api/v1/chat/completions "HTTP/1.1 200 OK"
2026-06-21 19:23:46 | INFO    | httpx | HTTP Request: POST https://openrouter.ai/api/v1/chat/completions "HTTP/1.1 200 OK"
2026-06-21 19:23:46 | INFO    | httpx | HTTP Request: POST https://openrouter.ai/api/v1/chat/completions "HTTP/1.1 200 OK"
2026-06-21 19:23:46 | INFO    | httpx | HTTP Request: POST https://openrouter.ai/api/v1/chat/completions "HTTP/1.1 200 OK"
2026-06-21 19:23:46 | INFO    | httpx | HTTP Request: POST https://openrouter.ai/api/v1/chat/completions "HTTP/1.1 200 OK"
2026-06-21 19:23:47 | INFO    | httpx | HTTP Request: POST https://openrouter.ai/api/v1/chat/completions "HTTP/1.1 200 OK"
2026-06-21 19:23:47 | INFO    | httpx | HTTP Request: POST https://openrouter.ai/api/v1/chat/completions "HTTP/1.1 200 OK"
2026-06-21 19:23:47 | INFO    | httpx | HTTP Request: POST https://openrouter.ai/api/v1/chat/completions "HTTP/1.1 200 OK"
2026-06-21 19:23:47 | INFO    | httpx | HTTP Request: POST https://openrouter.ai/api/v1/chat/completions "HTTP/1.1 200 OK"
2026-06-21 19:23:47 | INFO    | httpx | HTTP Request: POST https://openrouter.ai/api/v1/chat/completions "HTTP/1.1 200 OK"
2026-06-21 19:23:47 | INFO    | httpx | HTTP Request: POST https://openrouter.ai/api/v1/chat/completions "HTTP/1.1 200 OK"
2026-06-21 19:23:47 | INFO    | httpx | HTTP Request: POST https://openrouter.ai/api/v1/chat/completions "HTTP/1.1 200 OK"
2026-06-21 19:23:47 | INFO    | httpx | HTTP Request: POST https://openrouter.ai/api/v1/chat/completions "HTTP/1.1 200 OK"
2026-06-21 19:23:47 | INFO    | httpx | HTTP Request: POST https://openrouter.ai/api/v1/chat/completions "HTTP/1.1 200 OK"
2026-06-21 19:23:47 | INFO    | httpx | HTTP Request: POST https://openrouter.ai/api/v1/chat/completions "HTTP/1.1 200 OK"
2026-06-21 19:23:48 | INFO    | httpx | HTTP Request: POST https://openrouter.ai/api/v1/chat/completions "HTTP/1.1 200 OK"
2026-06-21 19:23:48 | INFO    | httpx | HTTP Request: POST https://openrouter.ai/api/v1/chat/completions "HTTP/1.1 200 OK"
2026-06-21 19:23:48 | INFO    | httpx | HTTP Request: POST https://openrouter.ai/api/v1/chat/completions "HTTP/1.1 200 OK"
2026-06-21 19:23:48 | INFO    | httpx | HTTP Request: POST https://openrouter.ai/api/v1/chat/completions "HTTP/1.1 200 OK"
2026-06-21 19:23:48 | INFO    | httpx | HTTP Request: POST https://openrouter.ai/api/v1/chat/completions "HTTP/1.1 200 OK"
2026-06-21 19:23:48 | INFO    | httpx | HTTP Request: POST https://openrouter.ai/api/v1/chat/completions "HTTP/1.1 200 OK"
2026-06-21 19:23:48 | INFO    | httpx | HTTP Request: POST https://openrouter.ai/api/v1/chat/completions "HTTP/1.1 200 OK"
2026-06-21 19:23:48 | INFO    | httpx | HTTP Request: POST https://openrouter.ai/api/v1/chat/completions "HTTP/1.1 200 OK"
2026-06-21 19:23:48 | INFO    | httpx | HTTP Request: POST https://openrouter.ai/api/v1/chat/completions "HTTP/1.1 200 OK"
2026-06-21 19:23:48 | INFO    | httpx | HTTP Request: POST https://openrouter.ai/api/v1/chat/completions "HTTP/1.1 200 OK"
2026-06-21 19:23:48 | INFO    | httpx | HTTP Request: POST https://openrouter.ai/api/v1/chat/completions "HTTP/1.1 200 OK"
2026-06-21 19:23:48 | INFO    | httpx | HTTP Request: POST https://openrouter.ai/api/v1/chat/completions "HTTP/1.1 200 OK"
2026-06-21 19:23:49 | INFO    | httpx | HTTP Request: POST https://openrouter.ai/api/v1/chat/completions "HTTP/1.1 200 OK"
2026-06-21 19:23:49 | INFO    | __main__ |     нейрон 26266 alpha=-463.91: p_yes=0.000 CI=[0.00,0.00] (n=60)
2026-06-21 19:23:49 | INFO    | __main__ | [2/35] нейрон 26266 (explicit) alpha=-231.95 — генерация ...
2026-06-21 19:24:24 | INFO    | __main__ |     ... всего генераций: 222
2026-06-21 19:24:47 | INFO    | __main__ |     ... всего генераций: 230
2026-06-21 19:25:22 | INFO    | __main__ |     ... всего генераций: 242
2026-06-21 19:25:57 | INFO    | __main__ |     ... всего генераций: 250
2026-06-21 19:26:52 | INFO    | __main__ |     ... всего генераций: 262
2026-06-21 19:27:29 | INFO    | __main__ |     ... всего генераций: 270
2026-06-21 19:27:30 | INFO    | httpx | HTTP Request: POST https://openrouter.ai/api/v1/chat/completions "HTTP/1.1 200 OK"
2026-06-21 19:27:30 | INFO    | httpx | HTTP Request: POST https://openrouter.ai/api/v1/chat/completions "HTTP/1.1 200 OK"
2026-06-21 19:27:30 | INFO    | httpx | HTTP Request: POST https://openrouter.ai/api/v1/chat/completions "HTTP/1.1 200 OK"
2026-06-21 19:27:30 | INFO    | httpx | HTTP Request: POST https://openrouter.ai/api/v1/chat/completions "HTTP/1.1 200 OK"
2026-06-21 19:27:30 | INFO    | httpx | HTTP Request: POST https://openrouter.ai/api/v1/chat/completions "HTTP/1.1 200 OK"
2026-06-21 19:27:30 | INFO    | httpx | HTTP Request: POST https://openrouter.ai/api/v1/chat/completions "HTTP/1.1 200 OK"
2026-06-21 19:27:30 | INFO    | httpx | HTTP Request: POST https://openrouter.ai/api/v1/chat/completions "HTTP/1.1 200 OK"
2026-06-21 19:27:30 | INFO    | httpx | HTTP Request: POST https://openrouter.ai/api/v1/chat/completions "HTTP/1.1 200 OK"
2026-06-21 19:27:31 | INFO    | httpx | HTTP Request: POST https://openrouter.ai/api/v1/chat/completions "HTTP/1.1 200 OK"
2026-06-21 19:27:31 | INFO    | httpx | HTTP Request: POST https://openrouter.ai/api/v1/chat/completions "HTTP/1.1 200 OK"
2026-06-21 19:27:31 | INFO    | httpx | HTTP Request: POST https://openrouter.ai/api/v1/chat/completions "HTTP/1.1 200 OK"
2026-06-21 19:27:31 | INFO    | httpx | HTTP Request: POST https://openrouter.ai/api/v1/chat/completions "HTTP/1.1 200 OK"
2026-06-21 19:27:31 | INFO    | httpx | HTTP Request: POST https://openrouter.ai/api/v1/chat/completions "HTTP/1.1 200 OK"
2026-06-21 19:27:31 | INFO    | httpx | HTTP Request: POST https://openrouter.ai/api/v1/chat/completions "HTTP/1.1 200 OK"
2026-06-21 19:27:31 | INFO    | httpx | HTTP Request: POST https://openrouter.ai/api/v1/chat/completions "HTTP/1.1 200 OK"
2026-06-21 19:27:31 | INFO    | httpx | HTTP Request: POST https://openrouter.ai/api/v1/chat/completions "HTTP/1.1 200 OK"
2026-06-21 19:27:31 | INFO    | httpx | HTTP Request: POST https://openrouter.ai/api/v1/chat/completions "HTTP/1.1 200 OK"
2026-06-21 19:27:31 | INFO    | httpx | HTTP Request: POST https://openrouter.ai/api/v1/chat/completions "HTTP/1.1 200 OK"
2026-06-21 19:27:31 | INFO    | httpx | HTTP Request: POST https://openrouter.ai/api/v1/chat/completions "HTTP/1.1 200 OK"
2026-06-21 19:27:31 | INFO    | httpx | HTTP Request: POST https://openrouter.ai/api/v1/chat/completions "HTTP/1.1 200 OK"
2026-06-21 19:27:31 | INFO    | httpx | HTTP Request: POST https://openrouter.ai/api/v1/chat/completions "HTTP/1.1 200 OK"
2026-06-21 19:27:31 | INFO    | httpx | HTTP Request: POST https://openrouter.ai/api/v1/chat/completions "HTTP/1.1 200 OK"
2026-06-21 19:27:32 | INFO    | httpx | HTTP Request: POST https://openrouter.ai/api/v1/chat/completions "HTTP/1.1 200 OK"
2026-06-21 19:27:32 | INFO    | httpx | HTTP Request: POST https://openrouter.ai/api/v1/chat/completions "HTTP/1.1 200 OK"
2026-06-21 19:27:32 | INFO    | httpx | HTTP Request: POST https://openrouter.ai/api/v1/chat/completions "HTTP/1.1 200 OK"
2026-06-21 19:27:32 | INFO    | httpx | HTTP Request: POST https://openrouter.ai/api/v1/chat/completions "HTTP/1.1 200 OK"
2026-06-21 19:27:32 | INFO    | httpx | HTTP Request: POST https://openrouter.ai/api/v1/chat/completions "HTTP/1.1 200 OK"
2026-06-21 19:27:32 | INFO    | httpx | HTTP Request: POST https://openrouter.ai/api/v1/chat/completions "HTTP/1.1 200 OK"
2026-06-21 19:27:32 | INFO    | httpx | HTTP Request: POST https://openrouter.ai/api/v1/chat/completions "HTTP/1.1 200 OK"
2026-06-21 19:27:32 | INFO    | httpx | HTTP Request: POST https://openrouter.ai/api/v1/chat/completions "HTTP/1.1 200 OK"
2026-06-21 19:27:32 | INFO    | httpx | HTTP Request: POST https://openrouter.ai/api/v1/chat/completions "HTTP/1.1 200 OK"
2026-06-21 19:27:33 | INFO    | httpx | HTTP Request: POST https://openrouter.ai/api/v1/chat/completions "HTTP/1.1 200 OK"
2026-06-21 19:27:33 | INFO    | httpx | HTTP Request: POST https://openrouter.ai/api/v1/chat/completions "HTTP/1.1 200 OK"
2026-06-21 19:27:33 | INFO    | httpx | HTTP Request: POST https://openrouter.ai/api/v1/chat/completions "HTTP/1.1 200 OK"
2026-06-21 19:27:33 | INFO    | httpx | HTTP Request: POST https://openrouter.ai/api/v1/chat/completions "HTTP/1.1 200 OK"
2026-06-21 19:27:33 | INFO    | httpx | HTTP Request: POST https://openrouter.ai/api/v1/chat/completions "HTTP/1.1 200 OK"
2026-06-21 19:27:33 | INFO    | httpx | HTTP Request: POST https://openrouter.ai/api/v1/chat/completions "HTTP/1.1 200 OK"
2026-06-21 19:27:33 | INFO    | httpx | HTTP Request: POST https://openrouter.ai/api/v1/chat/completions "HTTP/1.1 200 OK"
2026-06-21 19:27:33 | INFO    | httpx | HTTP Request: POST https://openrouter.ai/api/v1/chat/completions "HTTP/1.1 200 OK"
2026-06-21 19:27:33 | INFO    | httpx | HTTP Request: POST https://openrouter.ai/api/v1/chat/completions "HTTP/1.1 200 OK"
2026-06-21 19:27:34 | INFO    | httpx | HTTP Request: POST https://openrouter.ai/api/v1/chat/completions "HTTP/1.1 200 OK"
2026-06-21 19:27:34 | INFO    | httpx | HTTP Request: POST https://openrouter.ai/api/v1/chat/completions "HTTP/1.1 200 OK"
2026-06-21 19:27:34 | INFO    | httpx | HTTP Request: POST https://openrouter.ai/api/v1/chat/completions "HTTP/1.1 200 OK"
2026-06-21 19:27:34 | INFO    | httpx | HTTP Request: POST https://openrouter.ai/api/v1/chat/completions "HTTP/1.1 200 OK"
2026-06-21 19:27:34 | INFO    | httpx | HTTP Request: POST https://openrouter.ai/api/v1/chat/completions "HTTP/1.1 200 OK"
2026-06-21 19:27:34 | INFO    | httpx | HTTP Request: POST https://openrouter.ai/api/v1/chat/completions "HTTP/1.1 200 OK"
2026-06-21 19:27:34 | INFO    | httpx | HTTP Request: POST https://openrouter.ai/api/v1/chat/completions "HTTP/1.1 200 OK"
2026-06-21 19:27:34 | INFO    | httpx | HTTP Request: POST https://openrouter.ai/api/v1/chat/completions "HTTP/1.1 200 OK"
2026-06-21 19:27:34 | INFO    | httpx | HTTP Request: POST https://openrouter.ai/api/v1/chat/completions "HTTP/1.1 200 OK"
2026-06-21 19:27:34 | INFO    | httpx | HTTP Request: POST https://openrouter.ai/api/v1/chat/completions "HTTP/1.1 200 OK"
2026-06-21 19:27:34 | INFO    | httpx | HTTP Request: POST https://openrouter.ai/api/v1/chat/completions "HTTP/1.1 200 OK"
2026-06-21 19:27:35 | INFO    | httpx | HTTP Request: POST https://openrouter.ai/api/v1/chat/completions "HTTP/1.1 200 OK"
2026-06-21 19:27:35 | INFO    | httpx | HTTP Request: POST https://openrouter.ai/api/v1/chat/completions "HTTP/1.1 200 OK"
2026-06-21 19:27:35 | INFO    | httpx | HTTP Request: POST https://openrouter.ai/api/v1/chat/completions "HTTP/1.1 200 OK"
2026-06-21 19:27:35 | INFO    | httpx | HTTP Request: POST https://openrouter.ai/api/v1/chat/completions "HTTP/1.1 200 OK"
2026-06-21 19:27:35 | INFO    | httpx | HTTP Request: POST https://openrouter.ai/api/v1/chat/completions "HTTP/1.1 200 OK"
2026-06-21 19:27:35 | INFO    | httpx | HTTP Request: POST https://openrouter.ai/api/v1/chat/completions "HTTP/1.1 200 OK"
2026-06-21 19:27:35 | INFO    | httpx | HTTP Request: POST https://openrouter.ai/api/v1/chat/completions "HTTP/1.1 200 OK"
2026-06-21 19:27:35 | INFO    | httpx | HTTP Request: POST https://openrouter.ai/api/v1/chat/completions "HTTP/1.1 200 OK"
2026-06-21 19:27:35 | INFO    | httpx | HTTP Request: POST https://openrouter.ai/api/v1/chat/completions "HTTP/1.1 200 OK"
2026-06-21 19:27:35 | INFO    | __main__ |     нейрон 26266 alpha=-231.95: p_yes=0.450 CI=[0.33,0.57] (n=60)
2026-06-21 19:27:35 | INFO    | __main__ | [3/35] нейрон 26266 (explicit) alpha=-115.98 — генерация ...
2026-06-21 19:28:50 | INFO    | __main__ |     ... всего генераций: 282
2026-06-21 19:29:32 | INFO    | __main__ |     ... всего генераций: 290
2026-06-21 19:30:31 | INFO    | __main__ |     ... всего генераций: 302
2026-06-21 19:31:12 | INFO    | __main__ |     ... всего генераций: 310
2026-06-21 19:32:10 | INFO    | __main__ |     ... всего генераций: 322
2026-06-21 19:32:55 | INFO    | __main__ |     ... всего генераций: 330
2026-06-21 19:32:56 | INFO    | httpx | HTTP Request: POST https://openrouter.ai/api/v1/chat/completions "HTTP/1.1 200 OK"
2026-06-21 19:32:56 | INFO    | httpx | HTTP Request: POST https://openrouter.ai/api/v1/chat/completions "HTTP/1.1 200 OK"
2026-06-21 19:32:56 | INFO    | httpx | HTTP Request: POST https://openrouter.ai/api/v1/chat/completions "HTTP/1.1 200 OK"
2026-06-21 19:32:56 | INFO    | httpx | HTTP Request: POST https://openrouter.ai/api/v1/chat/completions "HTTP/1.1 200 OK"
2026-06-21 19:32:56 | INFO    | httpx | HTTP Request: POST https://openrouter.ai/api/v1/chat/completions "HTTP/1.1 200 OK"
2026-06-21 19:32:56 | INFO    | httpx | HTTP Request: POST https://openrouter.ai/api/v1/chat/completions "HTTP/1.1 200 OK"
2026-06-21 19:32:56 | INFO    | httpx | HTTP Request: POST https://openrouter.ai/api/v1/chat/completions "HTTP/1.1 200 OK"
2026-06-21 19:32:56 | INFO    | httpx | HTTP Request: POST https://openrouter.ai/api/v1/chat/completions "HTTP/1.1 200 OK"
2026-06-21 19:32:56 | INFO    | httpx | HTTP Request: POST https://openrouter.ai/api/v1/chat/completions "HTTP/1.1 200 OK"
2026-06-21 19:32:56 | INFO    | httpx | HTTP Request: POST https://openrouter.ai/api/v1/chat/completions "HTTP/1.1 200 OK"
2026-06-21 19:32:56 | INFO    | httpx | HTTP Request: POST https://openrouter.ai/api/v1/chat/completions "HTTP/1.1 200 OK"
2026-06-21 19:32:57 | INFO    | httpx | HTTP Request: POST https://openrouter.ai/api/v1/chat/completions "HTTP/1.1 200 OK"
2026-06-21 19:32:57 | INFO    | httpx | HTTP Request: POST https://openrouter.ai/api/v1/chat/completions "HTTP/1.1 200 OK"
2026-06-21 19:32:57 | INFO    | httpx | HTTP Request: POST https://openrouter.ai/api/v1/chat/completions "HTTP/1.1 200 OK"
2026-06-21 19:32:57 | INFO    | httpx | HTTP Request: POST https://openrouter.ai/api/v1/chat/completions "HTTP/1.1 200 OK"
2026-06-21 19:32:57 | INFO    | httpx | HTTP Request: POST https://openrouter.ai/api/v1/chat/completions "HTTP/1.1 200 OK"
2026-06-21 19:32:57 | INFO    | httpx | HTTP Request: POST https://openrouter.ai/api/v1/chat/completions "HTTP/1.1 200 OK"
2026-06-21 19:32:57 | INFO    | httpx | HTTP Request: POST https://openrouter.ai/api/v1/chat/completions "HTTP/1.1 200 OK"
2026-06-21 19:32:57 | INFO    | httpx | HTTP Request: POST https://openrouter.ai/api/v1/chat/completions "HTTP/1.1 200 OK"
2026-06-21 19:32:57 | INFO    | httpx | HTTP Request: POST https://openrouter.ai/api/v1/chat/completions "HTTP/1.1 200 OK"
2026-06-21 19:32:57 | INFO    | httpx | HTTP Request: POST https://openrouter.ai/api/v1/chat/completions "HTTP/1.1 200 OK"
2026-06-21 19:32:58 | INFO    | httpx | HTTP Request: POST https://openrouter.ai/api/v1/chat/completions "HTTP/1.1 200 OK"
2026-06-21 19:32:58 | INFO    | httpx | HTTP Request: POST https://openrouter.ai/api/v1/chat/completions "HTTP/1.1 200 OK"
2026-06-21 19:32:58 | INFO    | httpx | HTTP Request: POST https://openrouter.ai/api/v1/chat/completions "HTTP/1.1 200 OK"
2026-06-21 19:32:58 | INFO    | httpx | HTTP Request: POST https://openrouter.ai/api/v1/chat/completions "HTTP/1.1 200 OK"
2026-06-21 19:32:58 | INFO    | httpx | HTTP Request: POST https://openrouter.ai/api/v1/chat/completions "HTTP/1.1 200 OK"
2026-06-21 19:32:58 | INFO    | httpx | HTTP Request: POST https://openrouter.ai/api/v1/chat/completions "HTTP/1.1 200 OK"
2026-06-21 19:32:58 | INFO    | httpx | HTTP Request: POST https://openrouter.ai/api/v1/chat/completions "HTTP/1.1 200 OK"
2026-06-21 19:32:58 | INFO    | httpx | HTTP Request: POST https://openrouter.ai/api/v1/chat/completions "HTTP/1.1 200 OK"
2026-06-21 19:32:58 | INFO    | httpx | HTTP Request: POST https://openrouter.ai/api/v1/chat/completions "HTTP/1.1 200 OK"
2026-06-21 19:32:58 | INFO    | httpx | HTTP Request: POST https://openrouter.ai/api/v1/chat/completions "HTTP/1.1 200 OK"
2026-06-21 19:32:59 | INFO    | httpx | HTTP Request: POST https://openrouter.ai/api/v1/chat/completions "HTTP/1.1 200 OK"
2026-06-21 19:32:59 | INFO    | httpx | HTTP Request: POST https://openrouter.ai/api/v1/chat/completions "HTTP/1.1 200 OK"
2026-06-21 19:32:59 | INFO    | httpx | HTTP Request: POST https://openrouter.ai/api/v1/chat/completions "HTTP/1.1 200 OK"
2026-06-21 19:32:59 | INFO    | httpx | HTTP Request: POST https://openrouter.ai/api/v1/chat/completions "HTTP/1.1 200 OK"
2026-06-21 19:32:59 | INFO    | httpx | HTTP Request: POST https://openrouter.ai/api/v1/chat/completions "HTTP/1.1 200 OK"
2026-06-21 19:32:59 | INFO    | httpx | HTTP Request: POST https://openrouter.ai/api/v1/chat/completions "HTTP/1.1 200 OK"
2026-06-21 19:32:59 | INFO    | httpx | HTTP Request: POST https://openrouter.ai/api/v1/chat/completions "HTTP/1.1 200 OK"
2026-06-21 19:32:59 | INFO    | httpx | HTTP Request: POST https://openrouter.ai/api/v1/chat/completions "HTTP/1.1 200 OK"
2026-06-21 19:32:59 | INFO    | httpx | HTTP Request: POST https://openrouter.ai/api/v1/chat/completions "HTTP/1.1 200 OK"
2026-06-21 19:32:59 | INFO    | httpx | HTTP Request: POST https://openrouter.ai/api/v1/chat/completions "HTTP/1.1 200 OK"
2026-06-21 19:33:00 | INFO    | httpx | HTTP Request: POST https://openrouter.ai/api/v1/chat/completions "HTTP/1.1 200 OK"
2026-06-21 19:33:00 | INFO    | httpx | HTTP Request: POST https://openrouter.ai/api/v1/chat/completions "HTTP/1.1 200 OK"
2026-06-21 19:33:00 | INFO    | httpx | HTTP Request: POST https://openrouter.ai/api/v1/chat/completions "HTTP/1.1 200 OK"
2026-06-21 19:33:00 | INFO    | httpx | HTTP Request: POST https://openrouter.ai/api/v1/chat/completions "HTTP/1.1 200 OK"
2026-06-21 19:33:00 | INFO    | httpx | HTTP Request: POST https://openrouter.ai/api/v1/chat/completions "HTTP/1.1 200 OK"
2026-06-21 19:33:00 | INFO    | httpx | HTTP Request: POST https://openrouter.ai/api/v1/chat/completions "HTTP/1.1 200 OK"
2026-06-21 19:33:00 | INFO    | httpx | HTTP Request: POST https://openrouter.ai/api/v1/chat/completions "HTTP/1.1 200 OK"
2026-06-21 19:33:00 | INFO    | httpx | HTTP Request: POST https://openrouter.ai/api/v1/chat/completions "HTTP/1.1 200 OK"
2026-06-21 19:33:00 | INFO    | httpx | HTTP Request: POST https://openrouter.ai/api/v1/chat/completions "HTTP/1.1 200 OK"
2026-06-21 19:33:00 | INFO    | httpx | HTTP Request: POST https://openrouter.ai/api/v1/chat/completions "HTTP/1.1 200 OK"
2026-06-21 19:33:00 | INFO    | httpx | HTTP Request: POST https://openrouter.ai/api/v1/chat/completions "HTTP/1.1 200 OK"
2026-06-21 19:33:00 | INFO    | httpx | HTTP Request: POST https://openrouter.ai/api/v1/chat/completions "HTTP/1.1 200 OK"
2026-06-21 19:33:01 | INFO    | httpx | HTTP Request: POST https://openrouter.ai/api/v1/chat/completions "HTTP/1.1 200 OK"
2026-06-21 19:33:01 | INFO    | httpx | HTTP Request: POST https://openrouter.ai/api/v1/chat/completions "HTTP/1.1 200 OK"
2026-06-21 19:33:01 | INFO    | httpx | HTTP Request: POST https://openrouter.ai/api/v1/chat/completions "HTTP/1.1 200 OK"
2026-06-21 19:33:01 | INFO    | httpx | HTTP Request: POST https://openrouter.ai/api/v1/chat/completions "HTTP/1.1 200 OK"
2026-06-21 19:33:01 | INFO    | httpx | HTTP Request: POST https://openrouter.ai/api/v1/chat/completions "HTTP/1.1 200 OK"
2026-06-21 19:33:01 | INFO    | httpx | HTTP Request: POST https://openrouter.ai/api/v1/chat/completions "HTTP/1.1 200 OK"
2026-06-21 19:33:01 | INFO    | httpx | HTTP Request: POST https://openrouter.ai/api/v1/chat/completions "HTTP/1.1 200 OK"
2026-06-21 19:33:01 | INFO    | __main__ |     нейрон 26266 alpha=-115.98: p_yes=0.400 CI=[0.28,0.53] (n=60)
2026-06-21 19:33:01 | INFO    | __main__ |     нейрон 26266 alpha=+0.00: p_yes=0.417 CI=[0.30,0.53] (n=60)
2026-06-21 19:33:01 | INFO    | __main__ | [5/35] нейрон 26266 (explicit) alpha=+115.98 — генерация ...
2026-06-21 19:34:04 | INFO    | __main__ |     ... всего генераций: 342
2026-06-21 19:34:54 | INFO    | __main__ |     ... всего генераций: 350
2026-06-21 19:36:04 | INFO    | __main__ |     ... всего генераций: 362
2026-06-21 19:36:45 | INFO    | __main__ |     ... всего генераций: 370
2026-06-21 19:37:45 | INFO    | __main__ |     ... всего генераций: 382
2026-06-21 19:38:21 | INFO    | __main__ |     ... всего генераций: 390
2026-06-21 19:38:22 | INFO    | httpx | HTTP Request: POST https://openrouter.ai/api/v1/chat/completions "HTTP/1.1 200 OK"
2026-06-21 19:38:22 | INFO    | httpx | HTTP Request: POST https://openrouter.ai/api/v1/chat/completions "HTTP/1.1 200 OK"
2026-06-21 19:38:22 | INFO    | httpx | HTTP Request: POST https://openrouter.ai/api/v1/chat/completions "HTTP/1.1 200 OK"
2026-06-21 19:38:22 | INFO    | httpx | HTTP Request: POST https://openrouter.ai/api/v1/chat/completions "HTTP/1.1 200 OK"
2026-06-21 19:38:22 | INFO    | httpx | HTTP Request: POST https://openrouter.ai/api/v1/chat/completions "HTTP/1.1 200 OK"
2026-06-21 19:38:22 | INFO    | httpx | HTTP Request: POST https://openrouter.ai/api/v1/chat/completions "HTTP/1.1 200 OK"
2026-06-21 19:38:22 | INFO    | httpx | HTTP Request: POST https://openrouter.ai/api/v1/chat/completions "HTTP/1.1 200 OK"
2026-06-21 19:38:22 | INFO    | httpx | HTTP Request: POST https://openrouter.ai/api/v1/chat/completions "HTTP/1.1 200 OK"
2026-06-21 19:38:23 | INFO    | httpx | HTTP Request: POST https://openrouter.ai/api/v1/chat/completions "HTTP/1.1 200 OK"
2026-06-21 19:38:23 | INFO    | httpx | HTTP Request: POST https://openrouter.ai/api/v1/chat/completions "HTTP/1.1 200 OK"
2026-06-21 19:38:23 | INFO    | httpx | HTTP Request: POST https://openrouter.ai/api/v1/chat/completions "HTTP/1.1 200 OK"
2026-06-21 19:38:23 | INFO    | httpx | HTTP Request: POST https://openrouter.ai/api/v1/chat/completions "HTTP/1.1 200 OK"
2026-06-21 19:38:23 | INFO    | httpx | HTTP Request: POST https://openrouter.ai/api/v1/chat/completions "HTTP/1.1 200 OK"
2026-06-21 19:38:23 | INFO    | httpx | HTTP Request: POST https://openrouter.ai/api/v1/chat/completions "HTTP/1.1 200 OK"
2026-06-21 19:38:23 | INFO    | httpx | HTTP Request: POST https://openrouter.ai/api/v1/chat/completions "HTTP/1.1 200 OK"
2026-06-21 19:38:23 | INFO    | httpx | HTTP Request: POST https://openrouter.ai/api/v1/chat/completions "HTTP/1.1 200 OK"
2026-06-21 19:38:23 | INFO    | httpx | HTTP Request: POST https://openrouter.ai/api/v1/chat/completions "HTTP/1.1 200 OK"
2026-06-21 19:38:23 | INFO    | httpx | HTTP Request: POST https://openrouter.ai/api/v1/chat/completions "HTTP/1.1 200 OK"
2026-06-21 19:38:23 | INFO    | httpx | HTTP Request: POST https://openrouter.ai/api/v1/chat/completions "HTTP/1.1 200 OK"
2026-06-21 19:38:23 | INFO    | httpx | HTTP Request: POST https://openrouter.ai/api/v1/chat/completions "HTTP/1.1 200 OK"
2026-06-21 19:38:23 | INFO    | httpx | HTTP Request: POST https://openrouter.ai/api/v1/chat/completions "HTTP/1.1 200 OK"
2026-06-21 19:38:24 | INFO    | httpx | HTTP Request: POST https://openrouter.ai/api/v1/chat/completions "HTTP/1.1 200 OK"
2026-06-21 19:38:24 | INFO    | httpx | HTTP Request: POST https://openrouter.ai/api/v1/chat/completions "HTTP/1.1 200 OK"
2026-06-21 19:38:24 | INFO    | httpx | HTTP Request: POST https://openrouter.ai/api/v1/chat/completions "HTTP/1.1 200 OK"
2026-06-21 19:38:24 | INFO    | httpx | HTTP Request: POST https://openrouter.ai/api/v1/chat/completions "HTTP/1.1 200 OK"
2026-06-21 19:38:24 | INFO    | httpx | HTTP Request: POST https://openrouter.ai/api/v1/chat/completions "HTTP/1.1 200 OK"
2026-06-21 19:38:24 | INFO    | httpx | HTTP Request: POST https://openrouter.ai/api/v1/chat/completions "HTTP/1.1 200 OK"
2026-06-21 19:38:24 | INFO    | httpx | HTTP Request: POST https://openrouter.ai/api/v1/chat/completions "HTTP/1.1 200 OK"
2026-06-21 19:38:24 | INFO    | httpx | HTTP Request: POST https://openrouter.ai/api/v1/chat/completions "HTTP/1.1 200 OK"
2026-06-21 19:38:24 | INFO    | httpx | HTTP Request: POST https://openrouter.ai/api/v1/chat/completions "HTTP/1.1 200 OK"
2026-06-21 19:38:25 | INFO    | httpx | HTTP Request: POST https://openrouter.ai/api/v1/chat/completions "HTTP/1.1 200 OK"
2026-06-21 19:38:25 | INFO    | httpx | HTTP Request: POST https://openrouter.ai/api/v1/chat/completions "HTTP/1.1 200 OK"
2026-06-21 19:38:25 | INFO    | httpx | HTTP Request: POST https://openrouter.ai/api/v1/chat/completions "HTTP/1.1 200 OK"
2026-06-21 19:38:25 | INFO    | httpx | HTTP Request: POST https://openrouter.ai/api/v1/chat/completions "HTTP/1.1 200 OK"
2026-06-21 19:38:25 | INFO    | httpx | HTTP Request: POST https://openrouter.ai/api/v1/chat/completions "HTTP/1.1 200 OK"
2026-06-21 19:38:25 | INFO    | httpx | HTTP Request: POST https://openrouter.ai/api/v1/chat/completions "HTTP/1.1 200 OK"
2026-06-21 19:38:25 | INFO    | httpx | HTTP Request: POST https://openrouter.ai/api/v1/chat/completions "HTTP/1.1 200 OK"
2026-06-21 19:38:25 | INFO    | httpx | HTTP Request: POST https://openrouter.ai/api/v1/chat/completions "HTTP/1.1 200 OK"
2026-06-21 19:38:25 | INFO    | httpx | HTTP Request: POST https://openrouter.ai/api/v1/chat/completions "HTTP/1.1 200 OK"
2026-06-21 19:38:25 | INFO    | httpx | HTTP Request: POST https://openrouter.ai/api/v1/chat/completions "HTTP/1.1 200 OK"
2026-06-21 19:38:26 | INFO    | httpx | HTTP Request: POST https://openrouter.ai/api/v1/chat/completions "HTTP/1.1 200 OK"
2026-06-21 19:38:26 | INFO    | httpx | HTTP Request: POST https://openrouter.ai/api/v1/chat/completions "HTTP/1.1 200 OK"
2026-06-21 19:38:26 | INFO    | httpx | HTTP Request: POST https://openrouter.ai/api/v1/chat/completions "HTTP/1.1 200 OK"
2026-06-21 19:38:26 | INFO    | httpx | HTTP Request: POST https://openrouter.ai/api/v1/chat/completions "HTTP/1.1 200 OK"
2026-06-21 19:38:26 | INFO    | httpx | HTTP Request: POST https://openrouter.ai/api/v1/chat/completions "HTTP/1.1 200 OK"
2026-06-21 19:38:26 | INFO    | httpx | HTTP Request: POST https://openrouter.ai/api/v1/chat/completions "HTTP/1.1 200 OK"
2026-06-21 19:38:26 | INFO    | httpx | HTTP Request: POST https://openrouter.ai/api/v1/chat/completions "HTTP/1.1 200 OK"
2026-06-21 19:38:26 | INFO    | httpx | HTTP Request: POST https://openrouter.ai/api/v1/chat/completions "HTTP/1.1 200 OK"
2026-06-21 19:38:26 | INFO    | httpx | HTTP Request: POST https://openrouter.ai/api/v1/chat/completions "HTTP/1.1 200 OK"
2026-06-21 19:38:26 | INFO    | httpx | HTTP Request: POST https://openrouter.ai/api/v1/chat/completions "HTTP/1.1 200 OK"
2026-06-21 19:38:26 | INFO    | httpx | HTTP Request: POST https://openrouter.ai/api/v1/chat/completions "HTTP/1.1 200 OK"
2026-06-21 19:38:26 | INFO    | httpx | HTTP Request: POST https://openrouter.ai/api/v1/chat/completions "HTTP/1.1 200 OK"
2026-06-21 19:38:27 | INFO    | httpx | HTTP Request: POST https://openrouter.ai/api/v1/chat/completions "HTTP/1.1 200 OK"
2026-06-21 19:38:27 | INFO    | httpx | HTTP Request: POST https://openrouter.ai/api/v1/chat/completions "HTTP/1.1 200 OK"
2026-06-21 19:38:27 | INFO    | httpx | HTTP Request: POST https://openrouter.ai/api/v1/chat/completions "HTTP/1.1 200 OK"
2026-06-21 19:38:27 | INFO    | httpx | HTTP Request: POST https://openrouter.ai/api/v1/chat/completions "HTTP/1.1 200 OK"
2026-06-21 19:38:27 | INFO    | httpx | HTTP Request: POST https://openrouter.ai/api/v1/chat/completions "HTTP/1.1 200 OK"
2026-06-21 19:38:27 | INFO    | httpx | HTTP Request: POST https://openrouter.ai/api/v1/chat/completions "HTTP/1.1 200 OK"
2026-06-21 19:38:27 | INFO    | httpx | HTTP Request: POST https://openrouter.ai/api/v1/chat/completions "HTTP/1.1 200 OK"
2026-06-21 19:38:27 | INFO    | httpx | HTTP Request: POST https://openrouter.ai/api/v1/chat/completions "HTTP/1.1 200 OK"
2026-06-21 19:38:27 | INFO    | __main__ |     нейрон 26266 alpha=+115.98: p_yes=0.617 CI=[0.50,0.73] (n=60)
2026-06-21 19:38:27 | INFO    | __main__ | [6/35] нейрон 26266 (explicit) alpha=+231.95 — генерация ...
2026-06-21 19:39:24 | INFO    | __main__ |     ... всего генераций: 402
2026-06-21 19:40:05 | INFO    | __main__ |     ... всего генераций: 410
2026-06-21 19:41:05 | INFO    | __main__ |     ... всего генераций: 422
2026-06-21 19:41:47 | INFO    | __main__ |     ... всего генераций: 430
2026-06-21 19:42:49 | INFO    | __main__ |     ... всего генераций: 442
2026-06-21 19:43:28 | INFO    | __main__ |     ... всего генераций: 450
2026-06-21 19:43:29 | INFO    | httpx | HTTP Request: POST https://openrouter.ai/api/v1/chat/completions "HTTP/1.1 200 OK"
2026-06-21 19:43:29 | INFO    | httpx | HTTP Request: POST https://openrouter.ai/api/v1/chat/completions "HTTP/1.1 200 OK"
2026-06-21 19:43:29 | INFO    | httpx | HTTP Request: POST https://openrouter.ai/api/v1/chat/completions "HTTP/1.1 200 OK"
2026-06-21 19:43:29 | INFO    | httpx | HTTP Request: POST https://openrouter.ai/api/v1/chat/completions "HTTP/1.1 200 OK"
2026-06-21 19:43:29 | INFO    | httpx | HTTP Request: POST https://openrouter.ai/api/v1/chat/completions "HTTP/1.1 200 OK"
2026-06-21 19:43:29 | INFO    | httpx | HTTP Request: POST https://openrouter.ai/api/v1/chat/completions "HTTP/1.1 200 OK"
2026-06-21 19:43:30 | INFO    | httpx | HTTP Request: POST https://openrouter.ai/api/v1/chat/completions "HTTP/1.1 200 OK"
2026-06-21 19:43:30 | INFO    | httpx | HTTP Request: POST https://openrouter.ai/api/v1/chat/completions "HTTP/1.1 200 OK"
2026-06-21 19:43:30 | INFO    | httpx | HTTP Request: POST https://openrouter.ai/api/v1/chat/completions "HTTP/1.1 200 OK"
2026-06-21 19:43:30 | INFO    | httpx | HTTP Request: POST https://openrouter.ai/api/v1/chat/completions "HTTP/1.1 200 OK"
2026-06-21 19:43:30 | INFO    | httpx | HTTP Request: POST https://openrouter.ai/api/v1/chat/completions "HTTP/1.1 200 OK"
2026-06-21 19:43:30 | INFO    | httpx | HTTP Request: POST https://openrouter.ai/api/v1/chat/completions "HTTP/1.1 200 OK"
2026-06-21 19:43:30 | INFO    | httpx | HTTP Request: POST https://openrouter.ai/api/v1/chat/completions "HTTP/1.1 200 OK"
2026-06-21 19:43:30 | INFO    | httpx | HTTP Request: POST https://openrouter.ai/api/v1/chat/completions "HTTP/1.1 200 OK"
2026-06-21 19:43:31 | INFO    | httpx | HTTP Request: POST https://openrouter.ai/api/v1/chat/completions "HTTP/1.1 200 OK"
2026-06-21 19:43:31 | INFO    | httpx | HTTP Request: POST https://openrouter.ai/api/v1/chat/completions "HTTP/1.1 200 OK"
2026-06-21 19:43:31 | INFO    | httpx | HTTP Request: POST https://openrouter.ai/api/v1/chat/completions "HTTP/1.1 200 OK"
2026-06-21 19:43:31 | INFO    | httpx | HTTP Request: POST https://openrouter.ai/api/v1/chat/completions "HTTP/1.1 200 OK"
2026-06-21 19:43:31 | INFO    | httpx | HTTP Request: POST https://openrouter.ai/api/v1/chat/completions "HTTP/1.1 200 OK"
2026-06-21 19:43:31 | INFO    | httpx | HTTP Request: POST https://openrouter.ai/api/v1/chat/completions "HTTP/1.1 200 OK"
2026-06-21 19:43:31 | INFO    | httpx | HTTP Request: POST https://openrouter.ai/api/v1/chat/completions "HTTP/1.1 200 OK"
2026-06-21 19:43:31 | INFO    | httpx | HTTP Request: POST https://openrouter.ai/api/v1/chat/completions "HTTP/1.1 200 OK"
2026-06-21 19:43:31 | INFO    | httpx | HTTP Request: POST https://openrouter.ai/api/v1/chat/completions "HTTP/1.1 200 OK"
2026-06-21 19:43:31 | INFO    | httpx | HTTP Request: POST https://openrouter.ai/api/v1/chat/completions "HTTP/1.1 200 OK"
2026-06-21 19:43:31 | INFO    | httpx | HTTP Request: POST https://openrouter.ai/api/v1/chat/completions "HTTP/1.1 200 OK"
2026-06-21 19:43:31 | INFO    | httpx | HTTP Request: POST https://openrouter.ai/api/v1/chat/completions "HTTP/1.1 200 OK"
2026-06-21 19:43:32 | INFO    | httpx | HTTP Request: POST https://openrouter.ai/api/v1/chat/completions "HTTP/1.1 200 OK"
2026-06-21 19:43:32 | INFO    | httpx | HTTP Request: POST https://openrouter.ai/api/v1/chat/completions "HTTP/1.1 200 OK"
2026-06-21 19:43:32 | INFO    | httpx | HTTP Request: POST https://openrouter.ai/api/v1/chat/completions "HTTP/1.1 200 OK"
2026-06-21 19:43:32 | INFO    | httpx | HTTP Request: POST https://openrouter.ai/api/v1/chat/completions "HTTP/1.1 200 OK"
2026-06-21 19:43:32 | INFO    | httpx | HTTP Request: POST https://openrouter.ai/api/v1/chat/completions "HTTP/1.1 200 OK"
2026-06-21 19:43:32 | INFO    | httpx | HTTP Request: POST https://openrouter.ai/api/v1/chat/completions "HTTP/1.1 200 OK"
2026-06-21 19:43:32 | INFO    | httpx | HTTP Request: POST https://openrouter.ai/api/v1/chat/completions "HTTP/1.1 200 OK"
2026-06-21 19:43:32 | INFO    | httpx | HTTP Request: POST https://openrouter.ai/api/v1/chat/completions "HTTP/1.1 200 OK"
2026-06-21 19:43:32 | INFO    | httpx | HTTP Request: POST https://openrouter.ai/api/v1/chat/completions "HTTP/1.1 200 OK"
2026-06-21 19:43:32 | INFO    | httpx | HTTP Request: POST https://openrouter.ai/api/v1/chat/completions "HTTP/1.1 200 OK"
2026-06-21 19:43:33 | INFO    | httpx | HTTP Request: POST https://openrouter.ai/api/v1/chat/completions "HTTP/1.1 200 OK"
2026-06-21 19:43:33 | INFO    | httpx | HTTP Request: POST https://openrouter.ai/api/v1/chat/completions "HTTP/1.1 200 OK"
2026-06-21 19:43:33 | INFO    | httpx | HTTP Request: POST https://openrouter.ai/api/v1/chat/completions "HTTP/1.1 200 OK"
2026-06-21 19:43:33 | INFO    | httpx | HTTP Request: POST https://openrouter.ai/api/v1/chat/completions "HTTP/1.1 200 OK"
2026-06-21 19:43:33 | INFO    | httpx | HTTP Request: POST https://openrouter.ai/api/v1/chat/completions "HTTP/1.1 200 OK"
2026-06-21 19:43:33 | INFO    | httpx | HTTP Request: POST https://openrouter.ai/api/v1/chat/completions "HTTP/1.1 200 OK"
2026-06-21 19:43:33 | INFO    | httpx | HTTP Request: POST https://openrouter.ai/api/v1/chat/completions "HTTP/1.1 200 OK"
2026-06-21 19:43:33 | INFO    | httpx | HTTP Request: POST https://openrouter.ai/api/v1/chat/completions "HTTP/1.1 200 OK"
2026-06-21 19:43:33 | INFO    | httpx | HTTP Request: POST https://openrouter.ai/api/v1/chat/completions "HTTP/1.1 200 OK"
2026-06-21 19:43:33 | INFO    | httpx | HTTP Request: POST https://openrouter.ai/api/v1/chat/completions "HTTP/1.1 200 OK"
2026-06-21 19:43:33 | INFO    | httpx | HTTP Request: POST https://openrouter.ai/api/v1/chat/completions "HTTP/1.1 200 OK"
2026-06-21 19:43:33 | INFO    | httpx | HTTP Request: POST https://openrouter.ai/api/v1/chat/completions "HTTP/1.1 200 OK"
2026-06-21 19:43:34 | INFO    | httpx | HTTP Request: POST https://openrouter.ai/api/v1/chat/completions "HTTP/1.1 403 Forbidden"
2026-06-21 19:43:34 | WARNING | src.interpret | Судья: ошибка на ответе #49: Error code: 403 - {'error': {'message': 'Provider returned error', 'code': 403, 'metadata': {'raw': '{"error":{"code":"unsupported_country_region_territory","message":"Country, region, or territory not supported","param":null,"type":"request_forbidden"}}', 'provider_name': 'OpenAI', 'is_byok': False, 'previous_errors': [{'code': 400, 'message': 'Provider returned error', 'provider_name': 'Azure', 'raw': '{"error":{"message":"The response was filtered due to the prompt triggering Azure OpenAI\'s content management policy. Please modify your prompt and retry. To learn more about our content filtering policies please read our documentation: https://go.microsoft.com/fwlink/?linkid=2198766","type":null,"param":"prompt","code":"content_filter","status":400,"innererror":{"code":"ResponsibleAIPolicyViolation","content_filter_result":{"hate":{"filtered":false,"severity":"safe"},"jailbreak":{"detected":false,"filtered":false},"self_harm":{"filtered":true,"severity":"medium"},"sexual":{"filtered":false,"severity":"safe"},"violence":{"filtered":false,"severity":"safe"}}}}}'}]}}, 'user_id': 'user_3D1saQ7udEkOIGIngw6fRx2sO8l'}
2026-06-21 19:43:34 | INFO    | httpx | HTTP Request: POST https://openrouter.ai/api/v1/chat/completions "HTTP/1.1 200 OK"
2026-06-21 19:43:34 | INFO    | httpx | HTTP Request: POST https://openrouter.ai/api/v1/chat/completions "HTTP/1.1 200 OK"
2026-06-21 19:43:34 | INFO    | httpx | HTTP Request: POST https://openrouter.ai/api/v1/chat/completions "HTTP/1.1 200 OK"
2026-06-21 19:43:34 | INFO    | httpx | HTTP Request: POST https://openrouter.ai/api/v1/chat/completions "HTTP/1.1 200 OK"
2026-06-21 19:43:34 | INFO    | httpx | HTTP Request: POST https://openrouter.ai/api/v1/chat/completions "HTTP/1.1 200 OK"
2026-06-21 19:43:34 | INFO    | httpx | HTTP Request: POST https://openrouter.ai/api/v1/chat/completions "HTTP/1.1 200 OK"
2026-06-21 19:43:35 | INFO    | httpx | HTTP Request: POST https://openrouter.ai/api/v1/chat/completions "HTTP/1.1 200 OK"
2026-06-21 19:43:35 | INFO    | httpx | HTTP Request: POST https://openrouter.ai/api/v1/chat/completions "HTTP/1.1 200 OK"
2026-06-21 19:43:35 | INFO    | httpx | HTTP Request: POST https://openrouter.ai/api/v1/chat/completions "HTTP/1.1 200 OK"
2026-06-21 19:43:35 | INFO    | httpx | HTTP Request: POST https://openrouter.ai/api/v1/chat/completions "HTTP/1.1 200 OK"
2026-06-21 19:43:35 | INFO    | httpx | HTTP Request: POST https://openrouter.ai/api/v1/chat/completions "HTTP/1.1 200 OK"
2026-06-21 19:43:35 | INFO    | __main__ |     нейрон 26266 alpha=+231.95: p_yes=0.550 CI=[0.43,0.67] (n=60)
2026-06-21 19:43:35 | INFO    | __main__ | [7/35] нейрон 26266 (explicit) alpha=+463.91 — генерация ...
2026-06-21 19:44:39 | INFO    | __main__ |     ... всего генераций: 462
2026-06-21 19:45:26 | INFO    | __main__ |     ... всего генераций: 470
2026-06-21 19:46:30 | INFO    | __main__ |     ... всего генераций: 482
2026-06-21 19:47:13 | INFO    | __main__ |     ... всего генераций: 490
2026-06-21 19:48:14 | INFO    | __main__ |     ... всего генераций: 502
2026-06-21 19:49:01 | INFO    | __main__ |     ... всего генераций: 510
2026-06-21 19:49:02 | INFO    | httpx | HTTP Request: POST https://openrouter.ai/api/v1/chat/completions "HTTP/1.1 200 OK"
2026-06-21 19:49:02 | INFO    | httpx | HTTP Request: POST https://openrouter.ai/api/v1/chat/completions "HTTP/1.1 200 OK"
2026-06-21 19:49:02 | INFO    | httpx | HTTP Request: POST https://openrouter.ai/api/v1/chat/completions "HTTP/1.1 200 OK"
2026-06-21 19:49:03 | INFO    | httpx | HTTP Request: POST https://openrouter.ai/api/v1/chat/completions "HTTP/1.1 200 OK"
2026-06-21 19:49:03 | INFO    | httpx | HTTP Request: POST https://openrouter.ai/api/v1/chat/completions "HTTP/1.1 200 OK"
2026-06-21 19:49:03 | INFO    | httpx | HTTP Request: POST https://openrouter.ai/api/v1/chat/completions "HTTP/1.1 200 OK"
2026-06-21 19:49:03 | INFO    | httpx | HTTP Request: POST https://openrouter.ai/api/v1/chat/completions "HTTP/1.1 200 OK"
2026-06-21 19:49:03 | INFO    | httpx | HTTP Request: POST https://openrouter.ai/api/v1/chat/completions "HTTP/1.1 200 OK"
2026-06-21 19:49:03 | INFO    | httpx | HTTP Request: POST https://openrouter.ai/api/v1/chat/completions "HTTP/1.1 200 OK"
2026-06-21 19:49:03 | INFO    | httpx | HTTP Request: POST https://openrouter.ai/api/v1/chat/completions "HTTP/1.1 200 OK"
2026-06-21 19:49:03 | INFO    | httpx | HTTP Request: POST https://openrouter.ai/api/v1/chat/completions "HTTP/1.1 200 OK"
2026-06-21 19:49:03 | INFO    | httpx | HTTP Request: POST https://openrouter.ai/api/v1/chat/completions "HTTP/1.1 200 OK"
2026-06-21 19:49:04 | INFO    | httpx | HTTP Request: POST https://openrouter.ai/api/v1/chat/completions "HTTP/1.1 200 OK"
2026-06-21 19:49:04 | INFO    | httpx | HTTP Request: POST https://openrouter.ai/api/v1/chat/completions "HTTP/1.1 200 OK"
2026-06-21 19:49:04 | INFO    | httpx | HTTP Request: POST https://openrouter.ai/api/v1/chat/completions "HTTP/1.1 200 OK"
2026-06-21 19:49:04 | INFO    | httpx | HTTP Request: POST https://openrouter.ai/api/v1/chat/completions "HTTP/1.1 200 OK"
2026-06-21 19:49:04 | INFO    | httpx | HTTP Request: POST https://openrouter.ai/api/v1/chat/completions "HTTP/1.1 200 OK"
2026-06-21 19:49:04 | INFO    | httpx | HTTP Request: POST https://openrouter.ai/api/v1/chat/completions "HTTP/1.1 200 OK"
2026-06-21 19:49:04 | INFO    | httpx | HTTP Request: POST https://openrouter.ai/api/v1/chat/completions "HTTP/1.1 200 OK"
2026-06-21 19:49:04 | INFO    | httpx | HTTP Request: POST https://openrouter.ai/api/v1/chat/completions "HTTP/1.1 200 OK"
2026-06-21 19:49:04 | INFO    | httpx | HTTP Request: POST https://openrouter.ai/api/v1/chat/completions "HTTP/1.1 200 OK"
2026-06-21 19:49:05 | INFO    | httpx | HTTP Request: POST https://openrouter.ai/api/v1/chat/completions "HTTP/1.1 200 OK"
2026-06-21 19:49:05 | INFO    | httpx | HTTP Request: POST https://openrouter.ai/api/v1/chat/completions "HTTP/1.1 200 OK"
2026-06-21 19:49:05 | INFO    | httpx | HTTP Request: POST https://openrouter.ai/api/v1/chat/completions "HTTP/1.1 200 OK"
2026-06-21 19:49:05 | INFO    | httpx | HTTP Request: POST https://openrouter.ai/api/v1/chat/completions "HTTP/1.1 200 OK"
2026-06-21 19:49:05 | INFO    | httpx | HTTP Request: POST https://openrouter.ai/api/v1/chat/completions "HTTP/1.1 200 OK"
2026-06-21 19:49:05 | INFO    | httpx | HTTP Request: POST https://openrouter.ai/api/v1/chat/completions "HTTP/1.1 200 OK"
2026-06-21 19:49:05 | INFO    | httpx | HTTP Request: POST https://openrouter.ai/api/v1/chat/completions "HTTP/1.1 200 OK"
2026-06-21 19:49:05 | INFO    | httpx | HTTP Request: POST https://openrouter.ai/api/v1/chat/completions "HTTP/1.1 200 OK"
2026-06-21 19:49:06 | INFO    | httpx | HTTP Request: POST https://openrouter.ai/api/v1/chat/completions "HTTP/1.1 200 OK"
2026-06-21 19:49:06 | INFO    | httpx | HTTP Request: POST https://openrouter.ai/api/v1/chat/completions "HTTP/1.1 200 OK"
2026-06-21 19:49:06 | INFO    | httpx | HTTP Request: POST https://openrouter.ai/api/v1/chat/completions "HTTP/1.1 200 OK"
2026-06-21 19:49:06 | INFO    | httpx | HTTP Request: POST https://openrouter.ai/api/v1/chat/completions "HTTP/1.1 200 OK"
2026-06-21 19:49:06 | INFO    | httpx | HTTP Request: POST https://openrouter.ai/api/v1/chat/completions "HTTP/1.1 200 OK"
2026-06-21 19:49:06 | INFO    | httpx | HTTP Request: POST https://openrouter.ai/api/v1/chat/completions "HTTP/1.1 200 OK"
2026-06-21 19:49:06 | INFO    | httpx | HTTP Request: POST https://openrouter.ai/api/v1/chat/completions "HTTP/1.1 200 OK"
2026-06-21 19:49:06 | INFO    | httpx | HTTP Request: POST https://openrouter.ai/api/v1/chat/completions "HTTP/1.1 200 OK"
2026-06-21 19:49:07 | INFO    | httpx | HTTP Request: POST https://openrouter.ai/api/v1/chat/completions "HTTP/1.1 200 OK"
2026-06-21 19:49:07 | INFO    | httpx | HTTP Request: POST https://openrouter.ai/api/v1/chat/completions "HTTP/1.1 200 OK"
2026-06-21 19:49:07 | INFO    | httpx | HTTP Request: POST https://openrouter.ai/api/v1/chat/completions "HTTP/1.1 200 OK"
2026-06-21 19:49:07 | INFO    | httpx | HTTP Request: POST https://openrouter.ai/api/v1/chat/completions "HTTP/1.1 200 OK"
2026-06-21 19:49:07 | INFO    | httpx | HTTP Request: POST https://openrouter.ai/api/v1/chat/completions "HTTP/1.1 200 OK"
2026-06-21 19:49:07 | INFO    | httpx | HTTP Request: POST https://openrouter.ai/api/v1/chat/completions "HTTP/1.1 200 OK"
2026-06-21 19:49:07 | INFO    | httpx | HTTP Request: POST https://openrouter.ai/api/v1/chat/completions "HTTP/1.1 200 OK"
2026-06-21 19:49:07 | INFO    | httpx | HTTP Request: POST https://openrouter.ai/api/v1/chat/completions "HTTP/1.1 200 OK"
2026-06-21 19:49:07 | INFO    | httpx | HTTP Request: POST https://openrouter.ai/api/v1/chat/completions "HTTP/1.1 200 OK"
2026-06-21 19:49:07 | INFO    | httpx | HTTP Request: POST https://openrouter.ai/api/v1/chat/completions "HTTP/1.1 200 OK"
2026-06-21 19:49:08 | INFO    | httpx | HTTP Request: POST https://openrouter.ai/api/v1/chat/completions "HTTP/1.1 200 OK"
2026-06-21 19:49:08 | INFO    | httpx | HTTP Request: POST https://openrouter.ai/api/v1/chat/completions "HTTP/1.1 200 OK"
2026-06-21 19:49:08 | INFO    | httpx | HTTP Request: POST https://openrouter.ai/api/v1/chat/completions "HTTP/1.1 200 OK"
2026-06-21 19:49:08 | INFO    | httpx | HTTP Request: POST https://openrouter.ai/api/v1/chat/completions "HTTP/1.1 200 OK"
2026-06-21 19:49:08 | INFO    | httpx | HTTP Request: POST https://openrouter.ai/api/v1/chat/completions "HTTP/1.1 200 OK"
2026-06-21 19:49:08 | INFO    | httpx | HTTP Request: POST https://openrouter.ai/api/v1/chat/completions "HTTP/1.1 200 OK"
2026-06-21 19:49:08 | INFO    | httpx | HTTP Request: POST https://openrouter.ai/api/v1/chat/completions "HTTP/1.1 200 OK"
2026-06-21 19:49:08 | INFO    | httpx | HTTP Request: POST https://openrouter.ai/api/v1/chat/completions "HTTP/1.1 200 OK"
2026-06-21 19:49:08 | INFO    | httpx | HTTP Request: POST https://openrouter.ai/api/v1/chat/completions "HTTP/1.1 200 OK"
2026-06-21 19:49:08 | INFO    | httpx | HTTP Request: POST https://openrouter.ai/api/v1/chat/completions "HTTP/1.1 200 OK"
2026-06-21 19:49:08 | INFO    | httpx | HTTP Request: POST https://openrouter.ai/api/v1/chat/completions "HTTP/1.1 200 OK"
2026-06-21 19:49:09 | INFO    | httpx | HTTP Request: POST https://openrouter.ai/api/v1/chat/completions "HTTP/1.1 200 OK"
2026-06-21 19:49:09 | INFO    | httpx | HTTP Request: POST https://openrouter.ai/api/v1/chat/completions "HTTP/1.1 200 OK"
2026-06-21 19:49:09 | INFO    | __main__ |     нейрон 26266 alpha=+463.91: p_yes=0.617 CI=[0.48,0.73] (n=60)
2026-06-21 19:49:09 | INFO    | __main__ | [8/35] нейрон 14551 (explicit) alpha=-463.91 — генерация ...
2026-06-21 19:50:17 | INFO    | __main__ |     ... всего генераций: 522
2026-06-21 19:51:04 | INFO    | __main__ |     ... всего генераций: 530
2026-06-21 19:52:12 | INFO    | __main__ |     ... всего генераций: 542
2026-06-21 19:52:57 | INFO    | __main__ |     ... всего генераций: 550
2026-06-21 19:54:10 | INFO    | __main__ |     ... всего генераций: 562
2026-06-21 19:54:53 | INFO    | __main__ |     ... всего генераций: 570
2026-06-21 19:54:54 | INFO    | httpx | HTTP Request: POST https://openrouter.ai/api/v1/chat/completions "HTTP/1.1 200 OK"
2026-06-21 19:54:54 | INFO    | httpx | HTTP Request: POST https://openrouter.ai/api/v1/chat/completions "HTTP/1.1 200 OK"
2026-06-21 19:54:54 | INFO    | httpx | HTTP Request: POST https://openrouter.ai/api/v1/chat/completions "HTTP/1.1 200 OK"
2026-06-21 19:54:54 | INFO    | httpx | HTTP Request: POST https://openrouter.ai/api/v1/chat/completions "HTTP/1.1 200 OK"
2026-06-21 19:54:54 | INFO    | httpx | HTTP Request: POST https://openrouter.ai/api/v1/chat/completions "HTTP/1.1 200 OK"
2026-06-21 19:54:54 | INFO    | httpx | HTTP Request: POST https://openrouter.ai/api/v1/chat/completions "HTTP/1.1 200 OK"
2026-06-21 19:54:54 | INFO    | httpx | HTTP Request: POST https://openrouter.ai/api/v1/chat/completions "HTTP/1.1 200 OK"
2026-06-21 19:54:55 | INFO    | httpx | HTTP Request: POST https://openrouter.ai/api/v1/chat/completions "HTTP/1.1 200 OK"
2026-06-21 19:54:55 | INFO    | httpx | HTTP Request: POST https://openrouter.ai/api/v1/chat/completions "HTTP/1.1 200 OK"
2026-06-21 19:54:55 | INFO    | httpx | HTTP Request: POST https://openrouter.ai/api/v1/chat/completions "HTTP/1.1 200 OK"
2026-06-21 19:54:55 | INFO    | httpx | HTTP Request: POST https://openrouter.ai/api/v1/chat/completions "HTTP/1.1 200 OK"
2026-06-21 19:54:55 | INFO    | httpx | HTTP Request: POST https://openrouter.ai/api/v1/chat/completions "HTTP/1.1 200 OK"
2026-06-21 19:54:55 | INFO    | httpx | HTTP Request: POST https://openrouter.ai/api/v1/chat/completions "HTTP/1.1 200 OK"
2026-06-21 19:54:55 | INFO    | httpx | HTTP Request: POST https://openrouter.ai/api/v1/chat/completions "HTTP/1.1 200 OK"
2026-06-21 19:54:55 | INFO    | httpx | HTTP Request: POST https://openrouter.ai/api/v1/chat/completions "HTTP/1.1 200 OK"
2026-06-21 19:54:55 | INFO    | httpx | HTTP Request: POST https://openrouter.ai/api/v1/chat/completions "HTTP/1.1 200 OK"
2026-06-21 19:54:55 | INFO    | httpx | HTTP Request: POST https://openrouter.ai/api/v1/chat/completions "HTTP/1.1 200 OK"
2026-06-21 19:54:55 | INFO    | httpx | HTTP Request: POST https://openrouter.ai/api/v1/chat/completions "HTTP/1.1 200 OK"
2026-06-21 19:54:55 | INFO    | httpx | HTTP Request: POST https://openrouter.ai/api/v1/chat/completions "HTTP/1.1 200 OK"
2026-06-21 19:54:56 | INFO    | httpx | HTTP Request: POST https://openrouter.ai/api/v1/chat/completions "HTTP/1.1 200 OK"
2026-06-21 19:54:56 | INFO    | httpx | HTTP Request: POST https://openrouter.ai/api/v1/chat/completions "HTTP/1.1 200 OK"
2026-06-21 19:54:56 | INFO    | httpx | HTTP Request: POST https://openrouter.ai/api/v1/chat/completions "HTTP/1.1 200 OK"
2026-06-21 19:54:56 | INFO    | httpx | HTTP Request: POST https://openrouter.ai/api/v1/chat/completions "HTTP/1.1 200 OK"
2026-06-21 19:54:56 | INFO    | httpx | HTTP Request: POST https://openrouter.ai/api/v1/chat/completions "HTTP/1.1 200 OK"
2026-06-21 19:54:56 | INFO    | httpx | HTTP Request: POST https://openrouter.ai/api/v1/chat/completions "HTTP/1.1 200 OK"
2026-06-21 19:54:56 | INFO    | httpx | HTTP Request: POST https://openrouter.ai/api/v1/chat/completions "HTTP/1.1 200 OK"
2026-06-21 19:54:56 | INFO    | httpx | HTTP Request: POST https://openrouter.ai/api/v1/chat/completions "HTTP/1.1 200 OK"
2026-06-21 19:54:56 | INFO    | httpx | HTTP Request: POST https://openrouter.ai/api/v1/chat/completions "HTTP/1.1 200 OK"
2026-06-21 19:54:56 | INFO    | httpx | HTTP Request: POST https://openrouter.ai/api/v1/chat/completions "HTTP/1.1 200 OK"
2026-06-21 19:54:56 | INFO    | httpx | HTTP Request: POST https://openrouter.ai/api/v1/chat/completions "HTTP/1.1 200 OK"
2026-06-21 19:54:56 | INFO    | httpx | HTTP Request: POST https://openrouter.ai/api/v1/chat/completions "HTTP/1.1 200 OK"
2026-06-21 19:54:56 | INFO    | httpx | HTTP Request: POST https://openrouter.ai/api/v1/chat/completions "HTTP/1.1 200 OK"
2026-06-21 19:54:56 | INFO    | httpx | HTTP Request: POST https://openrouter.ai/api/v1/chat/completions "HTTP/1.1 200 OK"
2026-06-21 19:54:57 | INFO    | httpx | HTTP Request: POST https://openrouter.ai/api/v1/chat/completions "HTTP/1.1 200 OK"
2026-06-21 19:54:57 | INFO    | httpx | HTTP Request: POST https://openrouter.ai/api/v1/chat/completions "HTTP/1.1 200 OK"
2026-06-21 19:54:57 | INFO    | httpx | HTTP Request: POST https://openrouter.ai/api/v1/chat/completions "HTTP/1.1 200 OK"
2026-06-21 19:54:57 | INFO    | httpx | HTTP Request: POST https://openrouter.ai/api/v1/chat/completions "HTTP/1.1 200 OK"
2026-06-21 19:54:57 | INFO    | httpx | HTTP Request: POST https://openrouter.ai/api/v1/chat/completions "HTTP/1.1 200 OK"
2026-06-21 19:54:57 | INFO    | httpx | HTTP Request: POST https://openrouter.ai/api/v1/chat/completions "HTTP/1.1 200 OK"
2026-06-21 19:54:57 | INFO    | httpx | HTTP Request: POST https://openrouter.ai/api/v1/chat/completions "HTTP/1.1 200 OK"
2026-06-21 19:54:57 | INFO    | httpx | HTTP Request: POST https://openrouter.ai/api/v1/chat/completions "HTTP/1.1 200 OK"
2026-06-21 19:54:57 | INFO    | httpx | HTTP Request: POST https://openrouter.ai/api/v1/chat/completions "HTTP/1.1 200 OK"
2026-06-21 19:54:58 | INFO    | httpx | HTTP Request: POST https://openrouter.ai/api/v1/chat/completions "HTTP/1.1 200 OK"
2026-06-21 19:54:58 | INFO    | httpx | HTTP Request: POST https://openrouter.ai/api/v1/chat/completions "HTTP/1.1 200 OK"
2026-06-21 19:54:58 | INFO    | httpx | HTTP Request: POST https://openrouter.ai/api/v1/chat/completions "HTTP/1.1 200 OK"
2026-06-21 19:54:58 | INFO    | httpx | HTTP Request: POST https://openrouter.ai/api/v1/chat/completions "HTTP/1.1 200 OK"
2026-06-21 19:54:58 | INFO    | httpx | HTTP Request: POST https://openrouter.ai/api/v1/chat/completions "HTTP/1.1 200 OK"
2026-06-21 19:54:58 | INFO    | httpx | HTTP Request: POST https://openrouter.ai/api/v1/chat/completions "HTTP/1.1 200 OK"
2026-06-21 19:54:58 | INFO    | httpx | HTTP Request: POST https://openrouter.ai/api/v1/chat/completions "HTTP/1.1 200 OK"
2026-06-21 19:54:58 | INFO    | httpx | HTTP Request: POST https://openrouter.ai/api/v1/chat/completions "HTTP/1.1 200 OK"
2026-06-21 19:54:58 | INFO    | httpx | HTTP Request: POST https://openrouter.ai/api/v1/chat/completions "HTTP/1.1 200 OK"
2026-06-21 19:54:58 | INFO    | httpx | HTTP Request: POST https://openrouter.ai/api/v1/chat/completions "HTTP/1.1 200 OK"
2026-06-21 19:54:59 | INFO    | httpx | HTTP Request: POST https://openrouter.ai/api/v1/chat/completions "HTTP/1.1 200 OK"
2026-06-21 19:54:59 | INFO    | httpx | HTTP Request: POST https://openrouter.ai/api/v1/chat/completions "HTTP/1.1 200 OK"
2026-06-21 19:54:59 | INFO    | httpx | HTTP Request: POST https://openrouter.ai/api/v1/chat/completions "HTTP/1.1 200 OK"
2026-06-21 19:54:59 | INFO    | httpx | HTTP Request: POST https://openrouter.ai/api/v1/chat/completions "HTTP/1.1 200 OK"
2026-06-21 19:54:59 | INFO    | httpx | HTTP Request: POST https://openrouter.ai/api/v1/chat/completions "HTTP/1.1 200 OK"
2026-06-21 19:54:59 | INFO    | httpx | HTTP Request: POST https://openrouter.ai/api/v1/chat/completions "HTTP/1.1 200 OK"
2026-06-21 19:54:59 | INFO    | httpx | HTTP Request: POST https://openrouter.ai/api/v1/chat/completions "HTTP/1.1 200 OK"
2026-06-21 19:54:59 | INFO    | httpx | HTTP Request: POST https://openrouter.ai/api/v1/chat/completions "HTTP/1.1 200 OK"
2026-06-21 19:54:59 | INFO    | __main__ |     нейрон 14551 alpha=-463.91: p_yes=0.000 CI=[0.00,0.00] (n=60)
2026-06-21 19:54:59 | INFO    | __main__ | [9/35] нейрон 14551 (explicit) alpha=-231.95 — генерация ...
2026-06-21 19:56:10 | INFO    | __main__ |     ... всего генераций: 582
2026-06-21 19:56:49 | INFO    | __main__ |     ... всего генераций: 590
2026-06-21 19:57:54 | INFO    | __main__ |     ... всего генераций: 602
2026-06-21 19:58:38 | INFO    | __main__ |     ... всего генераций: 610
2026-06-21 19:59:38 | INFO    | __main__ |     ... всего генераций: 622
2026-06-21 20:00:22 | INFO    | __main__ |     ... всего генераций: 630
2026-06-21 20:00:23 | INFO    | httpx | HTTP Request: POST https://openrouter.ai/api/v1/chat/completions "HTTP/1.1 200 OK"
2026-06-21 20:00:23 | INFO    | httpx | HTTP Request: POST https://openrouter.ai/api/v1/chat/completions "HTTP/1.1 200 OK"
2026-06-21 20:00:23 | INFO    | httpx | HTTP Request: POST https://openrouter.ai/api/v1/chat/completions "HTTP/1.1 200 OK"
2026-06-21 20:00:23 | INFO    | httpx | HTTP Request: POST https://openrouter.ai/api/v1/chat/completions "HTTP/1.1 200 OK"
2026-06-21 20:00:24 | INFO    | httpx | HTTP Request: POST https://openrouter.ai/api/v1/chat/completions "HTTP/1.1 200 OK"
2026-06-21 20:00:24 | INFO    | httpx | HTTP Request: POST https://openrouter.ai/api/v1/chat/completions "HTTP/1.1 200 OK"
2026-06-21 20:00:24 | INFO    | httpx | HTTP Request: POST https://openrouter.ai/api/v1/chat/completions "HTTP/1.1 200 OK"
2026-06-21 20:00:24 | INFO    | httpx | HTTP Request: POST https://openrouter.ai/api/v1/chat/completions "HTTP/1.1 200 OK"
2026-06-21 20:00:24 | INFO    | httpx | HTTP Request: POST https://openrouter.ai/api/v1/chat/completions "HTTP/1.1 200 OK"
2026-06-21 20:00:24 | INFO    | httpx | HTTP Request: POST https://openrouter.ai/api/v1/chat/completions "HTTP/1.1 200 OK"
2026-06-21 20:00:24 | INFO    | httpx | HTTP Request: POST https://openrouter.ai/api/v1/chat/completions "HTTP/1.1 200 OK"
2026-06-21 20:00:24 | INFO    | httpx | HTTP Request: POST https://openrouter.ai/api/v1/chat/completions "HTTP/1.1 200 OK"
2026-06-21 20:00:24 | INFO    | httpx | HTTP Request: POST https://openrouter.ai/api/v1/chat/completions "HTTP/1.1 200 OK"
2026-06-21 20:00:25 | INFO    | httpx | HTTP Request: POST https://openrouter.ai/api/v1/chat/completions "HTTP/1.1 200 OK"
2026-06-21 20:00:25 | INFO    | httpx | HTTP Request: POST https://openrouter.ai/api/v1/chat/completions "HTTP/1.1 200 OK"
2026-06-21 20:00:25 | INFO    | httpx | HTTP Request: POST https://openrouter.ai/api/v1/chat/completions "HTTP/1.1 200 OK"
2026-06-21 20:00:25 | INFO    | httpx | HTTP Request: POST https://openrouter.ai/api/v1/chat/completions "HTTP/1.1 200 OK"
2026-06-21 20:00:25 | INFO    | httpx | HTTP Request: POST https://openrouter.ai/api/v1/chat/completions "HTTP/1.1 200 OK"
2026-06-21 20:00:25 | INFO    | httpx | HTTP Request: POST https://openrouter.ai/api/v1/chat/completions "HTTP/1.1 200 OK"
2026-06-21 20:00:25 | INFO    | httpx | HTTP Request: POST https://openrouter.ai/api/v1/chat/completions "HTTP/1.1 200 OK"
2026-06-21 20:00:25 | INFO    | httpx | HTTP Request: POST https://openrouter.ai/api/v1/chat/completions "HTTP/1.1 200 OK"
2026-06-21 20:00:25 | INFO    | httpx | HTTP Request: POST https://openrouter.ai/api/v1/chat/completions "HTTP/1.1 200 OK"
2026-06-21 20:00:25 | INFO    | httpx | HTTP Request: POST https://openrouter.ai/api/v1/chat/completions "HTTP/1.1 200 OK"
2026-06-21 20:00:25 | INFO    | httpx | HTTP Request: POST https://openrouter.ai/api/v1/chat/completions "HTTP/1.1 200 OK"
2026-06-21 20:00:26 | INFO    | httpx | HTTP Request: POST https://openrouter.ai/api/v1/chat/completions "HTTP/1.1 200 OK"
2026-06-21 20:00:26 | INFO    | httpx | HTTP Request: POST https://openrouter.ai/api/v1/chat/completions "HTTP/1.1 200 OK"
2026-06-21 20:00:26 | INFO    | httpx | HTTP Request: POST https://openrouter.ai/api/v1/chat/completions "HTTP/1.1 200 OK"
2026-06-21 20:00:26 | INFO    | httpx | HTTP Request: POST https://openrouter.ai/api/v1/chat/completions "HTTP/1.1 200 OK"
2026-06-21 20:00:26 | INFO    | httpx | HTTP Request: POST https://openrouter.ai/api/v1/chat/completions "HTTP/1.1 200 OK"
2026-06-21 20:00:26 | INFO    | httpx | HTTP Request: POST https://openrouter.ai/api/v1/chat/completions "HTTP/1.1 200 OK"
2026-06-21 20:00:26 | INFO    | httpx | HTTP Request: POST https://openrouter.ai/api/v1/chat/completions "HTTP/1.1 200 OK"
2026-06-21 20:00:27 | INFO    | httpx | HTTP Request: POST https://openrouter.ai/api/v1/chat/completions "HTTP/1.1 200 OK"
2026-06-21 20:00:27 | INFO    | httpx | HTTP Request: POST https://openrouter.ai/api/v1/chat/completions "HTTP/1.1 200 OK"
2026-06-21 20:00:27 | INFO    | httpx | HTTP Request: POST https://openrouter.ai/api/v1/chat/completions "HTTP/1.1 200 OK"
2026-06-21 20:00:27 | INFO    | httpx | HTTP Request: POST https://openrouter.ai/api/v1/chat/completions "HTTP/1.1 200 OK"
2026-06-21 20:00:27 | INFO    | httpx | HTTP Request: POST https://openrouter.ai/api/v1/chat/completions "HTTP/1.1 200 OK"
2026-06-21 20:00:27 | INFO    | httpx | HTTP Request: POST https://openrouter.ai/api/v1/chat/completions "HTTP/1.1 200 OK"
2026-06-21 20:00:27 | INFO    | httpx | HTTP Request: POST https://openrouter.ai/api/v1/chat/completions "HTTP/1.1 200 OK"
2026-06-21 20:00:27 | INFO    | httpx | HTTP Request: POST https://openrouter.ai/api/v1/chat/completions "HTTP/1.1 200 OK"
2026-06-21 20:00:27 | INFO    | httpx | HTTP Request: POST https://openrouter.ai/api/v1/chat/completions "HTTP/1.1 200 OK"
2026-06-21 20:00:28 | INFO    | httpx | HTTP Request: POST https://openrouter.ai/api/v1/chat/completions "HTTP/1.1 200 OK"
2026-06-21 20:00:28 | INFO    | httpx | HTTP Request: POST https://openrouter.ai/api/v1/chat/completions "HTTP/1.1 200 OK"
2026-06-21 20:00:28 | INFO    | httpx | HTTP Request: POST https://openrouter.ai/api/v1/chat/completions "HTTP/1.1 200 OK"
2026-06-21 20:00:28 | INFO    | httpx | HTTP Request: POST https://openrouter.ai/api/v1/chat/completions "HTTP/1.1 200 OK"
2026-06-21 20:00:28 | INFO    | httpx | HTTP Request: POST https://openrouter.ai/api/v1/chat/completions "HTTP/1.1 200 OK"
2026-06-21 20:00:28 | INFO    | httpx | HTTP Request: POST https://openrouter.ai/api/v1/chat/completions "HTTP/1.1 200 OK"
2026-06-21 20:00:28 | INFO    | httpx | HTTP Request: POST https://openrouter.ai/api/v1/chat/completions "HTTP/1.1 200 OK"
2026-06-21 20:00:28 | INFO    | httpx | HTTP Request: POST https://openrouter.ai/api/v1/chat/completions "HTTP/1.1 200 OK"
2026-06-21 20:00:28 | INFO    | httpx | HTTP Request: POST https://openrouter.ai/api/v1/chat/completions "HTTP/1.1 200 OK"
2026-06-21 20:00:28 | INFO    | httpx | HTTP Request: POST https://openrouter.ai/api/v1/chat/completions "HTTP/1.1 200 OK"
2026-06-21 20:00:29 | INFO    | httpx | HTTP Request: POST https://openrouter.ai/api/v1/chat/completions "HTTP/1.1 200 OK"
2026-06-21 20:00:29 | INFO    | httpx | HTTP Request: POST https://openrouter.ai/api/v1/chat/completions "HTTP/1.1 200 OK"
2026-06-21 20:00:29 | INFO    | httpx | HTTP Request: POST https://openrouter.ai/api/v1/chat/completions "HTTP/1.1 200 OK"
2026-06-21 20:00:29 | INFO    | httpx | HTTP Request: POST https://openrouter.ai/api/v1/chat/completions "HTTP/1.1 200 OK"
2026-06-21 20:00:29 | INFO    | httpx | HTTP Request: POST https://openrouter.ai/api/v1/chat/completions "HTTP/1.1 200 OK"
2026-06-21 20:00:29 | INFO    | httpx | HTTP Request: POST https://openrouter.ai/api/v1/chat/completions "HTTP/1.1 200 OK"
2026-06-21 20:00:29 | INFO    | httpx | HTTP Request: POST https://openrouter.ai/api/v1/chat/completions "HTTP/1.1 200 OK"
2026-06-21 20:00:29 | INFO    | httpx | HTTP Request: POST https://openrouter.ai/api/v1/chat/completions "HTTP/1.1 200 OK"
2026-06-21 20:00:30 | INFO    | httpx | HTTP Request: POST https://openrouter.ai/api/v1/chat/completions "HTTP/1.1 200 OK"
2026-06-21 20:00:30 | INFO    | httpx | HTTP Request: POST https://openrouter.ai/api/v1/chat/completions "HTTP/1.1 200 OK"
2026-06-21 20:00:31 | INFO    | __main__ |     нейрон 14551 alpha=-231.95: p_yes=0.033 CI=[0.00,0.08] (n=60)
2026-06-21 20:00:31 | INFO    | __main__ | [10/35] нейрон 14551 (explicit) alpha=-115.98 — генерация ...
2026-06-21 20:01:37 | INFO    | __main__ |     ... всего генераций: 642
2026-06-21 20:02:15 | INFO    | __main__ |     ... всего генераций: 650
2026-06-21 20:03:21 | INFO    | __main__ |     ... всего генераций: 662
2026-06-21 20:04:02 | INFO    | __main__ |     ... всего генераций: 670
2026-06-21 20:05:07 | INFO    | __main__ |     ... всего генераций: 682
2026-06-21 20:05:51 | INFO    | __main__ |     ... всего генераций: 690
2026-06-21 20:05:52 | INFO    | httpx | HTTP Request: POST https://openrouter.ai/api/v1/chat/completions "HTTP/1.1 200 OK"
2026-06-21 20:05:52 | INFO    | httpx | HTTP Request: POST https://openrouter.ai/api/v1/chat/completions "HTTP/1.1 200 OK"
2026-06-21 20:05:52 | INFO    | httpx | HTTP Request: POST https://openrouter.ai/api/v1/chat/completions "HTTP/1.1 200 OK"
2026-06-21 20:05:52 | INFO    | httpx | HTTP Request: POST https://openrouter.ai/api/v1/chat/completions "HTTP/1.1 200 OK"
2026-06-21 20:05:52 | INFO    | httpx | HTTP Request: POST https://openrouter.ai/api/v1/chat/completions "HTTP/1.1 200 OK"
2026-06-21 20:05:52 | INFO    | httpx | HTTP Request: POST https://openrouter.ai/api/v1/chat/completions "HTTP/1.1 200 OK"
2026-06-21 20:05:52 | INFO    | httpx | HTTP Request: POST https://openrouter.ai/api/v1/chat/completions "HTTP/1.1 200 OK"
2026-06-21 20:05:53 | INFO    | httpx | HTTP Request: POST https://openrouter.ai/api/v1/chat/completions "HTTP/1.1 200 OK"
2026-06-21 20:05:53 | INFO    | httpx | HTTP Request: POST https://openrouter.ai/api/v1/chat/completions "HTTP/1.1 200 OK"
2026-06-21 20:05:53 | INFO    | httpx | HTTP Request: POST https://openrouter.ai/api/v1/chat/completions "HTTP/1.1 200 OK"
2026-06-21 20:05:53 | INFO    | httpx | HTTP Request: POST https://openrouter.ai/api/v1/chat/completions "HTTP/1.1 200 OK"
2026-06-21 20:05:53 | INFO    | httpx | HTTP Request: POST https://openrouter.ai/api/v1/chat/completions "HTTP/1.1 200 OK"
2026-06-21 20:05:53 | INFO    | httpx | HTTP Request: POST https://openrouter.ai/api/v1/chat/completions "HTTP/1.1 200 OK"
2026-06-21 20:05:53 | INFO    | httpx | HTTP Request: POST https://openrouter.ai/api/v1/chat/completions "HTTP/1.1 200 OK"
2026-06-21 20:05:53 | INFO    | httpx | HTTP Request: POST https://openrouter.ai/api/v1/chat/completions "HTTP/1.1 200 OK"
2026-06-21 20:05:53 | INFO    | httpx | HTTP Request: POST https://openrouter.ai/api/v1/chat/completions "HTTP/1.1 200 OK"
2026-06-21 20:05:53 | INFO    | httpx | HTTP Request: POST https://openrouter.ai/api/v1/chat/completions "HTTP/1.1 200 OK"
2026-06-21 20:05:53 | INFO    | httpx | HTTP Request: POST https://openrouter.ai/api/v1/chat/completions "HTTP/1.1 200 OK"
2026-06-21 20:05:53 | INFO    | httpx | HTTP Request: POST https://openrouter.ai/api/v1/chat/completions "HTTP/1.1 200 OK"
2026-06-21 20:05:54 | INFO    | httpx | HTTP Request: POST https://openrouter.ai/api/v1/chat/completions "HTTP/1.1 200 OK"
2026-06-21 20:05:54 | INFO    | httpx | HTTP Request: POST https://openrouter.ai/api/v1/chat/completions "HTTP/1.1 200 OK"
2026-06-21 20:05:54 | INFO    | httpx | HTTP Request: POST https://openrouter.ai/api/v1/chat/completions "HTTP/1.1 200 OK"
2026-06-21 20:05:54 | INFO    | httpx | HTTP Request: POST https://openrouter.ai/api/v1/chat/completions "HTTP/1.1 200 OK"
2026-06-21 20:05:54 | INFO    | httpx | HTTP Request: POST https://openrouter.ai/api/v1/chat/completions "HTTP/1.1 200 OK"
2026-06-21 20:05:54 | INFO    | httpx | HTTP Request: POST https://openrouter.ai/api/v1/chat/completions "HTTP/1.1 200 OK"
2026-06-21 20:05:54 | INFO    | httpx | HTTP Request: POST https://openrouter.ai/api/v1/chat/completions "HTTP/1.1 200 OK"
2026-06-21 20:05:54 | INFO    | httpx | HTTP Request: POST https://openrouter.ai/api/v1/chat/completions "HTTP/1.1 200 OK"
2026-06-21 20:05:55 | INFO    | httpx | HTTP Request: POST https://openrouter.ai/api/v1/chat/completions "HTTP/1.1 200 OK"
2026-06-21 20:05:55 | INFO    | httpx | HTTP Request: POST https://openrouter.ai/api/v1/chat/completions "HTTP/1.1 200 OK"
2026-06-21 20:05:55 | INFO    | httpx | HTTP Request: POST https://openrouter.ai/api/v1/chat/completions "HTTP/1.1 200 OK"
2026-06-21 20:05:55 | INFO    | httpx | HTTP Request: POST https://openrouter.ai/api/v1/chat/completions "HTTP/1.1 200 OK"
2026-06-21 20:05:55 | INFO    | httpx | HTTP Request: POST https://openrouter.ai/api/v1/chat/completions "HTTP/1.1 200 OK"
2026-06-21 20:05:55 | INFO    | httpx | HTTP Request: POST https://openrouter.ai/api/v1/chat/completions "HTTP/1.1 200 OK"
2026-06-21 20:05:55 | INFO    | httpx | HTTP Request: POST https://openrouter.ai/api/v1/chat/completions "HTTP/1.1 200 OK"
2026-06-21 20:05:55 | INFO    | httpx | HTTP Request: POST https://openrouter.ai/api/v1/chat/completions "HTTP/1.1 200 OK"
2026-06-21 20:05:55 | INFO    | httpx | HTTP Request: POST https://openrouter.ai/api/v1/chat/completions "HTTP/1.1 200 OK"
2026-06-21 20:05:55 | INFO    | httpx | HTTP Request: POST https://openrouter.ai/api/v1/chat/completions "HTTP/1.1 200 OK"
2026-06-21 20:05:55 | INFO    | httpx | HTTP Request: POST https://openrouter.ai/api/v1/chat/completions "HTTP/1.1 200 OK"
2026-06-21 20:05:55 | INFO    | httpx | HTTP Request: POST https://openrouter.ai/api/v1/chat/completions "HTTP/1.1 200 OK"
2026-06-21 20:05:56 | INFO    | httpx | HTTP Request: POST https://openrouter.ai/api/v1/chat/completions "HTTP/1.1 200 OK"
2026-06-21 20:05:56 | INFO    | httpx | HTTP Request: POST https://openrouter.ai/api/v1/chat/completions "HTTP/1.1 200 OK"
2026-06-21 20:05:56 | INFO    | httpx | HTTP Request: POST https://openrouter.ai/api/v1/chat/completions "HTTP/1.1 200 OK"
2026-06-21 20:05:56 | INFO    | httpx | HTTP Request: POST https://openrouter.ai/api/v1/chat/completions "HTTP/1.1 200 OK"
2026-06-21 20:05:56 | INFO    | httpx | HTTP Request: POST https://openrouter.ai/api/v1/chat/completions "HTTP/1.1 200 OK"
2026-06-21 20:05:56 | INFO    | httpx | HTTP Request: POST https://openrouter.ai/api/v1/chat/completions "HTTP/1.1 200 OK"
2026-06-21 20:05:56 | INFO    | httpx | HTTP Request: POST https://openrouter.ai/api/v1/chat/completions "HTTP/1.1 200 OK"
2026-06-21 20:05:56 | INFO    | httpx | HTTP Request: POST https://openrouter.ai/api/v1/chat/completions "HTTP/1.1 200 OK"
2026-06-21 20:05:56 | INFO    | httpx | HTTP Request: POST https://openrouter.ai/api/v1/chat/completions "HTTP/1.1 200 OK"
2026-06-21 20:05:57 | INFO    | httpx | HTTP Request: POST https://openrouter.ai/api/v1/chat/completions "HTTP/1.1 200 OK"
2026-06-21 20:05:57 | INFO    | httpx | HTTP Request: POST https://openrouter.ai/api/v1/chat/completions "HTTP/1.1 200 OK"
2026-06-21 20:05:57 | INFO    | httpx | HTTP Request: POST https://openrouter.ai/api/v1/chat/completions "HTTP/1.1 200 OK"
2026-06-21 20:05:57 | INFO    | httpx | HTTP Request: POST https://openrouter.ai/api/v1/chat/completions "HTTP/1.1 200 OK"
2026-06-21 20:05:57 | INFO    | httpx | HTTP Request: POST https://openrouter.ai/api/v1/chat/completions "HTTP/1.1 200 OK"
2026-06-21 20:05:57 | INFO    | httpx | HTTP Request: POST https://openrouter.ai/api/v1/chat/completions "HTTP/1.1 200 OK"
2026-06-21 20:05:57 | INFO    | httpx | HTTP Request: POST https://openrouter.ai/api/v1/chat/completions "HTTP/1.1 200 OK"
2026-06-21 20:05:57 | INFO    | httpx | HTTP Request: POST https://openrouter.ai/api/v1/chat/completions "HTTP/1.1 200 OK"
2026-06-21 20:05:57 | INFO    | httpx | HTTP Request: POST https://openrouter.ai/api/v1/chat/completions "HTTP/1.1 200 OK"
2026-06-21 20:05:57 | INFO    | httpx | HTTP Request: POST https://openrouter.ai/api/v1/chat/completions "HTTP/1.1 200 OK"
2026-06-21 20:05:57 | INFO    | httpx | HTTP Request: POST https://openrouter.ai/api/v1/chat/completions "HTTP/1.1 200 OK"
2026-06-21 20:05:58 | INFO    | httpx | HTTP Request: POST https://openrouter.ai/api/v1/chat/completions "HTTP/1.1 200 OK"
2026-06-21 20:05:58 | INFO    | __main__ |     нейрон 14551 alpha=-115.98: p_yes=0.467 CI=[0.33,0.60] (n=60)
2026-06-21 20:05:58 | INFO    | __main__ |     нейрон 14551 alpha=+0.00: p_yes=0.417 CI=[0.30,0.53] (n=60)
2026-06-21 20:05:58 | INFO    | __main__ | [12/35] нейрон 14551 (explicit) alpha=+115.98 — генерация ...
2026-06-21 20:07:01 | INFO    | __main__ |     ... всего генераций: 702
2026-06-21 20:07:44 | INFO    | __main__ |     ... всего генераций: 710
2026-06-21 20:08:46 | INFO    | __main__ |     ... всего генераций: 722
2026-06-21 20:09:26 | INFO    | __main__ |     ... всего генераций: 730
2026-06-21 20:10:25 | INFO    | __main__ |     ... всего генераций: 742
2026-06-21 20:11:06 | INFO    | __main__ |     ... всего генераций: 750
2026-06-21 20:11:07 | INFO    | httpx | HTTP Request: POST https://openrouter.ai/api/v1/chat/completions "HTTP/1.1 200 OK"
2026-06-21 20:11:07 | INFO    | httpx | HTTP Request: POST https://openrouter.ai/api/v1/chat/completions "HTTP/1.1 200 OK"
2026-06-21 20:11:07 | INFO    | httpx | HTTP Request: POST https://openrouter.ai/api/v1/chat/completions "HTTP/1.1 200 OK"
2026-06-21 20:11:07 | INFO    | httpx | HTTP Request: POST https://openrouter.ai/api/v1/chat/completions "HTTP/1.1 200 OK"
2026-06-21 20:11:07 | INFO    | httpx | HTTP Request: POST https://openrouter.ai/api/v1/chat/completions "HTTP/1.1 200 OK"
2026-06-21 20:11:07 | INFO    | httpx | HTTP Request: POST https://openrouter.ai/api/v1/chat/completions "HTTP/1.1 200 OK"
2026-06-21 20:11:07 | INFO    | httpx | HTTP Request: POST https://openrouter.ai/api/v1/chat/completions "HTTP/1.1 200 OK"
2026-06-21 20:11:07 | INFO    | httpx | HTTP Request: POST https://openrouter.ai/api/v1/chat/completions "HTTP/1.1 200 OK"
2026-06-21 20:11:07 | INFO    | httpx | HTTP Request: POST https://openrouter.ai/api/v1/chat/completions "HTTP/1.1 200 OK"
2026-06-21 20:11:07 | INFO    | httpx | HTTP Request: POST https://openrouter.ai/api/v1/chat/completions "HTTP/1.1 200 OK"
2026-06-21 20:11:07 | INFO    | httpx | HTTP Request: POST https://openrouter.ai/api/v1/chat/completions "HTTP/1.1 200 OK"
2026-06-21 20:11:07 | INFO    | httpx | HTTP Request: POST https://openrouter.ai/api/v1/chat/completions "HTTP/1.1 200 OK"
2026-06-21 20:11:07 | INFO    | httpx | HTTP Request: POST https://openrouter.ai/api/v1/chat/completions "HTTP/1.1 200 OK"
2026-06-21 20:11:08 | INFO    | httpx | HTTP Request: POST https://openrouter.ai/api/v1/chat/completions "HTTP/1.1 200 OK"
2026-06-21 20:11:08 | INFO    | httpx | HTTP Request: POST https://openrouter.ai/api/v1/chat/completions "HTTP/1.1 200 OK"
2026-06-21 20:11:08 | INFO    | httpx | HTTP Request: POST https://openrouter.ai/api/v1/chat/completions "HTTP/1.1 200 OK"
2026-06-21 20:11:08 | INFO    | httpx | HTTP Request: POST https://openrouter.ai/api/v1/chat/completions "HTTP/1.1 200 OK"
2026-06-21 20:11:08 | INFO    | httpx | HTTP Request: POST https://openrouter.ai/api/v1/chat/completions "HTTP/1.1 200 OK"
2026-06-21 20:11:08 | INFO    | httpx | HTTP Request: POST https://openrouter.ai/api/v1/chat/completions "HTTP/1.1 200 OK"
2026-06-21 20:11:08 | INFO    | httpx | HTTP Request: POST https://openrouter.ai/api/v1/chat/completions "HTTP/1.1 200 OK"
2026-06-21 20:11:08 | INFO    | httpx | HTTP Request: POST https://openrouter.ai/api/v1/chat/completions "HTTP/1.1 200 OK"
2026-06-21 20:11:08 | INFO    | httpx | HTTP Request: POST https://openrouter.ai/api/v1/chat/completions "HTTP/1.1 200 OK"
2026-06-21 20:11:08 | INFO    | httpx | HTTP Request: POST https://openrouter.ai/api/v1/chat/completions "HTTP/1.1 200 OK"
2026-06-21 20:11:09 | INFO    | httpx | HTTP Request: POST https://openrouter.ai/api/v1/chat/completions "HTTP/1.1 200 OK"
2026-06-21 20:11:09 | INFO    | httpx | HTTP Request: POST https://openrouter.ai/api/v1/chat/completions "HTTP/1.1 200 OK"
2026-06-21 20:11:09 | INFO    | httpx | HTTP Request: POST https://openrouter.ai/api/v1/chat/completions "HTTP/1.1 200 OK"
2026-06-21 20:11:09 | INFO    | httpx | HTTP Request: POST https://openrouter.ai/api/v1/chat/completions "HTTP/1.1 200 OK"
2026-06-21 20:11:09 | INFO    | httpx | HTTP Request: POST https://openrouter.ai/api/v1/chat/completions "HTTP/1.1 200 OK"
2026-06-21 20:11:09 | INFO    | httpx | HTTP Request: POST https://openrouter.ai/api/v1/chat/completions "HTTP/1.1 200 OK"
2026-06-21 20:11:09 | INFO    | httpx | HTTP Request: POST https://openrouter.ai/api/v1/chat/completions "HTTP/1.1 200 OK"
2026-06-21 20:11:09 | INFO    | httpx | HTTP Request: POST https://openrouter.ai/api/v1/chat/completions "HTTP/1.1 200 OK"
2026-06-21 20:11:09 | INFO    | httpx | HTTP Request: POST https://openrouter.ai/api/v1/chat/completions "HTTP/1.1 200 OK"
2026-06-21 20:11:10 | INFO    | httpx | HTTP Request: POST https://openrouter.ai/api/v1/chat/completions "HTTP/1.1 200 OK"
2026-06-21 20:11:10 | INFO    | httpx | HTTP Request: POST https://openrouter.ai/api/v1/chat/completions "HTTP/1.1 200 OK"
2026-06-21 20:11:10 | INFO    | httpx | HTTP Request: POST https://openrouter.ai/api/v1/chat/completions "HTTP/1.1 200 OK"
2026-06-21 20:11:10 | INFO    | httpx | HTTP Request: POST https://openrouter.ai/api/v1/chat/completions "HTTP/1.1 200 OK"
2026-06-21 20:11:10 | INFO    | httpx | HTTP Request: POST https://openrouter.ai/api/v1/chat/completions "HTTP/1.1 200 OK"
2026-06-21 20:11:10 | INFO    | httpx | HTTP Request: POST https://openrouter.ai/api/v1/chat/completions "HTTP/1.1 200 OK"
2026-06-21 20:11:10 | INFO    | httpx | HTTP Request: POST https://openrouter.ai/api/v1/chat/completions "HTTP/1.1 200 OK"
2026-06-21 20:11:10 | INFO    | httpx | HTTP Request: POST https://openrouter.ai/api/v1/chat/completions "HTTP/1.1 200 OK"
2026-06-21 20:11:10 | INFO    | httpx | HTTP Request: POST https://openrouter.ai/api/v1/chat/completions "HTTP/1.1 200 OK"
2026-06-21 20:11:10 | INFO    | httpx | HTTP Request: POST https://openrouter.ai/api/v1/chat/completions "HTTP/1.1 200 OK"
2026-06-21 20:11:10 | INFO    | httpx | HTTP Request: POST https://openrouter.ai/api/v1/chat/completions "HTTP/1.1 200 OK"
2026-06-21 20:11:10 | INFO    | httpx | HTTP Request: POST https://openrouter.ai/api/v1/chat/completions "HTTP/1.1 200 OK"
2026-06-21 20:11:10 | INFO    | httpx | HTTP Request: POST https://openrouter.ai/api/v1/chat/completions "HTTP/1.1 200 OK"
2026-06-21 20:11:11 | INFO    | httpx | HTTP Request: POST https://openrouter.ai/api/v1/chat/completions "HTTP/1.1 200 OK"
2026-06-21 20:11:11 | INFO    | httpx | HTTP Request: POST https://openrouter.ai/api/v1/chat/completions "HTTP/1.1 200 OK"
2026-06-21 20:11:11 | INFO    | httpx | HTTP Request: POST https://openrouter.ai/api/v1/chat/completions "HTTP/1.1 200 OK"
2026-06-21 20:11:11 | INFO    | httpx | HTTP Request: POST https://openrouter.ai/api/v1/chat/completions "HTTP/1.1 200 OK"
2026-06-21 20:11:11 | INFO    | httpx | HTTP Request: POST https://openrouter.ai/api/v1/chat/completions "HTTP/1.1 200 OK"
2026-06-21 20:11:11 | INFO    | httpx | HTTP Request: POST https://openrouter.ai/api/v1/chat/completions "HTTP/1.1 200 OK"
2026-06-21 20:11:11 | INFO    | httpx | HTTP Request: POST https://openrouter.ai/api/v1/chat/completions "HTTP/1.1 200 OK"
2026-06-21 20:11:12 | INFO    | httpx | HTTP Request: POST https://openrouter.ai/api/v1/chat/completions "HTTP/1.1 200 OK"
2026-06-21 20:11:12 | INFO    | httpx | HTTP Request: POST https://openrouter.ai/api/v1/chat/completions "HTTP/1.1 200 OK"
2026-06-21 20:11:12 | INFO    | httpx | HTTP Request: POST https://openrouter.ai/api/v1/chat/completions "HTTP/1.1 200 OK"
2026-06-21 20:11:12 | INFO    | httpx | HTTP Request: POST https://openrouter.ai/api/v1/chat/completions "HTTP/1.1 200 OK"
2026-06-21 20:11:12 | INFO    | httpx | HTTP Request: POST https://openrouter.ai/api/v1/chat/completions "HTTP/1.1 200 OK"
2026-06-21 20:11:12 | INFO    | httpx | HTTP Request: POST https://openrouter.ai/api/v1/chat/completions "HTTP/1.1 200 OK"
2026-06-21 20:11:12 | INFO    | httpx | HTTP Request: POST https://openrouter.ai/api/v1/chat/completions "HTTP/1.1 200 OK"
2026-06-21 20:11:12 | INFO    | httpx | HTTP Request: POST https://openrouter.ai/api/v1/chat/completions "HTTP/1.1 200 OK"
2026-06-21 20:11:12 | INFO    | __main__ |     нейрон 14551 alpha=+115.98: p_yes=0.433 CI=[0.32,0.55] (n=60)
2026-06-21 20:11:12 | INFO    | __main__ | [13/35] нейрон 14551 (explicit) alpha=+231.95 — генерация ...
2026-06-21 20:12:20 | INFO    | __main__ |     ... всего генераций: 762
2026-06-21 20:12:57 | INFO    | __main__ |     ... всего генераций: 770
2026-06-21 20:14:02 | INFO    | __main__ |     ... всего генераций: 782
2026-06-21 20:14:41 | INFO    | __main__ |     ... всего генераций: 790
2026-06-21 20:15:41 | INFO    | __main__ |     ... всего генераций: 802
2026-06-21 20:16:21 | INFO    | __main__ |     ... всего генераций: 810
2026-06-21 20:16:22 | INFO    | httpx | HTTP Request: POST https://openrouter.ai/api/v1/chat/completions "HTTP/1.1 200 OK"
2026-06-21 20:16:22 | INFO    | httpx | HTTP Request: POST https://openrouter.ai/api/v1/chat/completions "HTTP/1.1 200 OK"
2026-06-21 20:16:22 | INFO    | httpx | HTTP Request: POST https://openrouter.ai/api/v1/chat/completions "HTTP/1.1 200 OK"
2026-06-21 20:16:22 | INFO    | httpx | HTTP Request: POST https://openrouter.ai/api/v1/chat/completions "HTTP/1.1 200 OK"
2026-06-21 20:16:22 | INFO    | httpx | HTTP Request: POST https://openrouter.ai/api/v1/chat/completions "HTTP/1.1 200 OK"
2026-06-21 20:16:22 | INFO    | httpx | HTTP Request: POST https://openrouter.ai/api/v1/chat/completions "HTTP/1.1 200 OK"
2026-06-21 20:16:22 | INFO    | httpx | HTTP Request: POST https://openrouter.ai/api/v1/chat/completions "HTTP/1.1 200 OK"
2026-06-21 20:16:22 | INFO    | httpx | HTTP Request: POST https://openrouter.ai/api/v1/chat/completions "HTTP/1.1 200 OK"
2026-06-21 20:16:23 | INFO    | httpx | HTTP Request: POST https://openrouter.ai/api/v1/chat/completions "HTTP/1.1 200 OK"
2026-06-21 20:16:23 | INFO    | httpx | HTTP Request: POST https://openrouter.ai/api/v1/chat/completions "HTTP/1.1 200 OK"
2026-06-21 20:16:23 | INFO    | httpx | HTTP Request: POST https://openrouter.ai/api/v1/chat/completions "HTTP/1.1 200 OK"
2026-06-21 20:16:23 | INFO    | httpx | HTTP Request: POST https://openrouter.ai/api/v1/chat/completions "HTTP/1.1 200 OK"
2026-06-21 20:16:23 | INFO    | httpx | HTTP Request: POST https://openrouter.ai/api/v1/chat/completions "HTTP/1.1 200 OK"
2026-06-21 20:16:23 | INFO    | httpx | HTTP Request: POST https://openrouter.ai/api/v1/chat/completions "HTTP/1.1 200 OK"
2026-06-21 20:16:23 | INFO    | httpx | HTTP Request: POST https://openrouter.ai/api/v1/chat/completions "HTTP/1.1 200 OK"
2026-06-21 20:16:23 | INFO    | httpx | HTTP Request: POST https://openrouter.ai/api/v1/chat/completions "HTTP/1.1 200 OK"
2026-06-21 20:16:23 | INFO    | httpx | HTTP Request: POST https://openrouter.ai/api/v1/chat/completions "HTTP/1.1 200 OK"
2026-06-21 20:16:24 | INFO    | httpx | HTTP Request: POST https://openrouter.ai/api/v1/chat/completions "HTTP/1.1 200 OK"
2026-06-21 20:16:24 | INFO    | httpx | HTTP Request: POST https://openrouter.ai/api/v1/chat/completions "HTTP/1.1 200 OK"
2026-06-21 20:16:24 | INFO    | httpx | HTTP Request: POST https://openrouter.ai/api/v1/chat/completions "HTTP/1.1 200 OK"
2026-06-21 20:16:24 | INFO    | httpx | HTTP Request: POST https://openrouter.ai/api/v1/chat/completions "HTTP/1.1 200 OK"
2026-06-21 20:16:24 | INFO    | httpx | HTTP Request: POST https://openrouter.ai/api/v1/chat/completions "HTTP/1.1 200 OK"
2026-06-21 20:16:24 | INFO    | httpx | HTTP Request: POST https://openrouter.ai/api/v1/chat/completions "HTTP/1.1 200 OK"
2026-06-21 20:16:24 | INFO    | httpx | HTTP Request: POST https://openrouter.ai/api/v1/chat/completions "HTTP/1.1 200 OK"
2026-06-21 20:16:25 | INFO    | httpx | HTTP Request: POST https://openrouter.ai/api/v1/chat/completions "HTTP/1.1 200 OK"
2026-06-21 20:16:25 | INFO    | httpx | HTTP Request: POST https://openrouter.ai/api/v1/chat/completions "HTTP/1.1 200 OK"
2026-06-21 20:16:25 | INFO    | httpx | HTTP Request: POST https://openrouter.ai/api/v1/chat/completions "HTTP/1.1 200 OK"
2026-06-21 20:16:25 | INFO    | httpx | HTTP Request: POST https://openrouter.ai/api/v1/chat/completions "HTTP/1.1 200 OK"
2026-06-21 20:16:25 | INFO    | httpx | HTTP Request: POST https://openrouter.ai/api/v1/chat/completions "HTTP/1.1 200 OK"
2026-06-21 20:16:25 | INFO    | httpx | HTTP Request: POST https://openrouter.ai/api/v1/chat/completions "HTTP/1.1 200 OK"
2026-06-21 20:16:25 | INFO    | httpx | HTTP Request: POST https://openrouter.ai/api/v1/chat/completions "HTTP/1.1 200 OK"
2026-06-21 20:16:25 | INFO    | httpx | HTTP Request: POST https://openrouter.ai/api/v1/chat/completions "HTTP/1.1 200 OK"
2026-06-21 20:16:25 | INFO    | httpx | HTTP Request: POST https://openrouter.ai/api/v1/chat/completions "HTTP/1.1 200 OK"
2026-06-21 20:16:25 | INFO    | httpx | HTTP Request: POST https://openrouter.ai/api/v1/chat/completions "HTTP/1.1 200 OK"
2026-06-21 20:16:26 | INFO    | httpx | HTTP Request: POST https://openrouter.ai/api/v1/chat/completions "HTTP/1.1 200 OK"
2026-06-21 20:16:26 | INFO    | httpx | HTTP Request: POST https://openrouter.ai/api/v1/chat/completions "HTTP/1.1 200 OK"
2026-06-21 20:16:26 | INFO    | httpx | HTTP Request: POST https://openrouter.ai/api/v1/chat/completions "HTTP/1.1 200 OK"
2026-06-21 20:16:26 | INFO    | httpx | HTTP Request: POST https://openrouter.ai/api/v1/chat/completions "HTTP/1.1 200 OK"
2026-06-21 20:16:26 | INFO    | httpx | HTTP Request: POST https://openrouter.ai/api/v1/chat/completions "HTTP/1.1 200 OK"
2026-06-21 20:16:26 | INFO    | httpx | HTTP Request: POST https://openrouter.ai/api/v1/chat/completions "HTTP/1.1 200 OK"
2026-06-21 20:16:26 | INFO    | httpx | HTTP Request: POST https://openrouter.ai/api/v1/chat/completions "HTTP/1.1 200 OK"
2026-06-21 20:16:26 | INFO    | httpx | HTTP Request: POST https://openrouter.ai/api/v1/chat/completions "HTTP/1.1 200 OK"
2026-06-21 20:16:26 | INFO    | httpx | HTTP Request: POST https://openrouter.ai/api/v1/chat/completions "HTTP/1.1 200 OK"
2026-06-21 20:16:26 | INFO    | httpx | HTTP Request: POST https://openrouter.ai/api/v1/chat/completions "HTTP/1.1 200 OK"
2026-06-21 20:16:26 | INFO    | httpx | HTTP Request: POST https://openrouter.ai/api/v1/chat/completions "HTTP/1.1 200 OK"
2026-06-21 20:16:26 | INFO    | httpx | HTTP Request: POST https://openrouter.ai/api/v1/chat/completions "HTTP/1.1 200 OK"
2026-06-21 20:16:27 | INFO    | httpx | HTTP Request: POST https://openrouter.ai/api/v1/chat/completions "HTTP/1.1 200 OK"
2026-06-21 20:16:27 | INFO    | httpx | HTTP Request: POST https://openrouter.ai/api/v1/chat/completions "HTTP/1.1 200 OK"
2026-06-21 20:16:27 | INFO    | httpx | HTTP Request: POST https://openrouter.ai/api/v1/chat/completions "HTTP/1.1 200 OK"
2026-06-21 20:16:27 | INFO    | httpx | HTTP Request: POST https://openrouter.ai/api/v1/chat/completions "HTTP/1.1 200 OK"
2026-06-21 20:16:27 | INFO    | httpx | HTTP Request: POST https://openrouter.ai/api/v1/chat/completions "HTTP/1.1 200 OK"
2026-06-21 20:16:27 | INFO    | httpx | HTTP Request: POST https://openrouter.ai/api/v1/chat/completions "HTTP/1.1 200 OK"
2026-06-21 20:16:27 | INFO    | httpx | HTTP Request: POST https://openrouter.ai/api/v1/chat/completions "HTTP/1.1 200 OK"
2026-06-21 20:16:27 | INFO    | httpx | HTTP Request: POST https://openrouter.ai/api/v1/chat/completions "HTTP/1.1 200 OK"
2026-06-21 20:16:27 | INFO    | httpx | HTTP Request: POST https://openrouter.ai/api/v1/chat/completions "HTTP/1.1 200 OK"
2026-06-21 20:16:27 | INFO    | httpx | HTTP Request: POST https://openrouter.ai/api/v1/chat/completions "HTTP/1.1 200 OK"
2026-06-21 20:16:27 | INFO    | httpx | HTTP Request: POST https://openrouter.ai/api/v1/chat/completions "HTTP/1.1 200 OK"
2026-06-21 20:16:27 | INFO    | httpx | HTTP Request: POST https://openrouter.ai/api/v1/chat/completions "HTTP/1.1 200 OK"
2026-06-21 20:16:28 | INFO    | httpx | HTTP Request: POST https://openrouter.ai/api/v1/chat/completions "HTTP/1.1 200 OK"
2026-06-21 20:16:28 | INFO    | httpx | HTTP Request: POST https://openrouter.ai/api/v1/chat/completions "HTTP/1.1 200 OK"
2026-06-21 20:16:28 | INFO    | __main__ |     нейрон 14551 alpha=+231.95: p_yes=0.000 CI=[0.00,0.00] (n=60)
2026-06-21 20:16:28 | INFO    | __main__ | [14/35] нейрон 14551 (explicit) alpha=+463.91 — генерация ...
2026-06-21 20:17:31 | INFO    | __main__ |     ... всего генераций: 822
2026-06-21 20:18:14 | INFO    | __main__ |     ... всего генераций: 830
2026-06-21 20:19:19 | INFO    | __main__ |     ... всего генераций: 842
2026-06-21 20:20:00 | INFO    | __main__ |     ... всего генераций: 850
2026-06-21 20:20:55 | INFO    | __main__ |     ... всего генераций: 862
2026-06-21 20:21:18 | INFO    | __main__ |     ... всего генераций: 870
2026-06-21 20:21:19 | INFO    | httpx | HTTP Request: POST https://openrouter.ai/api/v1/chat/completions "HTTP/1.1 200 OK"
2026-06-21 20:21:19 | INFO    | httpx | HTTP Request: POST https://openrouter.ai/api/v1/chat/completions "HTTP/1.1 200 OK"
2026-06-21 20:21:19 | INFO    | httpx | HTTP Request: POST https://openrouter.ai/api/v1/chat/completions "HTTP/1.1 200 OK"
2026-06-21 20:21:19 | INFO    | httpx | HTTP Request: POST https://openrouter.ai/api/v1/chat/completions "HTTP/1.1 200 OK"
2026-06-21 20:21:19 | INFO    | httpx | HTTP Request: POST https://openrouter.ai/api/v1/chat/completions "HTTP/1.1 200 OK"
2026-06-21 20:21:19 | INFO    | httpx | HTTP Request: POST https://openrouter.ai/api/v1/chat/completions "HTTP/1.1 200 OK"
2026-06-21 20:21:19 | INFO    | httpx | HTTP Request: POST https://openrouter.ai/api/v1/chat/completions "HTTP/1.1 200 OK"
2026-06-21 20:21:19 | INFO    | httpx | HTTP Request: POST https://openrouter.ai/api/v1/chat/completions "HTTP/1.1 200 OK"
2026-06-21 20:21:19 | INFO    | httpx | HTTP Request: POST https://openrouter.ai/api/v1/chat/completions "HTTP/1.1 200 OK"
2026-06-21 20:21:19 | INFO    | httpx | HTTP Request: POST https://openrouter.ai/api/v1/chat/completions "HTTP/1.1 200 OK"
2026-06-21 20:21:20 | INFO    | httpx | HTTP Request: POST https://openrouter.ai/api/v1/chat/completions "HTTP/1.1 200 OK"
2026-06-21 20:21:20 | INFO    | httpx | HTTP Request: POST https://openrouter.ai/api/v1/chat/completions "HTTP/1.1 200 OK"
2026-06-21 20:21:20 | INFO    | httpx | HTTP Request: POST https://openrouter.ai/api/v1/chat/completions "HTTP/1.1 200 OK"
2026-06-21 20:21:20 | INFO    | httpx | HTTP Request: POST https://openrouter.ai/api/v1/chat/completions "HTTP/1.1 200 OK"
2026-06-21 20:21:20 | INFO    | httpx | HTTP Request: POST https://openrouter.ai/api/v1/chat/completions "HTTP/1.1 200 OK"
2026-06-21 20:21:20 | INFO    | httpx | HTTP Request: POST https://openrouter.ai/api/v1/chat/completions "HTTP/1.1 200 OK"
2026-06-21 20:21:20 | INFO    | httpx | HTTP Request: POST https://openrouter.ai/api/v1/chat/completions "HTTP/1.1 200 OK"
2026-06-21 20:21:20 | INFO    | httpx | HTTP Request: POST https://openrouter.ai/api/v1/chat/completions "HTTP/1.1 200 OK"
2026-06-21 20:21:20 | INFO    | httpx | HTTP Request: POST https://openrouter.ai/api/v1/chat/completions "HTTP/1.1 200 OK"
2026-06-21 20:21:20 | INFO    | httpx | HTTP Request: POST https://openrouter.ai/api/v1/chat/completions "HTTP/1.1 200 OK"
2026-06-21 20:21:21 | INFO    | httpx | HTTP Request: POST https://openrouter.ai/api/v1/chat/completions "HTTP/1.1 200 OK"
2026-06-21 20:21:21 | INFO    | httpx | HTTP Request: POST https://openrouter.ai/api/v1/chat/completions "HTTP/1.1 200 OK"
2026-06-21 20:21:21 | INFO    | httpx | HTTP Request: POST https://openrouter.ai/api/v1/chat/completions "HTTP/1.1 200 OK"
2026-06-21 20:21:21 | INFO    | httpx | HTTP Request: POST https://openrouter.ai/api/v1/chat/completions "HTTP/1.1 200 OK"
2026-06-21 20:21:21 | INFO    | httpx | HTTP Request: POST https://openrouter.ai/api/v1/chat/completions "HTTP/1.1 200 OK"
2026-06-21 20:21:21 | INFO    | httpx | HTTP Request: POST https://openrouter.ai/api/v1/chat/completions "HTTP/1.1 200 OK"
2026-06-21 20:21:21 | INFO    | httpx | HTTP Request: POST https://openrouter.ai/api/v1/chat/completions "HTTP/1.1 200 OK"
2026-06-21 20:21:21 | INFO    | httpx | HTTP Request: POST https://openrouter.ai/api/v1/chat/completions "HTTP/1.1 200 OK"
2026-06-21 20:21:21 | INFO    | httpx | HTTP Request: POST https://openrouter.ai/api/v1/chat/completions "HTTP/1.1 200 OK"
2026-06-21 20:21:21 | INFO    | httpx | HTTP Request: POST https://openrouter.ai/api/v1/chat/completions "HTTP/1.1 200 OK"
2026-06-21 20:21:22 | INFO    | httpx | HTTP Request: POST https://openrouter.ai/api/v1/chat/completions "HTTP/1.1 200 OK"
2026-06-21 20:21:22 | INFO    | httpx | HTTP Request: POST https://openrouter.ai/api/v1/chat/completions "HTTP/1.1 200 OK"
2026-06-21 20:21:22 | INFO    | httpx | HTTP Request: POST https://openrouter.ai/api/v1/chat/completions "HTTP/1.1 200 OK"
2026-06-21 20:21:22 | INFO    | httpx | HTTP Request: POST https://openrouter.ai/api/v1/chat/completions "HTTP/1.1 200 OK"
2026-06-21 20:21:22 | INFO    | httpx | HTTP Request: POST https://openrouter.ai/api/v1/chat/completions "HTTP/1.1 200 OK"
2026-06-21 20:21:22 | INFO    | httpx | HTTP Request: POST https://openrouter.ai/api/v1/chat/completions "HTTP/1.1 200 OK"
2026-06-21 20:21:22 | INFO    | httpx | HTTP Request: POST https://openrouter.ai/api/v1/chat/completions "HTTP/1.1 200 OK"
2026-06-21 20:21:22 | INFO    | httpx | HTTP Request: POST https://openrouter.ai/api/v1/chat/completions "HTTP/1.1 200 OK"
2026-06-21 20:21:22 | INFO    | httpx | HTTP Request: POST https://openrouter.ai/api/v1/chat/completions "HTTP/1.1 200 OK"
2026-06-21 20:21:22 | INFO    | httpx | HTTP Request: POST https://openrouter.ai/api/v1/chat/completions "HTTP/1.1 200 OK"
2026-06-21 20:21:22 | INFO    | httpx | HTTP Request: POST https://openrouter.ai/api/v1/chat/completions "HTTP/1.1 200 OK"
2026-06-21 20:21:23 | INFO    | httpx | HTTP Request: POST https://openrouter.ai/api/v1/chat/completions "HTTP/1.1 200 OK"
2026-06-21 20:21:23 | INFO    | httpx | HTTP Request: POST https://openrouter.ai/api/v1/chat/completions "HTTP/1.1 200 OK"
2026-06-21 20:21:23 | INFO    | httpx | HTTP Request: POST https://openrouter.ai/api/v1/chat/completions "HTTP/1.1 200 OK"
2026-06-21 20:21:23 | INFO    | httpx | HTTP Request: POST https://openrouter.ai/api/v1/chat/completions "HTTP/1.1 200 OK"
2026-06-21 20:21:23 | INFO    | httpx | HTTP Request: POST https://openrouter.ai/api/v1/chat/completions "HTTP/1.1 200 OK"
2026-06-21 20:21:23 | INFO    | httpx | HTTP Request: POST https://openrouter.ai/api/v1/chat/completions "HTTP/1.1 200 OK"
2026-06-21 20:21:23 | INFO    | httpx | HTTP Request: POST https://openrouter.ai/api/v1/chat/completions "HTTP/1.1 200 OK"
2026-06-21 20:21:23 | INFO    | httpx | HTTP Request: POST https://openrouter.ai/api/v1/chat/completions "HTTP/1.1 200 OK"
2026-06-21 20:21:23 | INFO    | httpx | HTTP Request: POST https://openrouter.ai/api/v1/chat/completions "HTTP/1.1 200 OK"
2026-06-21 20:21:23 | INFO    | httpx | HTTP Request: POST https://openrouter.ai/api/v1/chat/completions "HTTP/1.1 200 OK"
2026-06-21 20:21:23 | INFO    | httpx | HTTP Request: POST https://openrouter.ai/api/v1/chat/completions "HTTP/1.1 200 OK"
2026-06-21 20:21:23 | INFO    | httpx | HTTP Request: POST https://openrouter.ai/api/v1/chat/completions "HTTP/1.1 200 OK"
2026-06-21 20:21:24 | INFO    | httpx | HTTP Request: POST https://openrouter.ai/api/v1/chat/completions "HTTP/1.1 200 OK"
2026-06-21 20:21:24 | INFO    | httpx | HTTP Request: POST https://openrouter.ai/api/v1/chat/completions "HTTP/1.1 200 OK"
2026-06-21 20:21:24 | INFO    | httpx | HTTP Request: POST https://openrouter.ai/api/v1/chat/completions "HTTP/1.1 200 OK"
2026-06-21 20:21:24 | INFO    | httpx | HTTP Request: POST https://openrouter.ai/api/v1/chat/completions "HTTP/1.1 200 OK"
2026-06-21 20:21:24 | INFO    | httpx | HTTP Request: POST https://openrouter.ai/api/v1/chat/completions "HTTP/1.1 200 OK"
2026-06-21 20:21:24 | INFO    | httpx | HTTP Request: POST https://openrouter.ai/api/v1/chat/completions "HTTP/1.1 200 OK"
2026-06-21 20:21:24 | INFO    | httpx | HTTP Request: POST https://openrouter.ai/api/v1/chat/completions "HTTP/1.1 200 OK"
2026-06-21 20:21:24 | INFO    | __main__ |     нейрон 14551 alpha=+463.91: p_yes=0.000 CI=[0.00,0.00] (n=60)
2026-06-21 20:21:24 | INFO    | __main__ | [15/35] нейрон 2336 (explicit) alpha=-463.91 — генерация ...
2026-06-21 20:21:58 | INFO    | __main__ |     ... всего генераций: 882
2026-06-21 20:22:20 | INFO    | __main__ |     ... всего генераций: 890
2026-06-21 20:22:54 | INFO    | __main__ |     ... всего генераций: 902
2026-06-21 20:23:16 | INFO    | __main__ |     ... всего генераций: 910
2026-06-21 20:23:52 | INFO    | __main__ |     ... всего генераций: 922
2026-06-21 20:24:15 | INFO    | __main__ |     ... всего генераций: 930
2026-06-21 20:24:16 | INFO    | httpx | HTTP Request: POST https://openrouter.ai/api/v1/chat/completions "HTTP/1.1 403 Forbidden"
2026-06-21 20:24:16 | WARNING | src.interpret | Судья: ошибка на ответе #5: Error code: 403 - {'error': {'message': 'Provider returned error', 'code': 403, 'metadata': {'raw': '{"error":{"code":"unsupported_country_region_territory","message":"Country, region, or territory not supported","param":null,"type":"request_forbidden"}}', 'provider_name': 'OpenAI', 'is_byok': False, 'previous_errors': [{'code': 400, 'message': 'Provider returned error', 'provider_name': 'Azure', 'raw': '{"error":{"message":"The response was filtered due to the prompt triggering Azure OpenAI\'s content management policy. Please modify your prompt and retry. To learn more about our content filtering policies please read our documentation: https://go.microsoft.com/fwlink/?linkid=2198766","type":null,"param":"prompt","code":"content_filter","status":400,"innererror":{"code":"ResponsibleAIPolicyViolation","content_filter_result":{"hate":{"filtered":false,"severity":"safe"},"jailbreak":{"detected":true,"filtered":true},"self_harm":{"filtered":false,"severity":"safe"},"sexual":{"filtered":false,"severity":"safe"},"violence":{"filtered":false,"severity":"safe"}}}}}'}]}}, 'user_id': 'user_3D1saQ7udEkOIGIngw6fRx2sO8l'}
2026-06-21 20:24:16 | INFO    | httpx | HTTP Request: POST https://openrouter.ai/api/v1/chat/completions "HTTP/1.1 200 OK"
2026-06-21 20:24:16 | INFO    | httpx | HTTP Request: POST https://openrouter.ai/api/v1/chat/completions "HTTP/1.1 200 OK"
2026-06-21 20:24:16 | INFO    | httpx | HTTP Request: POST https://openrouter.ai/api/v1/chat/completions "HTTP/1.1 200 OK"
2026-06-21 20:24:16 | INFO    | httpx | HTTP Request: POST https://openrouter.ai/api/v1/chat/completions "HTTP/1.1 200 OK"
2026-06-21 20:24:16 | INFO    | httpx | HTTP Request: POST https://openrouter.ai/api/v1/chat/completions "HTTP/1.1 200 OK"
2026-06-21 20:24:16 | INFO    | httpx | HTTP Request: POST https://openrouter.ai/api/v1/chat/completions "HTTP/1.1 200 OK"
2026-06-21 20:24:16 | INFO    | httpx | HTTP Request: POST https://openrouter.ai/api/v1/chat/completions "HTTP/1.1 200 OK"
2026-06-21 20:24:16 | INFO    | httpx | HTTP Request: POST https://openrouter.ai/api/v1/chat/completions "HTTP/1.1 200 OK"
2026-06-21 20:24:16 | INFO    | httpx | HTTP Request: POST https://openrouter.ai/api/v1/chat/completions "HTTP/1.1 200 OK"
2026-06-21 20:24:16 | INFO    | httpx | HTTP Request: POST https://openrouter.ai/api/v1/chat/completions "HTTP/1.1 200 OK"
2026-06-21 20:24:16 | INFO    | httpx | HTTP Request: POST https://openrouter.ai/api/v1/chat/completions "HTTP/1.1 200 OK"
2026-06-21 20:24:16 | INFO    | httpx | HTTP Request: POST https://openrouter.ai/api/v1/chat/completions "HTTP/1.1 200 OK"
2026-06-21 20:24:17 | INFO    | httpx | HTTP Request: POST https://openrouter.ai/api/v1/chat/completions "HTTP/1.1 200 OK"
2026-06-21 20:24:17 | INFO    | httpx | HTTP Request: POST https://openrouter.ai/api/v1/chat/completions "HTTP/1.1 200 OK"
2026-06-21 20:24:17 | INFO    | httpx | HTTP Request: POST https://openrouter.ai/api/v1/chat/completions "HTTP/1.1 200 OK"
2026-06-21 20:24:17 | INFO    | httpx | HTTP Request: POST https://openrouter.ai/api/v1/chat/completions "HTTP/1.1 200 OK"
2026-06-21 20:24:17 | INFO    | httpx | HTTP Request: POST https://openrouter.ai/api/v1/chat/completions "HTTP/1.1 200 OK"
2026-06-21 20:24:17 | INFO    | httpx | HTTP Request: POST https://openrouter.ai/api/v1/chat/completions "HTTP/1.1 200 OK"
2026-06-21 20:24:17 | INFO    | httpx | HTTP Request: POST https://openrouter.ai/api/v1/chat/completions "HTTP/1.1 200 OK"
2026-06-21 20:24:17 | INFO    | httpx | HTTP Request: POST https://openrouter.ai/api/v1/chat/completions "HTTP/1.1 200 OK"
2026-06-21 20:24:17 | INFO    | httpx | HTTP Request: POST https://openrouter.ai/api/v1/chat/completions "HTTP/1.1 200 OK"
2026-06-21 20:24:17 | INFO    | httpx | HTTP Request: POST https://openrouter.ai/api/v1/chat/completions "HTTP/1.1 200 OK"
2026-06-21 20:24:18 | INFO    | httpx | HTTP Request: POST https://openrouter.ai/api/v1/chat/completions "HTTP/1.1 200 OK"
2026-06-21 20:24:18 | INFO    | httpx | HTTP Request: POST https://openrouter.ai/api/v1/chat/completions "HTTP/1.1 200 OK"
2026-06-21 20:24:18 | INFO    | httpx | HTTP Request: POST https://openrouter.ai/api/v1/chat/completions "HTTP/1.1 200 OK"
2026-06-21 20:24:18 | INFO    | httpx | HTTP Request: POST https://openrouter.ai/api/v1/chat/completions "HTTP/1.1 200 OK"
2026-06-21 20:24:18 | INFO    | httpx | HTTP Request: POST https://openrouter.ai/api/v1/chat/completions "HTTP/1.1 403 Forbidden"
2026-06-21 20:24:18 | WARNING | src.interpret | Судья: ошибка на ответе #28: Error code: 403 - {'error': {'message': 'Provider returned error', 'code': 403, 'metadata': {'raw': '{"error":{"code":"unsupported_country_region_territory","message":"Country, region, or territory not supported","param":null,"type":"request_forbidden"}}', 'provider_name': 'OpenAI', 'is_byok': False, 'previous_errors': [{'code': 400, 'message': 'Provider returned error', 'provider_name': 'Azure', 'raw': '{"error":{"message":"The response was filtered due to the prompt triggering Azure OpenAI\'s content management policy. Please modify your prompt and retry. To learn more about our content filtering policies please read our documentation: https://go.microsoft.com/fwlink/?linkid=2198766","type":null,"param":"prompt","code":"content_filter","status":400,"innererror":{"code":"ResponsibleAIPolicyViolation","content_filter_result":{"hate":{"filtered":false,"severity":"safe"},"jailbreak":{"detected":true,"filtered":true},"self_harm":{"filtered":false,"severity":"safe"},"sexual":{"filtered":false,"severity":"safe"},"violence":{"filtered":false,"severity":"safe"}}}}}'}]}}, 'user_id': 'user_3D1saQ7udEkOIGIngw6fRx2sO8l'}
2026-06-21 20:24:18 | INFO    | httpx | HTTP Request: POST https://openrouter.ai/api/v1/chat/completions "HTTP/1.1 200 OK"
2026-06-21 20:24:18 | INFO    | httpx | HTTP Request: POST https://openrouter.ai/api/v1/chat/completions "HTTP/1.1 200 OK"
2026-06-21 20:24:18 | INFO    | httpx | HTTP Request: POST https://openrouter.ai/api/v1/chat/completions "HTTP/1.1 200 OK"
2026-06-21 20:24:18 | INFO    | httpx | HTTP Request: POST https://openrouter.ai/api/v1/chat/completions "HTTP/1.1 200 OK"
2026-06-21 20:24:18 | INFO    | httpx | HTTP Request: POST https://openrouter.ai/api/v1/chat/completions "HTTP/1.1 200 OK"
2026-06-21 20:24:19 | INFO    | httpx | HTTP Request: POST https://openrouter.ai/api/v1/chat/completions "HTTP/1.1 200 OK"
2026-06-21 20:24:19 | INFO    | httpx | HTTP Request: POST https://openrouter.ai/api/v1/chat/completions "HTTP/1.1 200 OK"
2026-06-21 20:24:19 | INFO    | httpx | HTTP Request: POST https://openrouter.ai/api/v1/chat/completions "HTTP/1.1 200 OK"
2026-06-21 20:24:19 | INFO    | httpx | HTTP Request: POST https://openrouter.ai/api/v1/chat/completions "HTTP/1.1 200 OK"
2026-06-21 20:24:19 | INFO    | httpx | HTTP Request: POST https://openrouter.ai/api/v1/chat/completions "HTTP/1.1 200 OK"
2026-06-21 20:24:19 | INFO    | httpx | HTTP Request: POST https://openrouter.ai/api/v1/chat/completions "HTTP/1.1 200 OK"
2026-06-21 20:24:19 | INFO    | httpx | HTTP Request: POST https://openrouter.ai/api/v1/chat/completions "HTTP/1.1 200 OK"
2026-06-21 20:24:19 | INFO    | httpx | HTTP Request: POST https://openrouter.ai/api/v1/chat/completions "HTTP/1.1 200 OK"
2026-06-21 20:24:19 | INFO    | httpx | HTTP Request: POST https://openrouter.ai/api/v1/chat/completions "HTTP/1.1 200 OK"
2026-06-21 20:24:19 | INFO    | httpx | HTTP Request: POST https://openrouter.ai/api/v1/chat/completions "HTTP/1.1 200 OK"
2026-06-21 20:24:20 | INFO    | httpx | HTTP Request: POST https://openrouter.ai/api/v1/chat/completions "HTTP/1.1 200 OK"
2026-06-21 20:24:20 | INFO    | httpx | HTTP Request: POST https://openrouter.ai/api/v1/chat/completions "HTTP/1.1 200 OK"
2026-06-21 20:24:20 | INFO    | httpx | HTTP Request: POST https://openrouter.ai/api/v1/chat/completions "HTTP/1.1 200 OK"
2026-06-21 20:24:20 | INFO    | httpx | HTTP Request: POST https://openrouter.ai/api/v1/chat/completions "HTTP/1.1 200 OK"
2026-06-21 20:24:20 | INFO    | httpx | HTTP Request: POST https://openrouter.ai/api/v1/chat/completions "HTTP/1.1 200 OK"
2026-06-21 20:24:20 | INFO    | httpx | HTTP Request: POST https://openrouter.ai/api/v1/chat/completions "HTTP/1.1 200 OK"
2026-06-21 20:24:20 | INFO    | httpx | HTTP Request: POST https://openrouter.ai/api/v1/chat/completions "HTTP/1.1 200 OK"
2026-06-21 20:24:20 | INFO    | httpx | HTTP Request: POST https://openrouter.ai/api/v1/chat/completions "HTTP/1.1 200 OK"
2026-06-21 20:24:20 | INFO    | httpx | HTTP Request: POST https://openrouter.ai/api/v1/chat/completions "HTTP/1.1 200 OK"
2026-06-21 20:24:20 | INFO    | httpx | HTTP Request: POST https://openrouter.ai/api/v1/chat/completions "HTTP/1.1 200 OK"
2026-06-21 20:24:20 | INFO    | httpx | HTTP Request: POST https://openrouter.ai/api/v1/chat/completions "HTTP/1.1 200 OK"
2026-06-21 20:24:20 | INFO    | httpx | HTTP Request: POST https://openrouter.ai/api/v1/chat/completions "HTTP/1.1 200 OK"
2026-06-21 20:24:20 | INFO    | httpx | HTTP Request: POST https://openrouter.ai/api/v1/chat/completions "HTTP/1.1 200 OK"
2026-06-21 20:24:21 | INFO    | httpx | HTTP Request: POST https://openrouter.ai/api/v1/chat/completions "HTTP/1.1 200 OK"
2026-06-21 20:24:21 | INFO    | httpx | HTTP Request: POST https://openrouter.ai/api/v1/chat/completions "HTTP/1.1 200 OK"
2026-06-21 20:24:21 | INFO    | httpx | HTTP Request: POST https://openrouter.ai/api/v1/chat/completions "HTTP/1.1 200 OK"
2026-06-21 20:24:21 | INFO    | httpx | HTTP Request: POST https://openrouter.ai/api/v1/chat/completions "HTTP/1.1 200 OK"
2026-06-21 20:24:21 | INFO    | __main__ |     нейрон 2336 alpha=-463.91: p_yes=0.267 CI=[0.17,0.38] (n=60)
2026-06-21 20:24:21 | INFO    | __main__ | [16/35] нейрон 2336 (explicit) alpha=-231.95 — генерация ...
2026-06-21 20:24:54 | INFO    | __main__ |     ... всего генераций: 942
2026-06-21 20:25:17 | INFO    | __main__ |     ... всего генераций: 950
2026-06-21 20:25:52 | INFO    | __main__ |     ... всего генераций: 962
2026-06-21 20:26:20 | INFO    | __main__ |     ... всего генераций: 970
2026-06-21 20:26:58 | INFO    | __main__ |     ... всего генераций: 982
2026-06-21 20:27:23 | INFO    | __main__ |     ... всего генераций: 990
2026-06-21 20:27:24 | INFO    | httpx | HTTP Request: POST https://openrouter.ai/api/v1/chat/completions "HTTP/1.1 200 OK"
2026-06-21 20:27:24 | INFO    | httpx | HTTP Request: POST https://openrouter.ai/api/v1/chat/completions "HTTP/1.1 200 OK"
2026-06-21 20:27:24 | INFO    | httpx | HTTP Request: POST https://openrouter.ai/api/v1/chat/completions "HTTP/1.1 200 OK"
2026-06-21 20:27:24 | INFO    | httpx | HTTP Request: POST https://openrouter.ai/api/v1/chat/completions "HTTP/1.1 200 OK"
2026-06-21 20:27:24 | INFO    | httpx | HTTP Request: POST https://openrouter.ai/api/v1/chat/completions "HTTP/1.1 200 OK"
2026-06-21 20:27:24 | INFO    | httpx | HTTP Request: POST https://openrouter.ai/api/v1/chat/completions "HTTP/1.1 200 OK"
2026-06-21 20:27:24 | INFO    | httpx | HTTP Request: POST https://openrouter.ai/api/v1/chat/completions "HTTP/1.1 200 OK"
2026-06-21 20:27:25 | INFO    | httpx | HTTP Request: POST https://openrouter.ai/api/v1/chat/completions "HTTP/1.1 200 OK"
2026-06-21 20:27:25 | INFO    | httpx | HTTP Request: POST https://openrouter.ai/api/v1/chat/completions "HTTP/1.1 200 OK"
2026-06-21 20:27:25 | INFO    | httpx | HTTP Request: POST https://openrouter.ai/api/v1/chat/completions "HTTP/1.1 200 OK"
2026-06-21 20:27:25 | INFO    | httpx | HTTP Request: POST https://openrouter.ai/api/v1/chat/completions "HTTP/1.1 200 OK"
2026-06-21 20:27:25 | INFO    | httpx | HTTP Request: POST https://openrouter.ai/api/v1/chat/completions "HTTP/1.1 200 OK"
2026-06-21 20:27:25 | INFO    | httpx | HTTP Request: POST https://openrouter.ai/api/v1/chat/completions "HTTP/1.1 200 OK"
2026-06-21 20:27:25 | INFO    | httpx | HTTP Request: POST https://openrouter.ai/api/v1/chat/completions "HTTP/1.1 200 OK"
2026-06-21 20:27:25 | INFO    | httpx | HTTP Request: POST https://openrouter.ai/api/v1/chat/completions "HTTP/1.1 200 OK"
2026-06-21 20:27:25 | INFO    | httpx | HTTP Request: POST https://openrouter.ai/api/v1/chat/completions "HTTP/1.1 200 OK"
2026-06-21 20:27:26 | INFO    | httpx | HTTP Request: POST https://openrouter.ai/api/v1/chat/completions "HTTP/1.1 200 OK"
2026-06-21 20:27:26 | INFO    | httpx | HTTP Request: POST https://openrouter.ai/api/v1/chat/completions "HTTP/1.1 200 OK"
2026-06-21 20:27:26 | INFO    | httpx | HTTP Request: POST https://openrouter.ai/api/v1/chat/completions "HTTP/1.1 200 OK"
2026-06-21 20:27:26 | INFO    | httpx | HTTP Request: POST https://openrouter.ai/api/v1/chat/completions "HTTP/1.1 200 OK"
2026-06-21 20:27:26 | INFO    | httpx | HTTP Request: POST https://openrouter.ai/api/v1/chat/completions "HTTP/1.1 200 OK"
2026-06-21 20:27:26 | INFO    | httpx | HTTP Request: POST https://openrouter.ai/api/v1/chat/completions "HTTP/1.1 200 OK"
2026-06-21 20:27:26 | INFO    | httpx | HTTP Request: POST https://openrouter.ai/api/v1/chat/completions "HTTP/1.1 200 OK"
2026-06-21 20:27:26 | INFO    | httpx | HTTP Request: POST https://openrouter.ai/api/v1/chat/completions "HTTP/1.1 200 OK"
2026-06-21 20:27:26 | INFO    | httpx | HTTP Request: POST https://openrouter.ai/api/v1/chat/completions "HTTP/1.1 200 OK"
2026-06-21 20:27:27 | INFO    | httpx | HTTP Request: POST https://openrouter.ai/api/v1/chat/completions "HTTP/1.1 200 OK"
2026-06-21 20:27:27 | INFO    | httpx | HTTP Request: POST https://openrouter.ai/api/v1/chat/completions "HTTP/1.1 200 OK"
2026-06-21 20:27:27 | INFO    | httpx | HTTP Request: POST https://openrouter.ai/api/v1/chat/completions "HTTP/1.1 200 OK"
2026-06-21 20:27:27 | INFO    | httpx | HTTP Request: POST https://openrouter.ai/api/v1/chat/completions "HTTP/1.1 200 OK"
2026-06-21 20:27:27 | INFO    | httpx | HTTP Request: POST https://openrouter.ai/api/v1/chat/completions "HTTP/1.1 200 OK"
2026-06-21 20:27:27 | INFO    | httpx | HTTP Request: POST https://openrouter.ai/api/v1/chat/completions "HTTP/1.1 200 OK"
2026-06-21 20:27:27 | INFO    | httpx | HTTP Request: POST https://openrouter.ai/api/v1/chat/completions "HTTP/1.1 200 OK"
2026-06-21 20:27:27 | INFO    | httpx | HTTP Request: POST https://openrouter.ai/api/v1/chat/completions "HTTP/1.1 200 OK"
2026-06-21 20:27:27 | INFO    | httpx | HTTP Request: POST https://openrouter.ai/api/v1/chat/completions "HTTP/1.1 200 OK"
2026-06-21 20:27:27 | INFO    | httpx | HTTP Request: POST https://openrouter.ai/api/v1/chat/completions "HTTP/1.1 200 OK"
2026-06-21 20:27:27 | INFO    | httpx | HTTP Request: POST https://openrouter.ai/api/v1/chat/completions "HTTP/1.1 200 OK"
2026-06-21 20:27:28 | INFO    | httpx | HTTP Request: POST https://openrouter.ai/api/v1/chat/completions "HTTP/1.1 200 OK"
2026-06-21 20:27:28 | INFO    | httpx | HTTP Request: POST https://openrouter.ai/api/v1/chat/completions "HTTP/1.1 200 OK"
2026-06-21 20:27:28 | INFO    | httpx | HTTP Request: POST https://openrouter.ai/api/v1/chat/completions "HTTP/1.1 200 OK"
2026-06-21 20:27:28 | INFO    | httpx | HTTP Request: POST https://openrouter.ai/api/v1/chat/completions "HTTP/1.1 200 OK"
2026-06-21 20:27:28 | INFO    | httpx | HTTP Request: POST https://openrouter.ai/api/v1/chat/completions "HTTP/1.1 200 OK"
2026-06-21 20:27:28 | INFO    | httpx | HTTP Request: POST https://openrouter.ai/api/v1/chat/completions "HTTP/1.1 200 OK"
2026-06-21 20:27:28 | INFO    | httpx | HTTP Request: POST https://openrouter.ai/api/v1/chat/completions "HTTP/1.1 200 OK"
2026-06-21 20:27:28 | INFO    | httpx | HTTP Request: POST https://openrouter.ai/api/v1/chat/completions "HTTP/1.1 200 OK"
2026-06-21 20:27:28 | INFO    | httpx | HTTP Request: POST https://openrouter.ai/api/v1/chat/completions "HTTP/1.1 200 OK"
2026-06-21 20:27:28 | INFO    | httpx | HTTP Request: POST https://openrouter.ai/api/v1/chat/completions "HTTP/1.1 200 OK"
2026-06-21 20:27:28 | INFO    | httpx | HTTP Request: POST https://openrouter.ai/api/v1/chat/completions "HTTP/1.1 200 OK"
2026-06-21 20:27:29 | INFO    | httpx | HTTP Request: POST https://openrouter.ai/api/v1/chat/completions "HTTP/1.1 200 OK"
2026-06-21 20:27:29 | INFO    | httpx | HTTP Request: POST https://openrouter.ai/api/v1/chat/completions "HTTP/1.1 200 OK"
2026-06-21 20:27:29 | INFO    | httpx | HTTP Request: POST https://openrouter.ai/api/v1/chat/completions "HTTP/1.1 200 OK"
2026-06-21 20:27:29 | INFO    | httpx | HTTP Request: POST https://openrouter.ai/api/v1/chat/completions "HTTP/1.1 200 OK"
2026-06-21 20:27:29 | INFO    | httpx | HTTP Request: POST https://openrouter.ai/api/v1/chat/completions "HTTP/1.1 200 OK"
2026-06-21 20:27:29 | INFO    | httpx | HTTP Request: POST https://openrouter.ai/api/v1/chat/completions "HTTP/1.1 200 OK"
2026-06-21 20:27:29 | INFO    | httpx | HTTP Request: POST https://openrouter.ai/api/v1/chat/completions "HTTP/1.1 200 OK"
2026-06-21 20:27:29 | INFO    | httpx | HTTP Request: POST https://openrouter.ai/api/v1/chat/completions "HTTP/1.1 200 OK"
2026-06-21 20:27:29 | INFO    | httpx | HTTP Request: POST https://openrouter.ai/api/v1/chat/completions "HTTP/1.1 200 OK"
2026-06-21 20:27:29 | INFO    | httpx | HTTP Request: POST https://openrouter.ai/api/v1/chat/completions "HTTP/1.1 200 OK"
2026-06-21 20:27:30 | INFO    | httpx | HTTP Request: POST https://openrouter.ai/api/v1/chat/completions "HTTP/1.1 200 OK"
2026-06-21 20:27:30 | INFO    | httpx | HTTP Request: POST https://openrouter.ai/api/v1/chat/completions "HTTP/1.1 200 OK"
2026-06-21 20:27:30 | INFO    | httpx | HTTP Request: POST https://openrouter.ai/api/v1/chat/completions "HTTP/1.1 200 OK"
2026-06-21 20:27:30 | INFO    | __main__ |     нейрон 2336 alpha=-231.95: p_yes=0.450 CI=[0.32,0.57] (n=60)
2026-06-21 20:27:30 | INFO    | __main__ | [17/35] нейрон 2336 (explicit) alpha=-115.98 — генерация ...
2026-06-21 20:28:05 | INFO    | __main__ |     ... всего генераций: 1002
2026-06-21 20:28:27 | INFO    | __main__ |     ... всего генераций: 1010
2026-06-21 20:28:59 | INFO    | __main__ |     ... всего генераций: 1022
2026-06-21 20:29:21 | INFO    | __main__ |     ... всего генераций: 1030
2026-06-21 20:29:53 | INFO    | __main__ |     ... всего генераций: 1042
2026-06-21 20:30:16 | INFO    | __main__ |     ... всего генераций: 1050
2026-06-21 20:30:16 | INFO    | httpx | HTTP Request: POST https://openrouter.ai/api/v1/chat/completions "HTTP/1.1 200 OK"
2026-06-21 20:30:16 | INFO    | httpx | HTTP Request: POST https://openrouter.ai/api/v1/chat/completions "HTTP/1.1 200 OK"
2026-06-21 20:30:16 | INFO    | httpx | HTTP Request: POST https://openrouter.ai/api/v1/chat/completions "HTTP/1.1 200 OK"
2026-06-21 20:30:17 | INFO    | httpx | HTTP Request: POST https://openrouter.ai/api/v1/chat/completions "HTTP/1.1 200 OK"
2026-06-21 20:30:17 | INFO    | httpx | HTTP Request: POST https://openrouter.ai/api/v1/chat/completions "HTTP/1.1 200 OK"
2026-06-21 20:30:17 | INFO    | httpx | HTTP Request: POST https://openrouter.ai/api/v1/chat/completions "HTTP/1.1 200 OK"
2026-06-21 20:30:17 | INFO    | httpx | HTTP Request: POST https://openrouter.ai/api/v1/chat/completions "HTTP/1.1 200 OK"
2026-06-21 20:30:17 | INFO    | httpx | HTTP Request: POST https://openrouter.ai/api/v1/chat/completions "HTTP/1.1 200 OK"
2026-06-21 20:30:17 | INFO    | httpx | HTTP Request: POST https://openrouter.ai/api/v1/chat/completions "HTTP/1.1 200 OK"
2026-06-21 20:30:17 | INFO    | httpx | HTTP Request: POST https://openrouter.ai/api/v1/chat/completions "HTTP/1.1 200 OK"
2026-06-21 20:30:17 | INFO    | httpx | HTTP Request: POST https://openrouter.ai/api/v1/chat/completions "HTTP/1.1 200 OK"
2026-06-21 20:30:17 | INFO    | httpx | HTTP Request: POST https://openrouter.ai/api/v1/chat/completions "HTTP/1.1 200 OK"
2026-06-21 20:30:17 | INFO    | httpx | HTTP Request: POST https://openrouter.ai/api/v1/chat/completions "HTTP/1.1 200 OK"
2026-06-21 20:30:18 | INFO    | httpx | HTTP Request: POST https://openrouter.ai/api/v1/chat/completions "HTTP/1.1 200 OK"
2026-06-21 20:30:18 | INFO    | httpx | HTTP Request: POST https://openrouter.ai/api/v1/chat/completions "HTTP/1.1 200 OK"
2026-06-21 20:30:18 | INFO    | httpx | HTTP Request: POST https://openrouter.ai/api/v1/chat/completions "HTTP/1.1 200 OK"
2026-06-21 20:30:18 | INFO    | httpx | HTTP Request: POST https://openrouter.ai/api/v1/chat/completions "HTTP/1.1 200 OK"
2026-06-21 20:30:18 | INFO    | httpx | HTTP Request: POST https://openrouter.ai/api/v1/chat/completions "HTTP/1.1 200 OK"
2026-06-21 20:30:18 | INFO    | httpx | HTTP Request: POST https://openrouter.ai/api/v1/chat/completions "HTTP/1.1 200 OK"
2026-06-21 20:30:18 | INFO    | httpx | HTTP Request: POST https://openrouter.ai/api/v1/chat/completions "HTTP/1.1 200 OK"
2026-06-21 20:30:18 | INFO    | httpx | HTTP Request: POST https://openrouter.ai/api/v1/chat/completions "HTTP/1.1 200 OK"
2026-06-21 20:30:18 | INFO    | httpx | HTTP Request: POST https://openrouter.ai/api/v1/chat/completions "HTTP/1.1 200 OK"
2026-06-21 20:30:19 | INFO    | httpx | HTTP Request: POST https://openrouter.ai/api/v1/chat/completions "HTTP/1.1 200 OK"
2026-06-21 20:30:19 | INFO    | httpx | HTTP Request: POST https://openrouter.ai/api/v1/chat/completions "HTTP/1.1 200 OK"
2026-06-21 20:30:19 | INFO    | httpx | HTTP Request: POST https://openrouter.ai/api/v1/chat/completions "HTTP/1.1 200 OK"
2026-06-21 20:30:19 | INFO    | httpx | HTTP Request: POST https://openrouter.ai/api/v1/chat/completions "HTTP/1.1 200 OK"
2026-06-21 20:30:19 | INFO    | httpx | HTTP Request: POST https://openrouter.ai/api/v1/chat/completions "HTTP/1.1 200 OK"
2026-06-21 20:30:19 | INFO    | httpx | HTTP Request: POST https://openrouter.ai/api/v1/chat/completions "HTTP/1.1 200 OK"
2026-06-21 20:30:19 | INFO    | httpx | HTTP Request: POST https://openrouter.ai/api/v1/chat/completions "HTTP/1.1 200 OK"
2026-06-21 20:30:19 | INFO    | httpx | HTTP Request: POST https://openrouter.ai/api/v1/chat/completions "HTTP/1.1 200 OK"
2026-06-21 20:30:19 | INFO    | httpx | HTTP Request: POST https://openrouter.ai/api/v1/chat/completions "HTTP/1.1 200 OK"
2026-06-21 20:30:19 | INFO    | httpx | HTTP Request: POST https://openrouter.ai/api/v1/chat/completions "HTTP/1.1 200 OK"
2026-06-21 20:30:20 | INFO    | httpx | HTTP Request: POST https://openrouter.ai/api/v1/chat/completions "HTTP/1.1 200 OK"
2026-06-21 20:30:20 | INFO    | httpx | HTTP Request: POST https://openrouter.ai/api/v1/chat/completions "HTTP/1.1 200 OK"
2026-06-21 20:30:20 | INFO    | httpx | HTTP Request: POST https://openrouter.ai/api/v1/chat/completions "HTTP/1.1 200 OK"
2026-06-21 20:30:20 | INFO    | httpx | HTTP Request: POST https://openrouter.ai/api/v1/chat/completions "HTTP/1.1 200 OK"
2026-06-21 20:30:20 | INFO    | httpx | HTTP Request: POST https://openrouter.ai/api/v1/chat/completions "HTTP/1.1 200 OK"
2026-06-21 20:30:20 | INFO    | httpx | HTTP Request: POST https://openrouter.ai/api/v1/chat/completions "HTTP/1.1 200 OK"
2026-06-21 20:30:20 | INFO    | httpx | HTTP Request: POST https://openrouter.ai/api/v1/chat/completions "HTTP/1.1 200 OK"
2026-06-21 20:30:20 | INFO    | httpx | HTTP Request: POST https://openrouter.ai/api/v1/chat/completions "HTTP/1.1 200 OK"
2026-06-21 20:30:20 | INFO    | httpx | HTTP Request: POST https://openrouter.ai/api/v1/chat/completions "HTTP/1.1 200 OK"
2026-06-21 20:30:20 | INFO    | httpx | HTTP Request: POST https://openrouter.ai/api/v1/chat/completions "HTTP/1.1 200 OK"
2026-06-21 20:30:21 | INFO    | httpx | HTTP Request: POST https://openrouter.ai/api/v1/chat/completions "HTTP/1.1 200 OK"
2026-06-21 20:30:21 | INFO    | httpx | HTTP Request: POST https://openrouter.ai/api/v1/chat/completions "HTTP/1.1 200 OK"
2026-06-21 20:30:21 | INFO    | httpx | HTTP Request: POST https://openrouter.ai/api/v1/chat/completions "HTTP/1.1 200 OK"
2026-06-21 20:30:21 | INFO    | httpx | HTTP Request: POST https://openrouter.ai/api/v1/chat/completions "HTTP/1.1 200 OK"
2026-06-21 20:30:21 | INFO    | httpx | HTTP Request: POST https://openrouter.ai/api/v1/chat/completions "HTTP/1.1 200 OK"
2026-06-21 20:30:21 | INFO    | httpx | HTTP Request: POST https://openrouter.ai/api/v1/chat/completions "HTTP/1.1 200 OK"
2026-06-21 20:30:21 | INFO    | httpx | HTTP Request: POST https://openrouter.ai/api/v1/chat/completions "HTTP/1.1 200 OK"
2026-06-21 20:30:21 | INFO    | httpx | HTTP Request: POST https://openrouter.ai/api/v1/chat/completions "HTTP/1.1 200 OK"
2026-06-21 20:30:22 | INFO    | httpx | HTTP Request: POST https://openrouter.ai/api/v1/chat/completions "HTTP/1.1 200 OK"
2026-06-21 20:30:22 | INFO    | httpx | HTTP Request: POST https://openrouter.ai/api/v1/chat/completions "HTTP/1.1 200 OK"
2026-06-21 20:30:22 | INFO    | httpx | HTTP Request: POST https://openrouter.ai/api/v1/chat/completions "HTTP/1.1 200 OK"
2026-06-21 20:30:22 | INFO    | httpx | HTTP Request: POST https://openrouter.ai/api/v1/chat/completions "HTTP/1.1 200 OK"
2026-06-21 20:30:22 | INFO    | httpx | HTTP Request: POST https://openrouter.ai/api/v1/chat/completions "HTTP/1.1 200 OK"
2026-06-21 20:30:22 | INFO    | httpx | HTTP Request: POST https://openrouter.ai/api/v1/chat/completions "HTTP/1.1 403 Forbidden"
2026-06-21 20:30:22 | WARNING | src.interpret | Судья: ошибка на ответе #8: Error code: 403 - {'error': {'message': 'Provider returned error', 'code': 403, 'metadata': {'raw': '{"error":{"code":"unsupported_country_region_territory","message":"Country, region, or territory not supported","param":null,"type":"request_forbidden"}}', 'provider_name': 'OpenAI', 'is_byok': False, 'previous_errors': [{'code': 504, 'message': 'The operation was aborted', 'provider_name': 'Azure'}]}}, 'user_id': 'user_3D1saQ7udEkOIGIngw6fRx2sO8l'}
2026-06-21 20:30:22 | INFO    | httpx | HTTP Request: POST https://openrouter.ai/api/v1/chat/completions "HTTP/1.1 200 OK"
2026-06-21 20:30:22 | INFO    | httpx | HTTP Request: POST https://openrouter.ai/api/v1/chat/completions "HTTP/1.1 200 OK"
2026-06-21 20:30:23 | INFO    | httpx | HTTP Request: POST https://openrouter.ai/api/v1/chat/completions "HTTP/1.1 200 OK"
2026-06-21 20:30:23 | INFO    | httpx | HTTP Request: POST https://openrouter.ai/api/v1/chat/completions "HTTP/1.1 200 OK"
2026-06-21 20:30:23 | INFO    | __main__ |     нейрон 2336 alpha=-115.98: p_yes=0.500 CI=[0.37,0.62] (n=60)
2026-06-21 20:30:23 | INFO    | __main__ |     нейрон 2336 alpha=+0.00: p_yes=0.417 CI=[0.30,0.53] (n=60)
2026-06-21 20:30:23 | INFO    | __main__ | [19/35] нейрон 2336 (explicit) alpha=+115.98 — генерация ...
2026-06-21 20:30:54 | INFO    | __main__ |     ... всего генераций: 1062
2026-06-21 20:31:15 | INFO    | __main__ |     ... всего генераций: 1070
2026-06-21 20:31:45 | INFO    | __main__ |     ... всего генераций: 1082
2026-06-21 20:32:06 | INFO    | __main__ |     ... всего генераций: 1090
2026-06-21 20:32:37 | INFO    | __main__ |     ... всего генераций: 1102
2026-06-21 20:32:58 | INFO    | __main__ |     ... всего генераций: 1110
2026-06-21 20:32:59 | INFO    | httpx | HTTP Request: POST https://openrouter.ai/api/v1/chat/completions "HTTP/1.1 200 OK"
2026-06-21 20:32:59 | INFO    | httpx | HTTP Request: POST https://openrouter.ai/api/v1/chat/completions "HTTP/1.1 200 OK"
2026-06-21 20:32:59 | INFO    | httpx | HTTP Request: POST https://openrouter.ai/api/v1/chat/completions "HTTP/1.1 200 OK"
2026-06-21 20:32:59 | INFO    | httpx | HTTP Request: POST https://openrouter.ai/api/v1/chat/completions "HTTP/1.1 200 OK"
2026-06-21 20:32:59 | INFO    | httpx | HTTP Request: POST https://openrouter.ai/api/v1/chat/completions "HTTP/1.1 200 OK"
2026-06-21 20:32:59 | INFO    | httpx | HTTP Request: POST https://openrouter.ai/api/v1/chat/completions "HTTP/1.1 200 OK"
2026-06-21 20:32:59 | INFO    | httpx | HTTP Request: POST https://openrouter.ai/api/v1/chat/completions "HTTP/1.1 200 OK"
2026-06-21 20:32:59 | INFO    | httpx | HTTP Request: POST https://openrouter.ai/api/v1/chat/completions "HTTP/1.1 200 OK"
2026-06-21 20:33:00 | INFO    | httpx | HTTP Request: POST https://openrouter.ai/api/v1/chat/completions "HTTP/1.1 200 OK"
2026-06-21 20:33:00 | INFO    | httpx | HTTP Request: POST https://openrouter.ai/api/v1/chat/completions "HTTP/1.1 200 OK"
2026-06-21 20:33:00 | INFO    | httpx | HTTP Request: POST https://openrouter.ai/api/v1/chat/completions "HTTP/1.1 200 OK"
2026-06-21 20:33:00 | INFO    | httpx | HTTP Request: POST https://openrouter.ai/api/v1/chat/completions "HTTP/1.1 200 OK"
2026-06-21 20:33:00 | INFO    | httpx | HTTP Request: POST https://openrouter.ai/api/v1/chat/completions "HTTP/1.1 200 OK"
2026-06-21 20:33:00 | INFO    | httpx | HTTP Request: POST https://openrouter.ai/api/v1/chat/completions "HTTP/1.1 200 OK"
2026-06-21 20:33:00 | INFO    | httpx | HTTP Request: POST https://openrouter.ai/api/v1/chat/completions "HTTP/1.1 200 OK"
2026-06-21 20:33:00 | INFO    | httpx | HTTP Request: POST https://openrouter.ai/api/v1/chat/completions "HTTP/1.1 200 OK"
2026-06-21 20:33:01 | INFO    | httpx | HTTP Request: POST https://openrouter.ai/api/v1/chat/completions "HTTP/1.1 200 OK"
2026-06-21 20:33:01 | INFO    | httpx | HTTP Request: POST https://openrouter.ai/api/v1/chat/completions "HTTP/1.1 200 OK"
2026-06-21 20:33:01 | INFO    | httpx | HTTP Request: POST https://openrouter.ai/api/v1/chat/completions "HTTP/1.1 200 OK"
2026-06-21 20:33:01 | INFO    | httpx | HTTP Request: POST https://openrouter.ai/api/v1/chat/completions "HTTP/1.1 200 OK"
2026-06-21 20:33:01 | INFO    | httpx | HTTP Request: POST https://openrouter.ai/api/v1/chat/completions "HTTP/1.1 200 OK"
2026-06-21 20:33:01 | INFO    | httpx | HTTP Request: POST https://openrouter.ai/api/v1/chat/completions "HTTP/1.1 200 OK"
2026-06-21 20:33:01 | INFO    | httpx | HTTP Request: POST https://openrouter.ai/api/v1/chat/completions "HTTP/1.1 200 OK"
2026-06-21 20:33:01 | INFO    | httpx | HTTP Request: POST https://openrouter.ai/api/v1/chat/completions "HTTP/1.1 200 OK"
2026-06-21 20:33:01 | INFO    | httpx | HTTP Request: POST https://openrouter.ai/api/v1/chat/completions "HTTP/1.1 200 OK"
2026-06-21 20:33:01 | INFO    | httpx | HTTP Request: POST https://openrouter.ai/api/v1/chat/completions "HTTP/1.1 200 OK"
2026-06-21 20:33:02 | INFO    | httpx | HTTP Request: POST https://openrouter.ai/api/v1/chat/completions "HTTP/1.1 200 OK"
2026-06-21 20:33:02 | INFO    | httpx | HTTP Request: POST https://openrouter.ai/api/v1/chat/completions "HTTP/1.1 200 OK"
2026-06-21 20:33:02 | INFO    | httpx | HTTP Request: POST https://openrouter.ai/api/v1/chat/completions "HTTP/1.1 200 OK"
2026-06-21 20:33:02 | INFO    | httpx | HTTP Request: POST https://openrouter.ai/api/v1/chat/completions "HTTP/1.1 200 OK"
2026-06-21 20:33:02 | INFO    | httpx | HTTP Request: POST https://openrouter.ai/api/v1/chat/completions "HTTP/1.1 200 OK"
2026-06-21 20:33:02 | INFO    | httpx | HTTP Request: POST https://openrouter.ai/api/v1/chat/completions "HTTP/1.1 200 OK"
2026-06-21 20:33:02 | INFO    | httpx | HTTP Request: POST https://openrouter.ai/api/v1/chat/completions "HTTP/1.1 200 OK"
2026-06-21 20:33:02 | INFO    | httpx | HTTP Request: POST https://openrouter.ai/api/v1/chat/completions "HTTP/1.1 200 OK"
2026-06-21 20:33:02 | INFO    | httpx | HTTP Request: POST https://openrouter.ai/api/v1/chat/completions "HTTP/1.1 200 OK"
2026-06-21 20:33:03 | INFO    | httpx | HTTP Request: POST https://openrouter.ai/api/v1/chat/completions "HTTP/1.1 200 OK"
2026-06-21 20:33:03 | INFO    | httpx | HTTP Request: POST https://openrouter.ai/api/v1/chat/completions "HTTP/1.1 200 OK"
2026-06-21 20:33:03 | INFO    | httpx | HTTP Request: POST https://openrouter.ai/api/v1/chat/completions "HTTP/1.1 200 OK"
2026-06-21 20:33:03 | INFO    | httpx | HTTP Request: POST https://openrouter.ai/api/v1/chat/completions "HTTP/1.1 200 OK"
2026-06-21 20:33:03 | INFO    | httpx | HTTP Request: POST https://openrouter.ai/api/v1/chat/completions "HTTP/1.1 200 OK"
2026-06-21 20:33:03 | INFO    | httpx | HTTP Request: POST https://openrouter.ai/api/v1/chat/completions "HTTP/1.1 200 OK"
2026-06-21 20:33:03 | INFO    | httpx | HTTP Request: POST https://openrouter.ai/api/v1/chat/completions "HTTP/1.1 200 OK"
2026-06-21 20:33:03 | INFO    | httpx | HTTP Request: POST https://openrouter.ai/api/v1/chat/completions "HTTP/1.1 200 OK"
2026-06-21 20:33:03 | INFO    | httpx | HTTP Request: POST https://openrouter.ai/api/v1/chat/completions "HTTP/1.1 200 OK"
2026-06-21 20:33:03 | INFO    | httpx | HTTP Request: POST https://openrouter.ai/api/v1/chat/completions "HTTP/1.1 200 OK"
2026-06-21 20:33:03 | INFO    | httpx | HTTP Request: POST https://openrouter.ai/api/v1/chat/completions "HTTP/1.1 200 OK"
2026-06-21 20:33:03 | INFO    | httpx | HTTP Request: POST https://openrouter.ai/api/v1/chat/completions "HTTP/1.1 200 OK"
2026-06-21 20:33:04 | INFO    | httpx | HTTP Request: POST https://openrouter.ai/api/v1/chat/completions "HTTP/1.1 200 OK"
2026-06-21 20:33:04 | INFO    | httpx | HTTP Request: POST https://openrouter.ai/api/v1/chat/completions "HTTP/1.1 200 OK"
2026-06-21 20:33:04 | INFO    | httpx | HTTP Request: POST https://openrouter.ai/api/v1/chat/completions "HTTP/1.1 200 OK"
2026-06-21 20:33:04 | INFO    | httpx | HTTP Request: POST https://openrouter.ai/api/v1/chat/completions "HTTP/1.1 200 OK"
2026-06-21 20:33:04 | INFO    | httpx | HTTP Request: POST https://openrouter.ai/api/v1/chat/completions "HTTP/1.1 200 OK"
2026-06-21 20:33:04 | INFO    | httpx | HTTP Request: POST https://openrouter.ai/api/v1/chat/completions "HTTP/1.1 200 OK"
2026-06-21 20:33:04 | INFO    | httpx | HTTP Request: POST https://openrouter.ai/api/v1/chat/completions "HTTP/1.1 200 OK"
2026-06-21 20:33:04 | INFO    | httpx | HTTP Request: POST https://openrouter.ai/api/v1/chat/completions "HTTP/1.1 200 OK"
2026-06-21 20:33:04 | INFO    | httpx | HTTP Request: POST https://openrouter.ai/api/v1/chat/completions "HTTP/1.1 200 OK"
2026-06-21 20:33:04 | INFO    | httpx | HTTP Request: POST https://openrouter.ai/api/v1/chat/completions "HTTP/1.1 200 OK"
2026-06-21 20:33:04 | INFO    | httpx | HTTP Request: POST https://openrouter.ai/api/v1/chat/completions "HTTP/1.1 200 OK"
2026-06-21 20:33:05 | INFO    | httpx | HTTP Request: POST https://openrouter.ai/api/v1/chat/completions "HTTP/1.1 200 OK"
2026-06-21 20:33:05 | INFO    | httpx | HTTP Request: POST https://openrouter.ai/api/v1/chat/completions "HTTP/1.1 200 OK"
2026-06-21 20:33:05 | INFO    | __main__ |     нейрон 2336 alpha=+115.98: p_yes=0.450 CI=[0.32,0.57] (n=60)
2026-06-21 20:33:05 | INFO    | __main__ | [20/35] нейрон 2336 (explicit) alpha=+231.95 — генерация ...
2026-06-21 20:33:38 | INFO    | __main__ |     ... всего генераций: 1122
2026-06-21 20:34:00 | INFO    | __main__ |     ... всего генераций: 1130
2026-06-21 20:34:36 | INFO    | __main__ |     ... всего генераций: 1142
2026-06-21 20:35:03 | INFO    | __main__ |     ... всего генераций: 1150
2026-06-21 20:35:39 | INFO    | __main__ |     ... всего генераций: 1162
2026-06-21 20:36:02 | INFO    | __main__ |     ... всего генераций: 1170
2026-06-21 20:36:03 | INFO    | httpx | HTTP Request: POST https://openrouter.ai/api/v1/chat/completions "HTTP/1.1 200 OK"
2026-06-21 20:36:03 | INFO    | httpx | HTTP Request: POST https://openrouter.ai/api/v1/chat/completions "HTTP/1.1 200 OK"
2026-06-21 20:36:03 | INFO    | httpx | HTTP Request: POST https://openrouter.ai/api/v1/chat/completions "HTTP/1.1 200 OK"
2026-06-21 20:36:03 | INFO    | httpx | HTTP Request: POST https://openrouter.ai/api/v1/chat/completions "HTTP/1.1 200 OK"
2026-06-21 20:36:03 | INFO    | httpx | HTTP Request: POST https://openrouter.ai/api/v1/chat/completions "HTTP/1.1 200 OK"
2026-06-21 20:36:03 | INFO    | httpx | HTTP Request: POST https://openrouter.ai/api/v1/chat/completions "HTTP/1.1 200 OK"
2026-06-21 20:36:03 | INFO    | httpx | HTTP Request: POST https://openrouter.ai/api/v1/chat/completions "HTTP/1.1 200 OK"
2026-06-21 20:36:03 | INFO    | httpx | HTTP Request: POST https://openrouter.ai/api/v1/chat/completions "HTTP/1.1 200 OK"
2026-06-21 20:36:03 | INFO    | httpx | HTTP Request: POST https://openrouter.ai/api/v1/chat/completions "HTTP/1.1 200 OK"
2026-06-21 20:36:03 | INFO    | httpx | HTTP Request: POST https://openrouter.ai/api/v1/chat/completions "HTTP/1.1 200 OK"
2026-06-21 20:36:03 | INFO    | httpx | HTTP Request: POST https://openrouter.ai/api/v1/chat/completions "HTTP/1.1 200 OK"
2026-06-21 20:36:04 | INFO    | httpx | HTTP Request: POST https://openrouter.ai/api/v1/chat/completions "HTTP/1.1 200 OK"
2026-06-21 20:36:04 | INFO    | httpx | HTTP Request: POST https://openrouter.ai/api/v1/chat/completions "HTTP/1.1 200 OK"
2026-06-21 20:36:04 | INFO    | httpx | HTTP Request: POST https://openrouter.ai/api/v1/chat/completions "HTTP/1.1 200 OK"
2026-06-21 20:36:04 | INFO    | httpx | HTTP Request: POST https://openrouter.ai/api/v1/chat/completions "HTTP/1.1 200 OK"
2026-06-21 20:36:04 | INFO    | httpx | HTTP Request: POST https://openrouter.ai/api/v1/chat/completions "HTTP/1.1 200 OK"
2026-06-21 20:36:04 | INFO    | httpx | HTTP Request: POST https://openrouter.ai/api/v1/chat/completions "HTTP/1.1 200 OK"
2026-06-21 20:36:04 | INFO    | httpx | HTTP Request: POST https://openrouter.ai/api/v1/chat/completions "HTTP/1.1 200 OK"
2026-06-21 20:36:04 | INFO    | httpx | HTTP Request: POST https://openrouter.ai/api/v1/chat/completions "HTTP/1.1 200 OK"
2026-06-21 20:36:04 | INFO    | httpx | HTTP Request: POST https://openrouter.ai/api/v1/chat/completions "HTTP/1.1 200 OK"
2026-06-21 20:36:04 | INFO    | httpx | HTTP Request: POST https://openrouter.ai/api/v1/chat/completions "HTTP/1.1 200 OK"
2026-06-21 20:36:05 | INFO    | httpx | HTTP Request: POST https://openrouter.ai/api/v1/chat/completions "HTTP/1.1 200 OK"
2026-06-21 20:36:05 | INFO    | httpx | HTTP Request: POST https://openrouter.ai/api/v1/chat/completions "HTTP/1.1 200 OK"
2026-06-21 20:36:05 | INFO    | httpx | HTTP Request: POST https://openrouter.ai/api/v1/chat/completions "HTTP/1.1 200 OK"
2026-06-21 20:36:05 | INFO    | httpx | HTTP Request: POST https://openrouter.ai/api/v1/chat/completions "HTTP/1.1 200 OK"
2026-06-21 20:36:05 | INFO    | httpx | HTTP Request: POST https://openrouter.ai/api/v1/chat/completions "HTTP/1.1 200 OK"
2026-06-21 20:36:05 | INFO    | httpx | HTTP Request: POST https://openrouter.ai/api/v1/chat/completions "HTTP/1.1 200 OK"
2026-06-21 20:36:05 | INFO    | httpx | HTTP Request: POST https://openrouter.ai/api/v1/chat/completions "HTTP/1.1 200 OK"
2026-06-21 20:36:05 | INFO    | httpx | HTTP Request: POST https://openrouter.ai/api/v1/chat/completions "HTTP/1.1 200 OK"
2026-06-21 20:36:06 | INFO    | httpx | HTTP Request: POST https://openrouter.ai/api/v1/chat/completions "HTTP/1.1 200 OK"
2026-06-21 20:36:06 | INFO    | httpx | HTTP Request: POST https://openrouter.ai/api/v1/chat/completions "HTTP/1.1 200 OK"
2026-06-21 20:36:06 | INFO    | httpx | HTTP Request: POST https://openrouter.ai/api/v1/chat/completions "HTTP/1.1 200 OK"
2026-06-21 20:36:06 | INFO    | httpx | HTTP Request: POST https://openrouter.ai/api/v1/chat/completions "HTTP/1.1 200 OK"
2026-06-21 20:36:06 | INFO    | httpx | HTTP Request: POST https://openrouter.ai/api/v1/chat/completions "HTTP/1.1 200 OK"
2026-06-21 20:36:06 | INFO    | httpx | HTTP Request: POST https://openrouter.ai/api/v1/chat/completions "HTTP/1.1 200 OK"
2026-06-21 20:36:06 | INFO    | httpx | HTTP Request: POST https://openrouter.ai/api/v1/chat/completions "HTTP/1.1 200 OK"
2026-06-21 20:36:06 | INFO    | httpx | HTTP Request: POST https://openrouter.ai/api/v1/chat/completions "HTTP/1.1 200 OK"
2026-06-21 20:36:06 | INFO    | httpx | HTTP Request: POST https://openrouter.ai/api/v1/chat/completions "HTTP/1.1 200 OK"
2026-06-21 20:36:06 | INFO    | httpx | HTTP Request: POST https://openrouter.ai/api/v1/chat/completions "HTTP/1.1 200 OK"
2026-06-21 20:36:06 | INFO    | httpx | HTTP Request: POST https://openrouter.ai/api/v1/chat/completions "HTTP/1.1 200 OK"
2026-06-21 20:36:06 | INFO    | httpx | HTTP Request: POST https://openrouter.ai/api/v1/chat/completions "HTTP/1.1 200 OK"
2026-06-21 20:36:07 | INFO    | httpx | HTTP Request: POST https://openrouter.ai/api/v1/chat/completions "HTTP/1.1 200 OK"
2026-06-21 20:36:07 | INFO    | httpx | HTTP Request: POST https://openrouter.ai/api/v1/chat/completions "HTTP/1.1 200 OK"
2026-06-21 20:36:07 | INFO    | httpx | HTTP Request: POST https://openrouter.ai/api/v1/chat/completions "HTTP/1.1 200 OK"
2026-06-21 20:36:07 | INFO    | httpx | HTTP Request: POST https://openrouter.ai/api/v1/chat/completions "HTTP/1.1 200 OK"
2026-06-21 20:36:07 | INFO    | httpx | HTTP Request: POST https://openrouter.ai/api/v1/chat/completions "HTTP/1.1 200 OK"
2026-06-21 20:36:07 | INFO    | httpx | HTTP Request: POST https://openrouter.ai/api/v1/chat/completions "HTTP/1.1 200 OK"
2026-06-21 20:36:07 | INFO    | httpx | HTTP Request: POST https://openrouter.ai/api/v1/chat/completions "HTTP/1.1 200 OK"
2026-06-21 20:36:07 | INFO    | httpx | HTTP Request: POST https://openrouter.ai/api/v1/chat/completions "HTTP/1.1 200 OK"
2026-06-21 20:36:07 | INFO    | httpx | HTTP Request: POST https://openrouter.ai/api/v1/chat/completions "HTTP/1.1 200 OK"
2026-06-21 20:36:08 | INFO    | httpx | HTTP Request: POST https://openrouter.ai/api/v1/chat/completions "HTTP/1.1 200 OK"
2026-06-21 20:36:08 | INFO    | httpx | HTTP Request: POST https://openrouter.ai/api/v1/chat/completions "HTTP/1.1 200 OK"
2026-06-21 20:36:08 | INFO    | httpx | HTTP Request: POST https://openrouter.ai/api/v1/chat/completions "HTTP/1.1 200 OK"
2026-06-21 20:36:08 | INFO    | httpx | HTTP Request: POST https://openrouter.ai/api/v1/chat/completions "HTTP/1.1 200 OK"
2026-06-21 20:36:08 | INFO    | httpx | HTTP Request: POST https://openrouter.ai/api/v1/chat/completions "HTTP/1.1 200 OK"
2026-06-21 20:36:08 | INFO    | httpx | HTTP Request: POST https://openrouter.ai/api/v1/chat/completions "HTTP/1.1 200 OK"
2026-06-21 20:36:08 | INFO    | httpx | HTTP Request: POST https://openrouter.ai/api/v1/chat/completions "HTTP/1.1 200 OK"
2026-06-21 20:36:08 | INFO    | httpx | HTTP Request: POST https://openrouter.ai/api/v1/chat/completions "HTTP/1.1 200 OK"
2026-06-21 20:36:08 | INFO    | httpx | HTTP Request: POST https://openrouter.ai/api/v1/chat/completions "HTTP/1.1 200 OK"
2026-06-21 20:36:12 | INFO    | httpx | HTTP Request: POST https://openrouter.ai/api/v1/chat/completions "HTTP/1.1 200 OK"
2026-06-21 20:36:12 | INFO    | __main__ |     нейрон 2336 alpha=+231.95: p_yes=0.150 CI=[0.07,0.25] (n=60)
2026-06-21 20:36:12 | INFO    | __main__ | [21/35] нейрон 2336 (explicit) alpha=+463.91 — генерация ...
2026-06-21 20:36:46 | INFO    | __main__ |     ... всего генераций: 1182
2026-06-21 20:37:09 | INFO    | __main__ |     ... всего генераций: 1190
2026-06-21 20:37:43 | INFO    | __main__ |     ... всего генераций: 1202
2026-06-21 20:38:07 | INFO    | __main__ |     ... всего генераций: 1210
2026-06-21 20:38:43 | INFO    | __main__ |     ... всего генераций: 1222
2026-06-21 20:39:06 | INFO    | __main__ |     ... всего генераций: 1230
2026-06-21 20:39:07 | INFO    | httpx | HTTP Request: POST https://openrouter.ai/api/v1/chat/completions "HTTP/1.1 200 OK"
2026-06-21 20:39:07 | INFO    | httpx | HTTP Request: POST https://openrouter.ai/api/v1/chat/completions "HTTP/1.1 200 OK"
2026-06-21 20:39:07 | INFO    | httpx | HTTP Request: POST https://openrouter.ai/api/v1/chat/completions "HTTP/1.1 200 OK"
2026-06-21 20:39:07 | INFO    | httpx | HTTP Request: POST https://openrouter.ai/api/v1/chat/completions "HTTP/1.1 200 OK"
2026-06-21 20:39:07 | INFO    | httpx | HTTP Request: POST https://openrouter.ai/api/v1/chat/completions "HTTP/1.1 200 OK"
2026-06-21 20:39:07 | INFO    | httpx | HTTP Request: POST https://openrouter.ai/api/v1/chat/completions "HTTP/1.1 200 OK"
2026-06-21 20:39:08 | INFO    | httpx | HTTP Request: POST https://openrouter.ai/api/v1/chat/completions "HTTP/1.1 200 OK"
2026-06-21 20:39:08 | INFO    | httpx | HTTP Request: POST https://openrouter.ai/api/v1/chat/completions "HTTP/1.1 200 OK"
2026-06-21 20:39:08 | INFO    | httpx | HTTP Request: POST https://openrouter.ai/api/v1/chat/completions "HTTP/1.1 200 OK"
2026-06-21 20:39:08 | INFO    | httpx | HTTP Request: POST https://openrouter.ai/api/v1/chat/completions "HTTP/1.1 200 OK"
2026-06-21 20:39:08 | INFO    | httpx | HTTP Request: POST https://openrouter.ai/api/v1/chat/completions "HTTP/1.1 200 OK"
2026-06-21 20:39:08 | INFO    | httpx | HTTP Request: POST https://openrouter.ai/api/v1/chat/completions "HTTP/1.1 200 OK"
2026-06-21 20:39:08 | INFO    | httpx | HTTP Request: POST https://openrouter.ai/api/v1/chat/completions "HTTP/1.1 200 OK"
2026-06-21 20:39:08 | INFO    | httpx | HTTP Request: POST https://openrouter.ai/api/v1/chat/completions "HTTP/1.1 200 OK"
2026-06-21 20:39:08 | INFO    | httpx | HTTP Request: POST https://openrouter.ai/api/v1/chat/completions "HTTP/1.1 200 OK"
2026-06-21 20:39:08 | INFO    | httpx | HTTP Request: POST https://openrouter.ai/api/v1/chat/completions "HTTP/1.1 200 OK"
2026-06-21 20:39:08 | INFO    | httpx | HTTP Request: POST https://openrouter.ai/api/v1/chat/completions "HTTP/1.1 200 OK"
2026-06-21 20:39:09 | INFO    | httpx | HTTP Request: POST https://openrouter.ai/api/v1/chat/completions "HTTP/1.1 200 OK"
2026-06-21 20:39:09 | INFO    | httpx | HTTP Request: POST https://openrouter.ai/api/v1/chat/completions "HTTP/1.1 200 OK"
2026-06-21 20:39:09 | INFO    | httpx | HTTP Request: POST https://openrouter.ai/api/v1/chat/completions "HTTP/1.1 200 OK"
2026-06-21 20:39:09 | INFO    | httpx | HTTP Request: POST https://openrouter.ai/api/v1/chat/completions "HTTP/1.1 200 OK"
2026-06-21 20:39:09 | INFO    | httpx | HTTP Request: POST https://openrouter.ai/api/v1/chat/completions "HTTP/1.1 200 OK"
2026-06-21 20:39:09 | INFO    | httpx | HTTP Request: POST https://openrouter.ai/api/v1/chat/completions "HTTP/1.1 200 OK"
2026-06-21 20:39:09 | INFO    | httpx | HTTP Request: POST https://openrouter.ai/api/v1/chat/completions "HTTP/1.1 200 OK"
2026-06-21 20:39:09 | INFO    | httpx | HTTP Request: POST https://openrouter.ai/api/v1/chat/completions "HTTP/1.1 200 OK"
2026-06-21 20:39:09 | INFO    | httpx | HTTP Request: POST https://openrouter.ai/api/v1/chat/completions "HTTP/1.1 200 OK"
2026-06-21 20:39:10 | INFO    | httpx | HTTP Request: POST https://openrouter.ai/api/v1/chat/completions "HTTP/1.1 200 OK"
2026-06-21 20:39:10 | INFO    | httpx | HTTP Request: POST https://openrouter.ai/api/v1/chat/completions "HTTP/1.1 200 OK"
2026-06-21 20:39:10 | INFO    | httpx | HTTP Request: POST https://openrouter.ai/api/v1/chat/completions "HTTP/1.1 200 OK"
2026-06-21 20:39:10 | INFO    | httpx | HTTP Request: POST https://openrouter.ai/api/v1/chat/completions "HTTP/1.1 200 OK"
2026-06-21 20:39:10 | INFO    | httpx | HTTP Request: POST https://openrouter.ai/api/v1/chat/completions "HTTP/1.1 200 OK"
2026-06-21 20:39:10 | INFO    | httpx | HTTP Request: POST https://openrouter.ai/api/v1/chat/completions "HTTP/1.1 200 OK"
2026-06-21 20:39:10 | INFO    | httpx | HTTP Request: POST https://openrouter.ai/api/v1/chat/completions "HTTP/1.1 200 OK"
2026-06-21 20:39:10 | INFO    | httpx | HTTP Request: POST https://openrouter.ai/api/v1/chat/completions "HTTP/1.1 200 OK"
2026-06-21 20:39:10 | INFO    | httpx | HTTP Request: POST https://openrouter.ai/api/v1/chat/completions "HTTP/1.1 200 OK"
2026-06-21 20:39:10 | INFO    | httpx | HTTP Request: POST https://openrouter.ai/api/v1/chat/completions "HTTP/1.1 200 OK"
2026-06-21 20:39:10 | INFO    | httpx | HTTP Request: POST https://openrouter.ai/api/v1/chat/completions "HTTP/1.1 200 OK"
2026-06-21 20:39:10 | INFO    | httpx | HTTP Request: POST https://openrouter.ai/api/v1/chat/completions "HTTP/1.1 200 OK"
2026-06-21 20:39:10 | INFO    | httpx | HTTP Request: POST https://openrouter.ai/api/v1/chat/completions "HTTP/1.1 200 OK"
2026-06-21 20:39:11 | INFO    | httpx | HTTP Request: POST https://openrouter.ai/api/v1/chat/completions "HTTP/1.1 200 OK"
2026-06-21 20:39:11 | INFO    | httpx | HTTP Request: POST https://openrouter.ai/api/v1/chat/completions "HTTP/1.1 200 OK"
2026-06-21 20:39:11 | INFO    | httpx | HTTP Request: POST https://openrouter.ai/api/v1/chat/completions "HTTP/1.1 200 OK"
2026-06-21 20:39:11 | INFO    | httpx | HTTP Request: POST https://openrouter.ai/api/v1/chat/completions "HTTP/1.1 200 OK"
2026-06-21 20:39:11 | INFO    | httpx | HTTP Request: POST https://openrouter.ai/api/v1/chat/completions "HTTP/1.1 200 OK"
2026-06-21 20:39:11 | INFO    | httpx | HTTP Request: POST https://openrouter.ai/api/v1/chat/completions "HTTP/1.1 200 OK"
2026-06-21 20:39:11 | INFO    | httpx | HTTP Request: POST https://openrouter.ai/api/v1/chat/completions "HTTP/1.1 200 OK"
2026-06-21 20:39:11 | INFO    | httpx | HTTP Request: POST https://openrouter.ai/api/v1/chat/completions "HTTP/1.1 200 OK"
2026-06-21 20:39:11 | INFO    | httpx | HTTP Request: POST https://openrouter.ai/api/v1/chat/completions "HTTP/1.1 200 OK"
2026-06-21 20:39:11 | INFO    | httpx | HTTP Request: POST https://openrouter.ai/api/v1/chat/completions "HTTP/1.1 200 OK"
2026-06-21 20:39:12 | INFO    | httpx | HTTP Request: POST https://openrouter.ai/api/v1/chat/completions "HTTP/1.1 200 OK"
2026-06-21 20:39:12 | INFO    | httpx | HTTP Request: POST https://openrouter.ai/api/v1/chat/completions "HTTP/1.1 200 OK"
2026-06-21 20:39:12 | INFO    | httpx | HTTP Request: POST https://openrouter.ai/api/v1/chat/completions "HTTP/1.1 200 OK"
2026-06-21 20:39:12 | INFO    | httpx | HTTP Request: POST https://openrouter.ai/api/v1/chat/completions "HTTP/1.1 200 OK"
2026-06-21 20:39:12 | INFO    | httpx | HTTP Request: POST https://openrouter.ai/api/v1/chat/completions "HTTP/1.1 200 OK"
2026-06-21 20:39:12 | INFO    | httpx | HTTP Request: POST https://openrouter.ai/api/v1/chat/completions "HTTP/1.1 200 OK"
2026-06-21 20:39:12 | INFO    | httpx | HTTP Request: POST https://openrouter.ai/api/v1/chat/completions "HTTP/1.1 200 OK"
2026-06-21 20:39:12 | INFO    | httpx | HTTP Request: POST https://openrouter.ai/api/v1/chat/completions "HTTP/1.1 200 OK"
2026-06-21 20:39:13 | INFO    | httpx | HTTP Request: POST https://openrouter.ai/api/v1/chat/completions "HTTP/1.1 200 OK"
2026-06-21 20:39:13 | INFO    | httpx | HTTP Request: POST https://openrouter.ai/api/v1/chat/completions "HTTP/1.1 200 OK"
2026-06-21 20:39:13 | INFO    | httpx | HTTP Request: POST https://openrouter.ai/api/v1/chat/completions "HTTP/1.1 200 OK"
2026-06-21 20:39:13 | INFO    | __main__ |     нейрон 2336 alpha=+463.91: p_yes=0.000 CI=[0.00,0.00] (n=60)
2026-06-21 20:39:13 | INFO    | __main__ | [22/35] нейрон 6750 (explicit) alpha=-463.91 — генерация ...
2026-06-21 20:39:48 | INFO    | __main__ |     ... всего генераций: 1242
2026-06-21 20:40:11 | INFO    | __main__ |     ... всего генераций: 1250
2026-06-21 20:40:45 | INFO    | __main__ |     ... всего генераций: 1262
2026-06-21 20:41:08 | INFO    | __main__ |     ... всего генераций: 1270
2026-06-21 20:41:42 | INFO    | __main__ |     ... всего генераций: 1282
2026-06-21 20:42:05 | INFO    | __main__ |     ... всего генераций: 1290
2026-06-21 20:42:05 | INFO    | httpx | HTTP Request: POST https://openrouter.ai/api/v1/chat/completions "HTTP/1.1 200 OK"
2026-06-21 20:42:05 | INFO    | httpx | HTTP Request: POST https://openrouter.ai/api/v1/chat/completions "HTTP/1.1 200 OK"
2026-06-21 20:42:06 | INFO    | httpx | HTTP Request: POST https://openrouter.ai/api/v1/chat/completions "HTTP/1.1 200 OK"
2026-06-21 20:42:06 | INFO    | httpx | HTTP Request: POST https://openrouter.ai/api/v1/chat/completions "HTTP/1.1 200 OK"
2026-06-21 20:42:06 | INFO    | httpx | HTTP Request: POST https://openrouter.ai/api/v1/chat/completions "HTTP/1.1 200 OK"
2026-06-21 20:42:06 | INFO    | httpx | HTTP Request: POST https://openrouter.ai/api/v1/chat/completions "HTTP/1.1 200 OK"
2026-06-21 20:42:06 | INFO    | httpx | HTTP Request: POST https://openrouter.ai/api/v1/chat/completions "HTTP/1.1 200 OK"
2026-06-21 20:42:06 | INFO    | httpx | HTTP Request: POST https://openrouter.ai/api/v1/chat/completions "HTTP/1.1 200 OK"
2026-06-21 20:42:06 | INFO    | httpx | HTTP Request: POST https://openrouter.ai/api/v1/chat/completions "HTTP/1.1 200 OK"
2026-06-21 20:42:06 | INFO    | httpx | HTTP Request: POST https://openrouter.ai/api/v1/chat/completions "HTTP/1.1 200 OK"
2026-06-21 20:42:06 | INFO    | httpx | HTTP Request: POST https://openrouter.ai/api/v1/chat/completions "HTTP/1.1 200 OK"
2026-06-21 20:42:06 | INFO    | httpx | HTTP Request: POST https://openrouter.ai/api/v1/chat/completions "HTTP/1.1 200 OK"
2026-06-21 20:42:06 | INFO    | httpx | HTTP Request: POST https://openrouter.ai/api/v1/chat/completions "HTTP/1.1 200 OK"
2026-06-21 20:42:07 | INFO    | httpx | HTTP Request: POST https://openrouter.ai/api/v1/chat/completions "HTTP/1.1 200 OK"
2026-06-21 20:42:07 | INFO    | httpx | HTTP Request: POST https://openrouter.ai/api/v1/chat/completions "HTTP/1.1 200 OK"
2026-06-21 20:42:07 | INFO    | httpx | HTTP Request: POST https://openrouter.ai/api/v1/chat/completions "HTTP/1.1 200 OK"
2026-06-21 20:42:07 | INFO    | httpx | HTTP Request: POST https://openrouter.ai/api/v1/chat/completions "HTTP/1.1 200 OK"
2026-06-21 20:42:07 | INFO    | httpx | HTTP Request: POST https://openrouter.ai/api/v1/chat/completions "HTTP/1.1 200 OK"
2026-06-21 20:42:07 | INFO    | httpx | HTTP Request: POST https://openrouter.ai/api/v1/chat/completions "HTTP/1.1 200 OK"
2026-06-21 20:42:07 | INFO    | httpx | HTTP Request: POST https://openrouter.ai/api/v1/chat/completions "HTTP/1.1 200 OK"
2026-06-21 20:42:07 | INFO    | httpx | HTTP Request: POST https://openrouter.ai/api/v1/chat/completions "HTTP/1.1 200 OK"
2026-06-21 20:42:07 | INFO    | httpx | HTTP Request: POST https://openrouter.ai/api/v1/chat/completions "HTTP/1.1 200 OK"
2026-06-21 20:42:07 | INFO    | httpx | HTTP Request: POST https://openrouter.ai/api/v1/chat/completions "HTTP/1.1 200 OK"
2026-06-21 20:42:08 | INFO    | httpx | HTTP Request: POST https://openrouter.ai/api/v1/chat/completions "HTTP/1.1 400 Bad Request"
2026-06-21 20:42:08 | WARNING | src.interpret | Судья: ошибка на ответе #16: Error code: 400 - {'error': {'message': 'Provider returned error', 'code': 400, 'metadata': {'raw': '{"error":{"message":"The response was filtered due to the prompt triggering Azure OpenAI\'s content management policy. Please modify your prompt and retry. To learn more about our content filtering policies please read our documentation: https://go.microsoft.com/fwlink/?linkid=2198766","type":null,"param":"prompt","code":"content_filter","status":400,"innererror":{"code":"ResponsibleAIPolicyViolation","content_filter_result":{"hate":{"filtered":false,"severity":"safe"},"jailbreak":{"detected":false,"filtered":false},"self_harm":{"filtered":true,"severity":"medium"},"sexual":{"filtered":false,"severity":"safe"},"violence":{"filtered":false,"severity":"safe"}}}}}', 'provider_name': 'Azure', 'is_byok': False, 'previous_errors': [{'code': 403, 'message': 'Provider returned error', 'provider_name': 'OpenAI', 'raw': '{"error":{"code":"unsupported_country_region_territory","message":"Country, region, or territory not supported","param":null,"type":"request_forbidden"}}'}]}}, 'user_id': 'user_3D1saQ7udEkOIGIngw6fRx2sO8l'}
2026-06-21 20:42:08 | INFO    | httpx | HTTP Request: POST https://openrouter.ai/api/v1/chat/completions "HTTP/1.1 200 OK"
2026-06-21 20:42:08 | INFO    | httpx | HTTP Request: POST https://openrouter.ai/api/v1/chat/completions "HTTP/1.1 200 OK"
2026-06-21 20:42:08 | INFO    | httpx | HTTP Request: POST https://openrouter.ai/api/v1/chat/completions "HTTP/1.1 200 OK"
2026-06-21 20:42:08 | INFO    | httpx | HTTP Request: POST https://openrouter.ai/api/v1/chat/completions "HTTP/1.1 200 OK"
2026-06-21 20:42:08 | INFO    | httpx | HTTP Request: POST https://openrouter.ai/api/v1/chat/completions "HTTP/1.1 200 OK"
2026-06-21 20:42:08 | INFO    | httpx | HTTP Request: POST https://openrouter.ai/api/v1/chat/completions "HTTP/1.1 200 OK"
2026-06-21 20:42:08 | INFO    | httpx | HTTP Request: POST https://openrouter.ai/api/v1/chat/completions "HTTP/1.1 200 OK"
2026-06-21 20:42:08 | INFO    | httpx | HTTP Request: POST https://openrouter.ai/api/v1/chat/completions "HTTP/1.1 200 OK"
2026-06-21 20:42:08 | INFO    | httpx | HTTP Request: POST https://openrouter.ai/api/v1/chat/completions "HTTP/1.1 200 OK"
2026-06-21 20:42:09 | INFO    | httpx | HTTP Request: POST https://openrouter.ai/api/v1/chat/completions "HTTP/1.1 200 OK"
2026-06-21 20:42:09 | INFO    | httpx | HTTP Request: POST https://openrouter.ai/api/v1/chat/completions "HTTP/1.1 200 OK"
2026-06-21 20:42:09 | INFO    | httpx | HTTP Request: POST https://openrouter.ai/api/v1/chat/completions "HTTP/1.1 200 OK"
2026-06-21 20:42:09 | INFO    | httpx | HTTP Request: POST https://openrouter.ai/api/v1/chat/completions "HTTP/1.1 200 OK"
2026-06-21 20:42:09 | INFO    | httpx | HTTP Request: POST https://openrouter.ai/api/v1/chat/completions "HTTP/1.1 200 OK"
2026-06-21 20:42:09 | INFO    | httpx | HTTP Request: POST https://openrouter.ai/api/v1/chat/completions "HTTP/1.1 200 OK"
2026-06-21 20:42:09 | INFO    | httpx | HTTP Request: POST https://openrouter.ai/api/v1/chat/completions "HTTP/1.1 200 OK"
2026-06-21 20:42:09 | INFO    | httpx | HTTP Request: POST https://openrouter.ai/api/v1/chat/completions "HTTP/1.1 200 OK"
2026-06-21 20:42:09 | INFO    | httpx | HTTP Request: POST https://openrouter.ai/api/v1/chat/completions "HTTP/1.1 200 OK"
2026-06-21 20:42:09 | INFO    | httpx | HTTP Request: POST https://openrouter.ai/api/v1/chat/completions "HTTP/1.1 200 OK"
2026-06-21 20:42:09 | INFO    | httpx | HTTP Request: POST https://openrouter.ai/api/v1/chat/completions "HTTP/1.1 200 OK"
2026-06-21 20:42:10 | INFO    | httpx | HTTP Request: POST https://openrouter.ai/api/v1/chat/completions "HTTP/1.1 200 OK"
2026-06-21 20:42:10 | INFO    | httpx | HTTP Request: POST https://openrouter.ai/api/v1/chat/completions "HTTP/1.1 200 OK"
2026-06-21 20:42:10 | INFO    | httpx | HTTP Request: POST https://openrouter.ai/api/v1/chat/completions "HTTP/1.1 200 OK"
2026-06-21 20:42:10 | INFO    | httpx | HTTP Request: POST https://openrouter.ai/api/v1/chat/completions "HTTP/1.1 200 OK"
2026-06-21 20:42:10 | INFO    | httpx | HTTP Request: POST https://openrouter.ai/api/v1/chat/completions "HTTP/1.1 200 OK"
2026-06-21 20:42:10 | INFO    | httpx | HTTP Request: POST https://openrouter.ai/api/v1/chat/completions "HTTP/1.1 200 OK"
2026-06-21 20:42:10 | INFO    | httpx | HTTP Request: POST https://openrouter.ai/api/v1/chat/completions "HTTP/1.1 200 OK"
2026-06-21 20:42:10 | INFO    | httpx | HTTP Request: POST https://openrouter.ai/api/v1/chat/completions "HTTP/1.1 200 OK"
2026-06-21 20:42:10 | INFO    | httpx | HTTP Request: POST https://openrouter.ai/api/v1/chat/completions "HTTP/1.1 200 OK"
2026-06-21 20:42:10 | INFO    | httpx | HTTP Request: POST https://openrouter.ai/api/v1/chat/completions "HTTP/1.1 200 OK"
2026-06-21 20:42:11 | INFO    | httpx | HTTP Request: POST https://openrouter.ai/api/v1/chat/completions "HTTP/1.1 200 OK"
2026-06-21 20:42:11 | INFO    | httpx | HTTP Request: POST https://openrouter.ai/api/v1/chat/completions "HTTP/1.1 200 OK"
2026-06-21 20:42:11 | INFO    | httpx | HTTP Request: POST https://openrouter.ai/api/v1/chat/completions "HTTP/1.1 200 OK"
2026-06-21 20:42:11 | INFO    | httpx | HTTP Request: POST https://openrouter.ai/api/v1/chat/completions "HTTP/1.1 200 OK"
2026-06-21 20:42:11 | INFO    | httpx | HTTP Request: POST https://openrouter.ai/api/v1/chat/completions "HTTP/1.1 200 OK"
2026-06-21 20:42:11 | INFO    | httpx | HTTP Request: POST https://openrouter.ai/api/v1/chat/completions "HTTP/1.1 200 OK"
2026-06-21 20:42:12 | INFO    | __main__ |     нейрон 6750 alpha=-463.91: p_yes=0.083 CI=[0.02,0.17] (n=60)
2026-06-21 20:42:12 | INFO    | __main__ | [23/35] нейрон 6750 (explicit) alpha=-231.95 — генерация ...
2026-06-21 20:42:46 | INFO    | __main__ |     ... всего генераций: 1302
2026-06-21 20:43:14 | INFO    | __main__ |     ... всего генераций: 1310
2026-06-21 20:43:51 | INFO    | __main__ |     ... всего генераций: 1322
2026-06-21 20:44:14 | INFO    | __main__ |     ... всего генераций: 1330
2026-06-21 20:44:47 | INFO    | __main__ |     ... всего генераций: 1342
2026-06-21 20:45:09 | INFO    | __main__ |     ... всего генераций: 1350
2026-06-21 20:45:10 | INFO    | httpx | HTTP Request: POST https://openrouter.ai/api/v1/chat/completions "HTTP/1.1 200 OK"
2026-06-21 20:45:10 | INFO    | httpx | HTTP Request: POST https://openrouter.ai/api/v1/chat/completions "HTTP/1.1 200 OK"
2026-06-21 20:45:10 | INFO    | httpx | HTTP Request: POST https://openrouter.ai/api/v1/chat/completions "HTTP/1.1 200 OK"
2026-06-21 20:45:10 | INFO    | httpx | HTTP Request: POST https://openrouter.ai/api/v1/chat/completions "HTTP/1.1 200 OK"
2026-06-21 20:45:10 | INFO    | httpx | HTTP Request: POST https://openrouter.ai/api/v1/chat/completions "HTTP/1.1 200 OK"
2026-06-21 20:45:10 | INFO    | httpx | HTTP Request: POST https://openrouter.ai/api/v1/chat/completions "HTTP/1.1 200 OK"
2026-06-21 20:45:10 | INFO    | httpx | HTTP Request: POST https://openrouter.ai/api/v1/chat/completions "HTTP/1.1 200 OK"
2026-06-21 20:45:10 | INFO    | httpx | HTTP Request: POST https://openrouter.ai/api/v1/chat/completions "HTTP/1.1 200 OK"
2026-06-21 20:45:11 | INFO    | httpx | HTTP Request: POST https://openrouter.ai/api/v1/chat/completions "HTTP/1.1 200 OK"
2026-06-21 20:45:11 | INFO    | httpx | HTTP Request: POST https://openrouter.ai/api/v1/chat/completions "HTTP/1.1 200 OK"
2026-06-21 20:45:11 | INFO    | httpx | HTTP Request: POST https://openrouter.ai/api/v1/chat/completions "HTTP/1.1 200 OK"
2026-06-21 20:45:11 | INFO    | httpx | HTTP Request: POST https://openrouter.ai/api/v1/chat/completions "HTTP/1.1 200 OK"
2026-06-21 20:45:11 | INFO    | httpx | HTTP Request: POST https://openrouter.ai/api/v1/chat/completions "HTTP/1.1 200 OK"
2026-06-21 20:45:11 | INFO    | httpx | HTTP Request: POST https://openrouter.ai/api/v1/chat/completions "HTTP/1.1 200 OK"
2026-06-21 20:45:11 | INFO    | httpx | HTTP Request: POST https://openrouter.ai/api/v1/chat/completions "HTTP/1.1 200 OK"
2026-06-21 20:45:11 | INFO    | httpx | HTTP Request: POST https://openrouter.ai/api/v1/chat/completions "HTTP/1.1 200 OK"
2026-06-21 20:45:11 | INFO    | httpx | HTTP Request: POST https://openrouter.ai/api/v1/chat/completions "HTTP/1.1 200 OK"
2026-06-21 20:45:12 | INFO    | httpx | HTTP Request: POST https://openrouter.ai/api/v1/chat/completions "HTTP/1.1 200 OK"
2026-06-21 20:45:12 | INFO    | httpx | HTTP Request: POST https://openrouter.ai/api/v1/chat/completions "HTTP/1.1 200 OK"
2026-06-21 20:45:12 | INFO    | httpx | HTTP Request: POST https://openrouter.ai/api/v1/chat/completions "HTTP/1.1 200 OK"
2026-06-21 20:45:12 | INFO    | httpx | HTTP Request: POST https://openrouter.ai/api/v1/chat/completions "HTTP/1.1 200 OK"
2026-06-21 20:45:12 | INFO    | httpx | HTTP Request: POST https://openrouter.ai/api/v1/chat/completions "HTTP/1.1 200 OK"
2026-06-21 20:45:12 | INFO    | httpx | HTTP Request: POST https://openrouter.ai/api/v1/chat/completions "HTTP/1.1 200 OK"
2026-06-21 20:45:12 | INFO    | httpx | HTTP Request: POST https://openrouter.ai/api/v1/chat/completions "HTTP/1.1 200 OK"
2026-06-21 20:45:12 | INFO    | httpx | HTTP Request: POST https://openrouter.ai/api/v1/chat/completions "HTTP/1.1 200 OK"
2026-06-21 20:45:12 | INFO    | httpx | HTTP Request: POST https://openrouter.ai/api/v1/chat/completions "HTTP/1.1 200 OK"
2026-06-21 20:45:12 | INFO    | httpx | HTTP Request: POST https://openrouter.ai/api/v1/chat/completions "HTTP/1.1 200 OK"
2026-06-21 20:45:12 | INFO    | httpx | HTTP Request: POST https://openrouter.ai/api/v1/chat/completions "HTTP/1.1 200 OK"
2026-06-21 20:45:13 | INFO    | httpx | HTTP Request: POST https://openrouter.ai/api/v1/chat/completions "HTTP/1.1 200 OK"
2026-06-21 20:45:13 | INFO    | httpx | HTTP Request: POST https://openrouter.ai/api/v1/chat/completions "HTTP/1.1 200 OK"
2026-06-21 20:45:13 | INFO    | httpx | HTTP Request: POST https://openrouter.ai/api/v1/chat/completions "HTTP/1.1 200 OK"
2026-06-21 20:45:13 | INFO    | httpx | HTTP Request: POST https://openrouter.ai/api/v1/chat/completions "HTTP/1.1 200 OK"
2026-06-21 20:45:13 | INFO    | httpx | HTTP Request: POST https://openrouter.ai/api/v1/chat/completions "HTTP/1.1 200 OK"
2026-06-21 20:45:13 | INFO    | httpx | HTTP Request: POST https://openrouter.ai/api/v1/chat/completions "HTTP/1.1 200 OK"
2026-06-21 20:45:13 | INFO    | httpx | HTTP Request: POST https://openrouter.ai/api/v1/chat/completions "HTTP/1.1 200 OK"
2026-06-21 20:45:13 | INFO    | httpx | HTTP Request: POST https://openrouter.ai/api/v1/chat/completions "HTTP/1.1 200 OK"
2026-06-21 20:45:14 | INFO    | httpx | HTTP Request: POST https://openrouter.ai/api/v1/chat/completions "HTTP/1.1 200 OK"
2026-06-21 20:45:14 | INFO    | httpx | HTTP Request: POST https://openrouter.ai/api/v1/chat/completions "HTTP/1.1 200 OK"
2026-06-21 20:45:14 | INFO    | httpx | HTTP Request: POST https://openrouter.ai/api/v1/chat/completions "HTTP/1.1 200 OK"
2026-06-21 20:45:14 | INFO    | httpx | HTTP Request: POST https://openrouter.ai/api/v1/chat/completions "HTTP/1.1 200 OK"
2026-06-21 20:45:14 | INFO    | httpx | HTTP Request: POST https://openrouter.ai/api/v1/chat/completions "HTTP/1.1 200 OK"
2026-06-21 20:45:14 | INFO    | httpx | HTTP Request: POST https://openrouter.ai/api/v1/chat/completions "HTTP/1.1 200 OK"
2026-06-21 20:45:14 | INFO    | httpx | HTTP Request: POST https://openrouter.ai/api/v1/chat/completions "HTTP/1.1 200 OK"
2026-06-21 20:45:14 | INFO    | httpx | HTTP Request: POST https://openrouter.ai/api/v1/chat/completions "HTTP/1.1 200 OK"
2026-06-21 20:45:14 | INFO    | httpx | HTTP Request: POST https://openrouter.ai/api/v1/chat/completions "HTTP/1.1 200 OK"
2026-06-21 20:45:14 | INFO    | httpx | HTTP Request: POST https://openrouter.ai/api/v1/chat/completions "HTTP/1.1 200 OK"
2026-06-21 20:45:15 | INFO    | httpx | HTTP Request: POST https://openrouter.ai/api/v1/chat/completions "HTTP/1.1 200 OK"
2026-06-21 20:45:15 | INFO    | httpx | HTTP Request: POST https://openrouter.ai/api/v1/chat/completions "HTTP/1.1 200 OK"
2026-06-21 20:45:15 | INFO    | httpx | HTTP Request: POST https://openrouter.ai/api/v1/chat/completions "HTTP/1.1 200 OK"
2026-06-21 20:45:15 | INFO    | httpx | HTTP Request: POST https://openrouter.ai/api/v1/chat/completions "HTTP/1.1 200 OK"
2026-06-21 20:45:15 | INFO    | httpx | HTTP Request: POST https://openrouter.ai/api/v1/chat/completions "HTTP/1.1 200 OK"
2026-06-21 20:45:15 | INFO    | httpx | HTTP Request: POST https://openrouter.ai/api/v1/chat/completions "HTTP/1.1 200 OK"
2026-06-21 20:45:15 | INFO    | httpx | HTTP Request: POST https://openrouter.ai/api/v1/chat/completions "HTTP/1.1 200 OK"
2026-06-21 20:45:15 | INFO    | httpx | HTTP Request: POST https://openrouter.ai/api/v1/chat/completions "HTTP/1.1 200 OK"
2026-06-21 20:45:15 | INFO    | httpx | HTTP Request: POST https://openrouter.ai/api/v1/chat/completions "HTTP/1.1 200 OK"
2026-06-21 20:45:15 | INFO    | httpx | HTTP Request: POST https://openrouter.ai/api/v1/chat/completions "HTTP/1.1 200 OK"
2026-06-21 20:45:15 | INFO    | httpx | HTTP Request: POST https://openrouter.ai/api/v1/chat/completions "HTTP/1.1 200 OK"
2026-06-21 20:45:15 | INFO    | httpx | HTTP Request: POST https://openrouter.ai/api/v1/chat/completions "HTTP/1.1 200 OK"
2026-06-21 20:45:15 | INFO    | httpx | HTTP Request: POST https://openrouter.ai/api/v1/chat/completions "HTTP/1.1 200 OK"
2026-06-21 20:45:17 | INFO    | httpx | HTTP Request: POST https://openrouter.ai/api/v1/chat/completions "HTTP/1.1 200 OK"
2026-06-21 20:45:17 | INFO    | __main__ |     нейрон 6750 alpha=-231.95: p_yes=0.383 CI=[0.27,0.50] (n=60)
2026-06-21 20:45:17 | INFO    | __main__ | [24/35] нейрон 6750 (explicit) alpha=-115.98 — генерация ...
2026-06-21 20:45:52 | INFO    | __main__ |     ... всего генераций: 1362
2026-06-21 20:46:16 | INFO    | __main__ |     ... всего генераций: 1370
2026-06-21 20:46:51 | INFO    | __main__ |     ... всего генераций: 1382
2026-06-21 20:47:15 | INFO    | __main__ |     ... всего генераций: 1390
2026-06-21 20:47:51 | INFO    | __main__ |     ... всего генераций: 1402
2026-06-21 20:48:15 | INFO    | __main__ |     ... всего генераций: 1410
2026-06-21 20:48:16 | INFO    | httpx | HTTP Request: POST https://openrouter.ai/api/v1/chat/completions "HTTP/1.1 200 OK"
2026-06-21 20:48:16 | INFO    | httpx | HTTP Request: POST https://openrouter.ai/api/v1/chat/completions "HTTP/1.1 200 OK"
2026-06-21 20:48:16 | INFO    | httpx | HTTP Request: POST https://openrouter.ai/api/v1/chat/completions "HTTP/1.1 200 OK"
2026-06-21 20:48:16 | INFO    | httpx | HTTP Request: POST https://openrouter.ai/api/v1/chat/completions "HTTP/1.1 200 OK"
2026-06-21 20:48:16 | INFO    | httpx | HTTP Request: POST https://openrouter.ai/api/v1/chat/completions "HTTP/1.1 200 OK"
2026-06-21 20:48:16 | INFO    | httpx | HTTP Request: POST https://openrouter.ai/api/v1/chat/completions "HTTP/1.1 200 OK"
2026-06-21 20:48:16 | INFO    | httpx | HTTP Request: POST https://openrouter.ai/api/v1/chat/completions "HTTP/1.1 200 OK"
2026-06-21 20:48:16 | INFO    | httpx | HTTP Request: POST https://openrouter.ai/api/v1/chat/completions "HTTP/1.1 200 OK"
2026-06-21 20:48:16 | INFO    | httpx | HTTP Request: POST https://openrouter.ai/api/v1/chat/completions "HTTP/1.1 200 OK"
2026-06-21 20:48:16 | INFO    | httpx | HTTP Request: POST https://openrouter.ai/api/v1/chat/completions "HTTP/1.1 200 OK"
2026-06-21 20:48:16 | INFO    | httpx | HTTP Request: POST https://openrouter.ai/api/v1/chat/completions "HTTP/1.1 200 OK"
2026-06-21 20:48:16 | INFO    | httpx | HTTP Request: POST https://openrouter.ai/api/v1/chat/completions "HTTP/1.1 200 OK"
2026-06-21 20:48:17 | INFO    | httpx | HTTP Request: POST https://openrouter.ai/api/v1/chat/completions "HTTP/1.1 200 OK"
2026-06-21 20:48:17 | INFO    | httpx | HTTP Request: POST https://openrouter.ai/api/v1/chat/completions "HTTP/1.1 200 OK"
2026-06-21 20:48:17 | INFO    | httpx | HTTP Request: POST https://openrouter.ai/api/v1/chat/completions "HTTP/1.1 200 OK"
2026-06-21 20:48:17 | INFO    | httpx | HTTP Request: POST https://openrouter.ai/api/v1/chat/completions "HTTP/1.1 200 OK"
2026-06-21 20:48:17 | INFO    | httpx | HTTP Request: POST https://openrouter.ai/api/v1/chat/completions "HTTP/1.1 200 OK"
2026-06-21 20:48:17 | INFO    | httpx | HTTP Request: POST https://openrouter.ai/api/v1/chat/completions "HTTP/1.1 200 OK"
2026-06-21 20:48:17 | INFO    | httpx | HTTP Request: POST https://openrouter.ai/api/v1/chat/completions "HTTP/1.1 200 OK"
2026-06-21 20:48:17 | INFO    | httpx | HTTP Request: POST https://openrouter.ai/api/v1/chat/completions "HTTP/1.1 200 OK"
2026-06-21 20:48:17 | INFO    | httpx | HTTP Request: POST https://openrouter.ai/api/v1/chat/completions "HTTP/1.1 200 OK"
2026-06-21 20:48:17 | INFO    | httpx | HTTP Request: POST https://openrouter.ai/api/v1/chat/completions "HTTP/1.1 200 OK"
2026-06-21 20:48:17 | INFO    | httpx | HTTP Request: POST https://openrouter.ai/api/v1/chat/completions "HTTP/1.1 200 OK"
2026-06-21 20:48:18 | INFO    | httpx | HTTP Request: POST https://openrouter.ai/api/v1/chat/completions "HTTP/1.1 200 OK"
2026-06-21 20:48:18 | INFO    | httpx | HTTP Request: POST https://openrouter.ai/api/v1/chat/completions "HTTP/1.1 200 OK"
2026-06-21 20:48:18 | INFO    | httpx | HTTP Request: POST https://openrouter.ai/api/v1/chat/completions "HTTP/1.1 200 OK"
2026-06-21 20:48:18 | INFO    | httpx | HTTP Request: POST https://openrouter.ai/api/v1/chat/completions "HTTP/1.1 200 OK"
2026-06-21 20:48:18 | INFO    | httpx | HTTP Request: POST https://openrouter.ai/api/v1/chat/completions "HTTP/1.1 200 OK"
2026-06-21 20:48:18 | INFO    | httpx | HTTP Request: POST https://openrouter.ai/api/v1/chat/completions "HTTP/1.1 200 OK"
2026-06-21 20:48:18 | INFO    | httpx | HTTP Request: POST https://openrouter.ai/api/v1/chat/completions "HTTP/1.1 200 OK"
2026-06-21 20:48:18 | INFO    | httpx | HTTP Request: POST https://openrouter.ai/api/v1/chat/completions "HTTP/1.1 200 OK"
2026-06-21 20:48:18 | INFO    | httpx | HTTP Request: POST https://openrouter.ai/api/v1/chat/completions "HTTP/1.1 200 OK"
2026-06-21 20:48:18 | INFO    | httpx | HTTP Request: POST https://openrouter.ai/api/v1/chat/completions "HTTP/1.1 200 OK"
2026-06-21 20:48:19 | INFO    | httpx | HTTP Request: POST https://openrouter.ai/api/v1/chat/completions "HTTP/1.1 200 OK"
2026-06-21 20:48:19 | INFO    | httpx | HTTP Request: POST https://openrouter.ai/api/v1/chat/completions "HTTP/1.1 200 OK"
2026-06-21 20:48:19 | INFO    | httpx | HTTP Request: POST https://openrouter.ai/api/v1/chat/completions "HTTP/1.1 200 OK"
2026-06-21 20:48:19 | INFO    | httpx | HTTP Request: POST https://openrouter.ai/api/v1/chat/completions "HTTP/1.1 200 OK"
2026-06-21 20:48:19 | INFO    | httpx | HTTP Request: POST https://openrouter.ai/api/v1/chat/completions "HTTP/1.1 200 OK"
2026-06-21 20:48:19 | INFO    | httpx | HTTP Request: POST https://openrouter.ai/api/v1/chat/completions "HTTP/1.1 200 OK"
2026-06-21 20:48:19 | INFO    | httpx | HTTP Request: POST https://openrouter.ai/api/v1/chat/completions "HTTP/1.1 200 OK"
2026-06-21 20:48:19 | INFO    | httpx | HTTP Request: POST https://openrouter.ai/api/v1/chat/completions "HTTP/1.1 200 OK"
2026-06-21 20:48:19 | INFO    | httpx | HTTP Request: POST https://openrouter.ai/api/v1/chat/completions "HTTP/1.1 200 OK"
2026-06-21 20:48:19 | INFO    | httpx | HTTP Request: POST https://openrouter.ai/api/v1/chat/completions "HTTP/1.1 200 OK"
2026-06-21 20:48:19 | INFO    | httpx | HTTP Request: POST https://openrouter.ai/api/v1/chat/completions "HTTP/1.1 200 OK"
2026-06-21 20:48:19 | INFO    | httpx | HTTP Request: POST https://openrouter.ai/api/v1/chat/completions "HTTP/1.1 200 OK"
2026-06-21 20:48:20 | INFO    | httpx | HTTP Request: POST https://openrouter.ai/api/v1/chat/completions "HTTP/1.1 200 OK"
2026-06-21 20:48:20 | INFO    | httpx | HTTP Request: POST https://openrouter.ai/api/v1/chat/completions "HTTP/1.1 200 OK"
2026-06-21 20:48:20 | INFO    | httpx | HTTP Request: POST https://openrouter.ai/api/v1/chat/completions "HTTP/1.1 200 OK"
2026-06-21 20:48:20 | INFO    | httpx | HTTP Request: POST https://openrouter.ai/api/v1/chat/completions "HTTP/1.1 200 OK"
2026-06-21 20:48:20 | INFO    | httpx | HTTP Request: POST https://openrouter.ai/api/v1/chat/completions "HTTP/1.1 200 OK"
2026-06-21 20:48:20 | INFO    | httpx | HTTP Request: POST https://openrouter.ai/api/v1/chat/completions "HTTP/1.1 200 OK"
2026-06-21 20:48:20 | INFO    | httpx | HTTP Request: POST https://openrouter.ai/api/v1/chat/completions "HTTP/1.1 200 OK"
2026-06-21 20:48:20 | INFO    | httpx | HTTP Request: POST https://openrouter.ai/api/v1/chat/completions "HTTP/1.1 200 OK"
2026-06-21 20:48:20 | INFO    | httpx | HTTP Request: POST https://openrouter.ai/api/v1/chat/completions "HTTP/1.1 200 OK"
2026-06-21 20:48:21 | INFO    | httpx | HTTP Request: POST https://openrouter.ai/api/v1/chat/completions "HTTP/1.1 200 OK"
2026-06-21 20:48:21 | INFO    | httpx | HTTP Request: POST https://openrouter.ai/api/v1/chat/completions "HTTP/1.1 200 OK"
2026-06-21 20:48:21 | INFO    | httpx | HTTP Request: POST https://openrouter.ai/api/v1/chat/completions "HTTP/1.1 200 OK"
2026-06-21 20:48:21 | INFO    | httpx | HTTP Request: POST https://openrouter.ai/api/v1/chat/completions "HTTP/1.1 200 OK"
2026-06-21 20:48:21 | INFO    | httpx | HTTP Request: POST https://openrouter.ai/api/v1/chat/completions "HTTP/1.1 200 OK"
2026-06-21 20:48:21 | INFO    | httpx | HTTP Request: POST https://openrouter.ai/api/v1/chat/completions "HTTP/1.1 200 OK"
2026-06-21 20:48:21 | INFO    | __main__ |     нейрон 6750 alpha=-115.98: p_yes=0.467 CI=[0.35,0.60] (n=60)
2026-06-21 20:48:21 | INFO    | __main__ |     нейрон 6750 alpha=+0.00: p_yes=0.417 CI=[0.30,0.53] (n=60)
2026-06-21 20:48:21 | INFO    | __main__ | [26/35] нейрон 6750 (explicit) alpha=+115.98 — генерация ...
2026-06-21 20:48:57 | INFO    | __main__ |     ... всего генераций: 1422
2026-06-21 20:49:19 | INFO    | __main__ |     ... всего генераций: 1430
2026-06-21 20:49:55 | INFO    | __main__ |     ... всего генераций: 1442
2026-06-21 20:50:18 | INFO    | __main__ |     ... всего генераций: 1450
2026-06-21 20:50:54 | INFO    | __main__ |     ... всего генераций: 1462
2026-06-21 20:51:16 | INFO    | __main__ |     ... всего генераций: 1470
2026-06-21 20:51:17 | INFO    | httpx | HTTP Request: POST https://openrouter.ai/api/v1/chat/completions "HTTP/1.1 200 OK"
2026-06-21 20:51:17 | INFO    | httpx | HTTP Request: POST https://openrouter.ai/api/v1/chat/completions "HTTP/1.1 200 OK"
2026-06-21 20:51:17 | INFO    | httpx | HTTP Request: POST https://openrouter.ai/api/v1/chat/completions "HTTP/1.1 200 OK"
2026-06-21 20:51:17 | INFO    | httpx | HTTP Request: POST https://openrouter.ai/api/v1/chat/completions "HTTP/1.1 200 OK"
2026-06-21 20:51:18 | INFO    | httpx | HTTP Request: POST https://openrouter.ai/api/v1/chat/completions "HTTP/1.1 200 OK"
2026-06-21 20:51:18 | INFO    | httpx | HTTP Request: POST https://openrouter.ai/api/v1/chat/completions "HTTP/1.1 200 OK"
2026-06-21 20:51:18 | INFO    | httpx | HTTP Request: POST https://openrouter.ai/api/v1/chat/completions "HTTP/1.1 200 OK"
2026-06-21 20:51:18 | INFO    | httpx | HTTP Request: POST https://openrouter.ai/api/v1/chat/completions "HTTP/1.1 200 OK"
2026-06-21 20:51:18 | INFO    | httpx | HTTP Request: POST https://openrouter.ai/api/v1/chat/completions "HTTP/1.1 200 OK"
2026-06-21 20:51:18 | INFO    | httpx | HTTP Request: POST https://openrouter.ai/api/v1/chat/completions "HTTP/1.1 200 OK"
2026-06-21 20:51:18 | INFO    | httpx | HTTP Request: POST https://openrouter.ai/api/v1/chat/completions "HTTP/1.1 200 OK"
2026-06-21 20:51:18 | INFO    | httpx | HTTP Request: POST https://openrouter.ai/api/v1/chat/completions "HTTP/1.1 200 OK"
2026-06-21 20:51:18 | INFO    | httpx | HTTP Request: POST https://openrouter.ai/api/v1/chat/completions "HTTP/1.1 200 OK"
2026-06-21 20:51:18 | INFO    | httpx | HTTP Request: POST https://openrouter.ai/api/v1/chat/completions "HTTP/1.1 200 OK"
2026-06-21 20:51:18 | INFO    | httpx | HTTP Request: POST https://openrouter.ai/api/v1/chat/completions "HTTP/1.1 200 OK"
2026-06-21 20:51:19 | INFO    | httpx | HTTP Request: POST https://openrouter.ai/api/v1/chat/completions "HTTP/1.1 200 OK"
2026-06-21 20:51:19 | INFO    | httpx | HTTP Request: POST https://openrouter.ai/api/v1/chat/completions "HTTP/1.1 200 OK"
2026-06-21 20:51:19 | INFO    | httpx | HTTP Request: POST https://openrouter.ai/api/v1/chat/completions "HTTP/1.1 200 OK"
2026-06-21 20:51:19 | INFO    | httpx | HTTP Request: POST https://openrouter.ai/api/v1/chat/completions "HTTP/1.1 200 OK"
2026-06-21 20:51:19 | INFO    | httpx | HTTP Request: POST https://openrouter.ai/api/v1/chat/completions "HTTP/1.1 200 OK"
2026-06-21 20:51:19 | INFO    | httpx | HTTP Request: POST https://openrouter.ai/api/v1/chat/completions "HTTP/1.1 200 OK"
2026-06-21 20:51:19 | INFO    | httpx | HTTP Request: POST https://openrouter.ai/api/v1/chat/completions "HTTP/1.1 200 OK"
2026-06-21 20:51:19 | INFO    | httpx | HTTP Request: POST https://openrouter.ai/api/v1/chat/completions "HTTP/1.1 200 OK"
2026-06-21 20:51:19 | INFO    | httpx | HTTP Request: POST https://openrouter.ai/api/v1/chat/completions "HTTP/1.1 200 OK"
2026-06-21 20:51:19 | INFO    | httpx | HTTP Request: POST https://openrouter.ai/api/v1/chat/completions "HTTP/1.1 200 OK"
2026-06-21 20:51:20 | INFO    | httpx | HTTP Request: POST https://openrouter.ai/api/v1/chat/completions "HTTP/1.1 200 OK"
2026-06-21 20:51:20 | INFO    | httpx | HTTP Request: POST https://openrouter.ai/api/v1/chat/completions "HTTP/1.1 200 OK"
2026-06-21 20:51:20 | INFO    | httpx | HTTP Request: POST https://openrouter.ai/api/v1/chat/completions "HTTP/1.1 200 OK"
2026-06-21 20:51:20 | INFO    | httpx | HTTP Request: POST https://openrouter.ai/api/v1/chat/completions "HTTP/1.1 200 OK"
2026-06-21 20:51:20 | INFO    | httpx | HTTP Request: POST https://openrouter.ai/api/v1/chat/completions "HTTP/1.1 200 OK"
2026-06-21 20:51:20 | INFO    | httpx | HTTP Request: POST https://openrouter.ai/api/v1/chat/completions "HTTP/1.1 200 OK"
2026-06-21 20:51:20 | INFO    | httpx | HTTP Request: POST https://openrouter.ai/api/v1/chat/completions "HTTP/1.1 200 OK"
2026-06-21 20:51:20 | INFO    | httpx | HTTP Request: POST https://openrouter.ai/api/v1/chat/completions "HTTP/1.1 200 OK"
2026-06-21 20:51:20 | INFO    | httpx | HTTP Request: POST https://openrouter.ai/api/v1/chat/completions "HTTP/1.1 200 OK"
2026-06-21 20:51:20 | INFO    | httpx | HTTP Request: POST https://openrouter.ai/api/v1/chat/completions "HTTP/1.1 200 OK"
2026-06-21 20:51:20 | INFO    | httpx | HTTP Request: POST https://openrouter.ai/api/v1/chat/completions "HTTP/1.1 200 OK"
2026-06-21 20:51:21 | INFO    | httpx | HTTP Request: POST https://openrouter.ai/api/v1/chat/completions "HTTP/1.1 200 OK"
2026-06-21 20:51:21 | INFO    | httpx | HTTP Request: POST https://openrouter.ai/api/v1/chat/completions "HTTP/1.1 200 OK"
2026-06-21 20:51:21 | INFO    | httpx | HTTP Request: POST https://openrouter.ai/api/v1/chat/completions "HTTP/1.1 200 OK"
2026-06-21 20:51:21 | INFO    | httpx | HTTP Request: POST https://openrouter.ai/api/v1/chat/completions "HTTP/1.1 200 OK"
2026-06-21 20:51:21 | INFO    | httpx | HTTP Request: POST https://openrouter.ai/api/v1/chat/completions "HTTP/1.1 200 OK"
2026-06-21 20:51:21 | INFO    | httpx | HTTP Request: POST https://openrouter.ai/api/v1/chat/completions "HTTP/1.1 200 OK"
2026-06-21 20:51:21 | INFO    | httpx | HTTP Request: POST https://openrouter.ai/api/v1/chat/completions "HTTP/1.1 200 OK"
2026-06-21 20:51:21 | INFO    | httpx | HTTP Request: POST https://openrouter.ai/api/v1/chat/completions "HTTP/1.1 200 OK"
2026-06-21 20:51:21 | INFO    | httpx | HTTP Request: POST https://openrouter.ai/api/v1/chat/completions "HTTP/1.1 200 OK"
2026-06-21 20:51:21 | INFO    | httpx | HTTP Request: POST https://openrouter.ai/api/v1/chat/completions "HTTP/1.1 200 OK"
2026-06-21 20:51:21 | INFO    | httpx | HTTP Request: POST https://openrouter.ai/api/v1/chat/completions "HTTP/1.1 200 OK"
2026-06-21 20:51:21 | INFO    | httpx | HTTP Request: POST https://openrouter.ai/api/v1/chat/completions "HTTP/1.1 200 OK"
2026-06-21 20:51:22 | INFO    | httpx | HTTP Request: POST https://openrouter.ai/api/v1/chat/completions "HTTP/1.1 200 OK"
2026-06-21 20:51:22 | INFO    | httpx | HTTP Request: POST https://openrouter.ai/api/v1/chat/completions "HTTP/1.1 200 OK"
2026-06-21 20:51:22 | INFO    | httpx | HTTP Request: POST https://openrouter.ai/api/v1/chat/completions "HTTP/1.1 200 OK"
2026-06-21 20:51:22 | INFO    | httpx | HTTP Request: POST https://openrouter.ai/api/v1/chat/completions "HTTP/1.1 200 OK"
2026-06-21 20:51:22 | INFO    | httpx | HTTP Request: POST https://openrouter.ai/api/v1/chat/completions "HTTP/1.1 200 OK"
2026-06-21 20:51:22 | INFO    | httpx | HTTP Request: POST https://openrouter.ai/api/v1/chat/completions "HTTP/1.1 200 OK"
2026-06-21 20:51:22 | INFO    | httpx | HTTP Request: POST https://openrouter.ai/api/v1/chat/completions "HTTP/1.1 200 OK"
2026-06-21 20:51:22 | INFO    | httpx | HTTP Request: POST https://openrouter.ai/api/v1/chat/completions "HTTP/1.1 200 OK"
2026-06-21 20:51:22 | INFO    | httpx | HTTP Request: POST https://openrouter.ai/api/v1/chat/completions "HTTP/1.1 200 OK"
2026-06-21 20:51:23 | INFO    | httpx | HTTP Request: POST https://openrouter.ai/api/v1/chat/completions "HTTP/1.1 200 OK"
2026-06-21 20:51:23 | INFO    | httpx | HTTP Request: POST https://openrouter.ai/api/v1/chat/completions "HTTP/1.1 200 OK"
2026-06-21 20:51:23 | INFO    | httpx | HTTP Request: POST https://openrouter.ai/api/v1/chat/completions "HTTP/1.1 200 OK"
2026-06-21 20:51:23 | INFO    | __main__ |     нейрон 6750 alpha=+115.98: p_yes=0.467 CI=[0.35,0.60] (n=60)
2026-06-21 20:51:23 | INFO    | __main__ | [27/35] нейрон 6750 (explicit) alpha=+231.95 — генерация ...
2026-06-21 20:51:58 | INFO    | __main__ |     ... всего генераций: 1482
2026-06-21 20:52:21 | INFO    | __main__ |     ... всего генераций: 1490
2026-06-21 20:52:56 | INFO    | __main__ |     ... всего генераций: 1502
2026-06-21 20:53:22 | INFO    | __main__ |     ... всего генераций: 1510
2026-06-21 20:54:01 | INFO    | __main__ |     ... всего генераций: 1522
2026-06-21 20:54:23 | INFO    | __main__ |     ... всего генераций: 1530
2026-06-21 20:54:24 | INFO    | httpx | HTTP Request: POST https://openrouter.ai/api/v1/chat/completions "HTTP/1.1 200 OK"
2026-06-21 20:54:24 | INFO    | httpx | HTTP Request: POST https://openrouter.ai/api/v1/chat/completions "HTTP/1.1 200 OK"
2026-06-21 20:54:24 | INFO    | httpx | HTTP Request: POST https://openrouter.ai/api/v1/chat/completions "HTTP/1.1 200 OK"
2026-06-21 20:54:24 | INFO    | httpx | HTTP Request: POST https://openrouter.ai/api/v1/chat/completions "HTTP/1.1 200 OK"
2026-06-21 20:54:24 | INFO    | httpx | HTTP Request: POST https://openrouter.ai/api/v1/chat/completions "HTTP/1.1 200 OK"
2026-06-21 20:54:24 | INFO    | httpx | HTTP Request: POST https://openrouter.ai/api/v1/chat/completions "HTTP/1.1 200 OK"
2026-06-21 20:54:24 | INFO    | httpx | HTTP Request: POST https://openrouter.ai/api/v1/chat/completions "HTTP/1.1 200 OK"
2026-06-21 20:54:24 | INFO    | httpx | HTTP Request: POST https://openrouter.ai/api/v1/chat/completions "HTTP/1.1 200 OK"
2026-06-21 20:54:25 | INFO    | httpx | HTTP Request: POST https://openrouter.ai/api/v1/chat/completions "HTTP/1.1 200 OK"
2026-06-21 20:54:25 | INFO    | httpx | HTTP Request: POST https://openrouter.ai/api/v1/chat/completions "HTTP/1.1 200 OK"
2026-06-21 20:54:25 | INFO    | httpx | HTTP Request: POST https://openrouter.ai/api/v1/chat/completions "HTTP/1.1 200 OK"
2026-06-21 20:54:25 | INFO    | httpx | HTTP Request: POST https://openrouter.ai/api/v1/chat/completions "HTTP/1.1 200 OK"
2026-06-21 20:54:25 | INFO    | httpx | HTTP Request: POST https://openrouter.ai/api/v1/chat/completions "HTTP/1.1 200 OK"
2026-06-21 20:54:25 | INFO    | httpx | HTTP Request: POST https://openrouter.ai/api/v1/chat/completions "HTTP/1.1 200 OK"
2026-06-21 20:54:25 | INFO    | httpx | HTTP Request: POST https://openrouter.ai/api/v1/chat/completions "HTTP/1.1 200 OK"
2026-06-21 20:54:25 | INFO    | httpx | HTTP Request: POST https://openrouter.ai/api/v1/chat/completions "HTTP/1.1 200 OK"
2026-06-21 20:54:25 | INFO    | httpx | HTTP Request: POST https://openrouter.ai/api/v1/chat/completions "HTTP/1.1 200 OK"
2026-06-21 20:54:25 | INFO    | httpx | HTTP Request: POST https://openrouter.ai/api/v1/chat/completions "HTTP/1.1 200 OK"
2026-06-21 20:54:26 | INFO    | httpx | HTTP Request: POST https://openrouter.ai/api/v1/chat/completions "HTTP/1.1 200 OK"
2026-06-21 20:54:26 | INFO    | httpx | HTTP Request: POST https://openrouter.ai/api/v1/chat/completions "HTTP/1.1 200 OK"
2026-06-21 20:54:26 | INFO    | httpx | HTTP Request: POST https://openrouter.ai/api/v1/chat/completions "HTTP/1.1 200 OK"
2026-06-21 20:54:26 | INFO    | httpx | HTTP Request: POST https://openrouter.ai/api/v1/chat/completions "HTTP/1.1 200 OK"
2026-06-21 20:54:26 | INFO    | httpx | HTTP Request: POST https://openrouter.ai/api/v1/chat/completions "HTTP/1.1 200 OK"
2026-06-21 20:54:26 | INFO    | httpx | HTTP Request: POST https://openrouter.ai/api/v1/chat/completions "HTTP/1.1 200 OK"
2026-06-21 20:54:26 | INFO    | httpx | HTTP Request: POST https://openrouter.ai/api/v1/chat/completions "HTTP/1.1 200 OK"
2026-06-21 20:54:26 | INFO    | httpx | HTTP Request: POST https://openrouter.ai/api/v1/chat/completions "HTTP/1.1 200 OK"
2026-06-21 20:54:26 | INFO    | httpx | HTTP Request: POST https://openrouter.ai/api/v1/chat/completions "HTTP/1.1 200 OK"
2026-06-21 20:54:26 | INFO    | httpx | HTTP Request: POST https://openrouter.ai/api/v1/chat/completions "HTTP/1.1 200 OK"
2026-06-21 20:54:27 | INFO    | httpx | HTTP Request: POST https://openrouter.ai/api/v1/chat/completions "HTTP/1.1 200 OK"
2026-06-21 20:54:27 | INFO    | httpx | HTTP Request: POST https://openrouter.ai/api/v1/chat/completions "HTTP/1.1 200 OK"
2026-06-21 20:54:27 | INFO    | httpx | HTTP Request: POST https://openrouter.ai/api/v1/chat/completions "HTTP/1.1 200 OK"
2026-06-21 20:54:27 | INFO    | httpx | HTTP Request: POST https://openrouter.ai/api/v1/chat/completions "HTTP/1.1 200 OK"
2026-06-21 20:54:27 | INFO    | httpx | HTTP Request: POST https://openrouter.ai/api/v1/chat/completions "HTTP/1.1 200 OK"
2026-06-21 20:54:27 | INFO    | httpx | HTTP Request: POST https://openrouter.ai/api/v1/chat/completions "HTTP/1.1 200 OK"
2026-06-21 20:54:27 | INFO    | httpx | HTTP Request: POST https://openrouter.ai/api/v1/chat/completions "HTTP/1.1 200 OK"
2026-06-21 20:54:27 | INFO    | httpx | HTTP Request: POST https://openrouter.ai/api/v1/chat/completions "HTTP/1.1 200 OK"
2026-06-21 20:54:27 | INFO    | httpx | HTTP Request: POST https://openrouter.ai/api/v1/chat/completions "HTTP/1.1 200 OK"
2026-06-21 20:54:27 | INFO    | httpx | HTTP Request: POST https://openrouter.ai/api/v1/chat/completions "HTTP/1.1 200 OK"
2026-06-21 20:54:28 | INFO    | httpx | HTTP Request: POST https://openrouter.ai/api/v1/chat/completions "HTTP/1.1 200 OK"
2026-06-21 20:54:28 | INFO    | httpx | HTTP Request: POST https://openrouter.ai/api/v1/chat/completions "HTTP/1.1 200 OK"
2026-06-21 20:54:28 | INFO    | httpx | HTTP Request: POST https://openrouter.ai/api/v1/chat/completions "HTTP/1.1 200 OK"
2026-06-21 20:54:28 | INFO    | httpx | HTTP Request: POST https://openrouter.ai/api/v1/chat/completions "HTTP/1.1 200 OK"
2026-06-21 20:54:28 | INFO    | httpx | HTTP Request: POST https://openrouter.ai/api/v1/chat/completions "HTTP/1.1 200 OK"
2026-06-21 20:54:28 | INFO    | httpx | HTTP Request: POST https://openrouter.ai/api/v1/chat/completions "HTTP/1.1 200 OK"
2026-06-21 20:54:28 | INFO    | httpx | HTTP Request: POST https://openrouter.ai/api/v1/chat/completions "HTTP/1.1 200 OK"
2026-06-21 20:54:28 | INFO    | httpx | HTTP Request: POST https://openrouter.ai/api/v1/chat/completions "HTTP/1.1 200 OK"
2026-06-21 20:54:28 | INFO    | httpx | HTTP Request: POST https://openrouter.ai/api/v1/chat/completions "HTTP/1.1 200 OK"
2026-06-21 20:54:28 | INFO    | httpx | HTTP Request: POST https://openrouter.ai/api/v1/chat/completions "HTTP/1.1 200 OK"
2026-06-21 20:54:29 | INFO    | httpx | HTTP Request: POST https://openrouter.ai/api/v1/chat/completions "HTTP/1.1 200 OK"
2026-06-21 20:54:29 | INFO    | httpx | HTTP Request: POST https://openrouter.ai/api/v1/chat/completions "HTTP/1.1 200 OK"
2026-06-21 20:54:29 | INFO    | httpx | HTTP Request: POST https://openrouter.ai/api/v1/chat/completions "HTTP/1.1 200 OK"
2026-06-21 20:54:29 | INFO    | httpx | HTTP Request: POST https://openrouter.ai/api/v1/chat/completions "HTTP/1.1 200 OK"
2026-06-21 20:54:29 | INFO    | httpx | HTTP Request: POST https://openrouter.ai/api/v1/chat/completions "HTTP/1.1 200 OK"
2026-06-21 20:54:29 | INFO    | httpx | HTTP Request: POST https://openrouter.ai/api/v1/chat/completions "HTTP/1.1 200 OK"
2026-06-21 20:54:29 | INFO    | httpx | HTTP Request: POST https://openrouter.ai/api/v1/chat/completions "HTTP/1.1 200 OK"
2026-06-21 20:54:29 | INFO    | httpx | HTTP Request: POST https://openrouter.ai/api/v1/chat/completions "HTTP/1.1 200 OK"
2026-06-21 20:54:29 | INFO    | httpx | HTTP Request: POST https://openrouter.ai/api/v1/chat/completions "HTTP/1.1 200 OK"
2026-06-21 20:54:29 | INFO    | httpx | HTTP Request: POST https://openrouter.ai/api/v1/chat/completions "HTTP/1.1 200 OK"
2026-06-21 20:54:29 | INFO    | httpx | HTTP Request: POST https://openrouter.ai/api/v1/chat/completions "HTTP/1.1 200 OK"
2026-06-21 20:54:30 | INFO    | httpx | HTTP Request: POST https://openrouter.ai/api/v1/chat/completions "HTTP/1.1 200 OK"
2026-06-21 20:54:30 | INFO    | __main__ |     нейрон 6750 alpha=+231.95: p_yes=0.483 CI=[0.37,0.60] (n=60)
2026-06-21 20:54:30 | INFO    | __main__ | [28/35] нейрон 6750 (explicit) alpha=+463.91 — генерация ...
2026-06-21 20:55:04 | INFO    | __main__ |     ... всего генераций: 1542
2026-06-21 20:55:28 | INFO    | __main__ |     ... всего генераций: 1550
2026-06-21 20:56:03 | INFO    | __main__ |     ... всего генераций: 1562
2026-06-21 20:56:26 | INFO    | __main__ |     ... всего генераций: 1570
2026-06-21 20:57:02 | INFO    | __main__ |     ... всего генераций: 1582
2026-06-21 20:57:25 | INFO    | __main__ |     ... всего генераций: 1590
2026-06-21 20:57:26 | INFO    | httpx | HTTP Request: POST https://openrouter.ai/api/v1/chat/completions "HTTP/1.1 200 OK"
2026-06-21 20:57:26 | INFO    | httpx | HTTP Request: POST https://openrouter.ai/api/v1/chat/completions "HTTP/1.1 200 OK"
2026-06-21 20:57:26 | INFO    | httpx | HTTP Request: POST https://openrouter.ai/api/v1/chat/completions "HTTP/1.1 200 OK"
2026-06-21 20:57:26 | INFO    | httpx | HTTP Request: POST https://openrouter.ai/api/v1/chat/completions "HTTP/1.1 200 OK"
2026-06-21 20:57:26 | INFO    | httpx | HTTP Request: POST https://openrouter.ai/api/v1/chat/completions "HTTP/1.1 200 OK"
2026-06-21 20:57:26 | INFO    | httpx | HTTP Request: POST https://openrouter.ai/api/v1/chat/completions "HTTP/1.1 200 OK"
2026-06-21 20:57:26 | INFO    | httpx | HTTP Request: POST https://openrouter.ai/api/v1/chat/completions "HTTP/1.1 200 OK"
2026-06-21 20:57:27 | INFO    | httpx | HTTP Request: POST https://openrouter.ai/api/v1/chat/completions "HTTP/1.1 200 OK"
2026-06-21 20:57:27 | INFO    | httpx | HTTP Request: POST https://openrouter.ai/api/v1/chat/completions "HTTP/1.1 200 OK"
2026-06-21 20:57:27 | INFO    | httpx | HTTP Request: POST https://openrouter.ai/api/v1/chat/completions "HTTP/1.1 200 OK"
2026-06-21 20:57:27 | INFO    | httpx | HTTP Request: POST https://openrouter.ai/api/v1/chat/completions "HTTP/1.1 200 OK"
2026-06-21 20:57:27 | INFO    | httpx | HTTP Request: POST https://openrouter.ai/api/v1/chat/completions "HTTP/1.1 200 OK"
2026-06-21 20:57:27 | INFO    | httpx | HTTP Request: POST https://openrouter.ai/api/v1/chat/completions "HTTP/1.1 200 OK"
2026-06-21 20:57:27 | INFO    | httpx | HTTP Request: POST https://openrouter.ai/api/v1/chat/completions "HTTP/1.1 200 OK"
2026-06-21 20:57:27 | INFO    | httpx | HTTP Request: POST https://openrouter.ai/api/v1/chat/completions "HTTP/1.1 200 OK"
2026-06-21 20:57:27 | INFO    | httpx | HTTP Request: POST https://openrouter.ai/api/v1/chat/completions "HTTP/1.1 200 OK"
2026-06-21 20:57:27 | INFO    | httpx | HTTP Request: POST https://openrouter.ai/api/v1/chat/completions "HTTP/1.1 200 OK"
2026-06-21 20:57:27 | INFO    | httpx | HTTP Request: POST https://openrouter.ai/api/v1/chat/completions "HTTP/1.1 200 OK"
2026-06-21 20:57:28 | INFO    | httpx | HTTP Request: POST https://openrouter.ai/api/v1/chat/completions "HTTP/1.1 200 OK"
2026-06-21 20:57:28 | INFO    | httpx | HTTP Request: POST https://openrouter.ai/api/v1/chat/completions "HTTP/1.1 200 OK"
2026-06-21 20:57:28 | INFO    | httpx | HTTP Request: POST https://openrouter.ai/api/v1/chat/completions "HTTP/1.1 200 OK"
2026-06-21 20:57:28 | INFO    | httpx | HTTP Request: POST https://openrouter.ai/api/v1/chat/completions "HTTP/1.1 200 OK"
2026-06-21 20:57:28 | INFO    | httpx | HTTP Request: POST https://openrouter.ai/api/v1/chat/completions "HTTP/1.1 200 OK"
2026-06-21 20:57:28 | INFO    | httpx | HTTP Request: POST https://openrouter.ai/api/v1/chat/completions "HTTP/1.1 200 OK"
2026-06-21 20:57:28 | INFO    | httpx | HTTP Request: POST https://openrouter.ai/api/v1/chat/completions "HTTP/1.1 200 OK"
2026-06-21 20:57:28 | INFO    | httpx | HTTP Request: POST https://openrouter.ai/api/v1/chat/completions "HTTP/1.1 200 OK"
2026-06-21 20:57:28 | INFO    | httpx | HTTP Request: POST https://openrouter.ai/api/v1/chat/completions "HTTP/1.1 200 OK"
2026-06-21 20:57:28 | INFO    | httpx | HTTP Request: POST https://openrouter.ai/api/v1/chat/completions "HTTP/1.1 200 OK"
2026-06-21 20:57:28 | INFO    | httpx | HTTP Request: POST https://openrouter.ai/api/v1/chat/completions "HTTP/1.1 200 OK"
2026-06-21 20:57:29 | INFO    | httpx | HTTP Request: POST https://openrouter.ai/api/v1/chat/completions "HTTP/1.1 200 OK"
2026-06-21 20:57:29 | INFO    | httpx | HTTP Request: POST https://openrouter.ai/api/v1/chat/completions "HTTP/1.1 200 OK"
2026-06-21 20:57:29 | INFO    | httpx | HTTP Request: POST https://openrouter.ai/api/v1/chat/completions "HTTP/1.1 200 OK"
2026-06-21 20:57:29 | INFO    | httpx | HTTP Request: POST https://openrouter.ai/api/v1/chat/completions "HTTP/1.1 200 OK"
2026-06-21 20:57:29 | INFO    | httpx | HTTP Request: POST https://openrouter.ai/api/v1/chat/completions "HTTP/1.1 200 OK"
2026-06-21 20:57:29 | INFO    | httpx | HTTP Request: POST https://openrouter.ai/api/v1/chat/completions "HTTP/1.1 200 OK"
2026-06-21 20:57:29 | INFO    | httpx | HTTP Request: POST https://openrouter.ai/api/v1/chat/completions "HTTP/1.1 200 OK"
2026-06-21 20:57:29 | INFO    | httpx | HTTP Request: POST https://openrouter.ai/api/v1/chat/completions "HTTP/1.1 200 OK"
2026-06-21 20:57:29 | INFO    | httpx | HTTP Request: POST https://openrouter.ai/api/v1/chat/completions "HTTP/1.1 200 OK"
2026-06-21 20:57:29 | INFO    | httpx | HTTP Request: POST https://openrouter.ai/api/v1/chat/completions "HTTP/1.1 200 OK"
2026-06-21 20:57:29 | INFO    | httpx | HTTP Request: POST https://openrouter.ai/api/v1/chat/completions "HTTP/1.1 200 OK"
2026-06-21 20:57:29 | INFO    | httpx | HTTP Request: POST https://openrouter.ai/api/v1/chat/completions "HTTP/1.1 200 OK"
2026-06-21 20:57:30 | INFO    | httpx | HTTP Request: POST https://openrouter.ai/api/v1/chat/completions "HTTP/1.1 200 OK"
2026-06-21 20:57:30 | INFO    | httpx | HTTP Request: POST https://openrouter.ai/api/v1/chat/completions "HTTP/1.1 200 OK"
2026-06-21 20:57:30 | INFO    | httpx | HTTP Request: POST https://openrouter.ai/api/v1/chat/completions "HTTP/1.1 200 OK"
2026-06-21 20:57:30 | INFO    | httpx | HTTP Request: POST https://openrouter.ai/api/v1/chat/completions "HTTP/1.1 200 OK"
2026-06-21 20:57:30 | INFO    | httpx | HTTP Request: POST https://openrouter.ai/api/v1/chat/completions "HTTP/1.1 200 OK"
2026-06-21 20:57:30 | INFO    | httpx | HTTP Request: POST https://openrouter.ai/api/v1/chat/completions "HTTP/1.1 200 OK"
2026-06-21 20:57:30 | INFO    | httpx | HTTP Request: POST https://openrouter.ai/api/v1/chat/completions "HTTP/1.1 200 OK"
2026-06-21 20:57:30 | INFO    | httpx | HTTP Request: POST https://openrouter.ai/api/v1/chat/completions "HTTP/1.1 200 OK"
2026-06-21 20:57:30 | INFO    | httpx | HTTP Request: POST https://openrouter.ai/api/v1/chat/completions "HTTP/1.1 200 OK"
2026-06-21 20:57:30 | INFO    | httpx | HTTP Request: POST https://openrouter.ai/api/v1/chat/completions "HTTP/1.1 200 OK"
2026-06-21 20:57:31 | INFO    | httpx | HTTP Request: POST https://openrouter.ai/api/v1/chat/completions "HTTP/1.1 200 OK"
2026-06-21 20:57:31 | INFO    | httpx | HTTP Request: POST https://openrouter.ai/api/v1/chat/completions "HTTP/1.1 200 OK"
2026-06-21 20:57:31 | INFO    | httpx | HTTP Request: POST https://openrouter.ai/api/v1/chat/completions "HTTP/1.1 200 OK"
2026-06-21 20:57:31 | INFO    | httpx | HTTP Request: POST https://openrouter.ai/api/v1/chat/completions "HTTP/1.1 200 OK"
2026-06-21 20:57:31 | INFO    | httpx | HTTP Request: POST https://openrouter.ai/api/v1/chat/completions "HTTP/1.1 200 OK"
2026-06-21 20:57:31 | INFO    | httpx | HTTP Request: POST https://openrouter.ai/api/v1/chat/completions "HTTP/1.1 200 OK"
2026-06-21 20:57:31 | INFO    | httpx | HTTP Request: POST https://openrouter.ai/api/v1/chat/completions "HTTP/1.1 200 OK"
2026-06-21 20:57:31 | INFO    | httpx | HTTP Request: POST https://openrouter.ai/api/v1/chat/completions "HTTP/1.1 200 OK"
2026-06-21 20:57:31 | INFO    | httpx | HTTP Request: POST https://openrouter.ai/api/v1/chat/completions "HTTP/1.1 200 OK"
2026-06-21 20:57:32 | INFO    | __main__ |     нейрон 6750 alpha=+463.91: p_yes=0.000 CI=[0.00,0.00] (n=60)
2026-06-21 20:57:32 | INFO    | __main__ | [29/35] нейрон 49181 (control) alpha=-463.91 — генерация ...
2026-06-21 20:58:06 | INFO    | __main__ |     ... всего генераций: 1602
2026-06-21 20:58:29 | INFO    | __main__ |     ... всего генераций: 1610
2026-06-21 20:59:03 | INFO    | __main__ |     ... всего генераций: 1622
2026-06-21 20:59:26 | INFO    | __main__ |     ... всего генераций: 1630
2026-06-21 21:00:01 | INFO    | __main__ |     ... всего генераций: 1642
2026-06-21 21:00:25 | INFO    | __main__ |     ... всего генераций: 1650
2026-06-21 21:00:26 | INFO    | httpx | HTTP Request: POST https://openrouter.ai/api/v1/chat/completions "HTTP/1.1 200 OK"
2026-06-21 21:00:26 | INFO    | httpx | HTTP Request: POST https://openrouter.ai/api/v1/chat/completions "HTTP/1.1 200 OK"
2026-06-21 21:00:26 | INFO    | httpx | HTTP Request: POST https://openrouter.ai/api/v1/chat/completions "HTTP/1.1 200 OK"
2026-06-21 21:00:26 | INFO    | httpx | HTTP Request: POST https://openrouter.ai/api/v1/chat/completions "HTTP/1.1 200 OK"
2026-06-21 21:00:26 | INFO    | httpx | HTTP Request: POST https://openrouter.ai/api/v1/chat/completions "HTTP/1.1 200 OK"
2026-06-21 21:00:26 | INFO    | httpx | HTTP Request: POST https://openrouter.ai/api/v1/chat/completions "HTTP/1.1 200 OK"
2026-06-21 21:00:26 | INFO    | httpx | HTTP Request: POST https://openrouter.ai/api/v1/chat/completions "HTTP/1.1 200 OK"
2026-06-21 21:00:26 | INFO    | httpx | HTTP Request: POST https://openrouter.ai/api/v1/chat/completions "HTTP/1.1 200 OK"
2026-06-21 21:00:26 | INFO    | httpx | HTTP Request: POST https://openrouter.ai/api/v1/chat/completions "HTTP/1.1 200 OK"
2026-06-21 21:00:26 | INFO    | httpx | HTTP Request: POST https://openrouter.ai/api/v1/chat/completions "HTTP/1.1 200 OK"
2026-06-21 21:00:27 | INFO    | httpx | HTTP Request: POST https://openrouter.ai/api/v1/chat/completions "HTTP/1.1 200 OK"
2026-06-21 21:00:27 | INFO    | httpx | HTTP Request: POST https://openrouter.ai/api/v1/chat/completions "HTTP/1.1 200 OK"
2026-06-21 21:00:27 | INFO    | httpx | HTTP Request: POST https://openrouter.ai/api/v1/chat/completions "HTTP/1.1 200 OK"
2026-06-21 21:00:27 | INFO    | httpx | HTTP Request: POST https://openrouter.ai/api/v1/chat/completions "HTTP/1.1 200 OK"
2026-06-21 21:00:27 | INFO    | httpx | HTTP Request: POST https://openrouter.ai/api/v1/chat/completions "HTTP/1.1 200 OK"
2026-06-21 21:00:27 | INFO    | httpx | HTTP Request: POST https://openrouter.ai/api/v1/chat/completions "HTTP/1.1 200 OK"
2026-06-21 21:00:27 | INFO    | httpx | HTTP Request: POST https://openrouter.ai/api/v1/chat/completions "HTTP/1.1 200 OK"
2026-06-21 21:00:27 | INFO    | httpx | HTTP Request: POST https://openrouter.ai/api/v1/chat/completions "HTTP/1.1 200 OK"
2026-06-21 21:00:27 | INFO    | httpx | HTTP Request: POST https://openrouter.ai/api/v1/chat/completions "HTTP/1.1 200 OK"
2026-06-21 21:00:27 | INFO    | httpx | HTTP Request: POST https://openrouter.ai/api/v1/chat/completions "HTTP/1.1 200 OK"
2026-06-21 21:00:27 | INFO    | httpx | HTTP Request: POST https://openrouter.ai/api/v1/chat/completions "HTTP/1.1 200 OK"
2026-06-21 21:00:28 | INFO    | httpx | HTTP Request: POST https://openrouter.ai/api/v1/chat/completions "HTTP/1.1 200 OK"
2026-06-21 21:00:28 | INFO    | httpx | HTTP Request: POST https://openrouter.ai/api/v1/chat/completions "HTTP/1.1 200 OK"
2026-06-21 21:00:28 | INFO    | httpx | HTTP Request: POST https://openrouter.ai/api/v1/chat/completions "HTTP/1.1 200 OK"
2026-06-21 21:00:28 | INFO    | httpx | HTTP Request: POST https://openrouter.ai/api/v1/chat/completions "HTTP/1.1 200 OK"
2026-06-21 21:00:28 | INFO    | httpx | HTTP Request: POST https://openrouter.ai/api/v1/chat/completions "HTTP/1.1 200 OK"
2026-06-21 21:00:28 | INFO    | httpx | HTTP Request: POST https://openrouter.ai/api/v1/chat/completions "HTTP/1.1 200 OK"
2026-06-21 21:00:28 | INFO    | httpx | HTTP Request: POST https://openrouter.ai/api/v1/chat/completions "HTTP/1.1 200 OK"
2026-06-21 21:00:28 | INFO    | httpx | HTTP Request: POST https://openrouter.ai/api/v1/chat/completions "HTTP/1.1 200 OK"
2026-06-21 21:00:28 | INFO    | httpx | HTTP Request: POST https://openrouter.ai/api/v1/chat/completions "HTTP/1.1 200 OK"
2026-06-21 21:00:28 | INFO    | httpx | HTTP Request: POST https://openrouter.ai/api/v1/chat/completions "HTTP/1.1 200 OK"
2026-06-21 21:00:28 | INFO    | httpx | HTTP Request: POST https://openrouter.ai/api/v1/chat/completions "HTTP/1.1 200 OK"
2026-06-21 21:00:28 | INFO    | httpx | HTTP Request: POST https://openrouter.ai/api/v1/chat/completions "HTTP/1.1 200 OK"
2026-06-21 21:00:28 | INFO    | httpx | HTTP Request: POST https://openrouter.ai/api/v1/chat/completions "HTTP/1.1 200 OK"
2026-06-21 21:00:29 | INFO    | httpx | HTTP Request: POST https://openrouter.ai/api/v1/chat/completions "HTTP/1.1 200 OK"
2026-06-21 21:00:29 | INFO    | httpx | HTTP Request: POST https://openrouter.ai/api/v1/chat/completions "HTTP/1.1 200 OK"
2026-06-21 21:00:29 | INFO    | httpx | HTTP Request: POST https://openrouter.ai/api/v1/chat/completions "HTTP/1.1 200 OK"
2026-06-21 21:00:29 | INFO    | httpx | HTTP Request: POST https://openrouter.ai/api/v1/chat/completions "HTTP/1.1 200 OK"
2026-06-21 21:00:29 | INFO    | httpx | HTTP Request: POST https://openrouter.ai/api/v1/chat/completions "HTTP/1.1 200 OK"
2026-06-21 21:00:29 | INFO    | httpx | HTTP Request: POST https://openrouter.ai/api/v1/chat/completions "HTTP/1.1 200 OK"
2026-06-21 21:00:29 | INFO    | httpx | HTTP Request: POST https://openrouter.ai/api/v1/chat/completions "HTTP/1.1 200 OK"
2026-06-21 21:00:29 | INFO    | httpx | HTTP Request: POST https://openrouter.ai/api/v1/chat/completions "HTTP/1.1 200 OK"
2026-06-21 21:00:29 | INFO    | httpx | HTTP Request: POST https://openrouter.ai/api/v1/chat/completions "HTTP/1.1 200 OK"
2026-06-21 21:00:29 | INFO    | httpx | HTTP Request: POST https://openrouter.ai/api/v1/chat/completions "HTTP/1.1 200 OK"
2026-06-21 21:00:29 | INFO    | httpx | HTTP Request: POST https://openrouter.ai/api/v1/chat/completions "HTTP/1.1 200 OK"
2026-06-21 21:00:30 | INFO    | httpx | HTTP Request: POST https://openrouter.ai/api/v1/chat/completions "HTTP/1.1 200 OK"
2026-06-21 21:00:30 | INFO    | httpx | HTTP Request: POST https://openrouter.ai/api/v1/chat/completions "HTTP/1.1 200 OK"
2026-06-21 21:00:30 | INFO    | httpx | HTTP Request: POST https://openrouter.ai/api/v1/chat/completions "HTTP/1.1 200 OK"
2026-06-21 21:00:30 | INFO    | httpx | HTTP Request: POST https://openrouter.ai/api/v1/chat/completions "HTTP/1.1 200 OK"
2026-06-21 21:00:30 | INFO    | httpx | HTTP Request: POST https://openrouter.ai/api/v1/chat/completions "HTTP/1.1 200 OK"
2026-06-21 21:00:30 | INFO    | httpx | HTTP Request: POST https://openrouter.ai/api/v1/chat/completions "HTTP/1.1 200 OK"
2026-06-21 21:00:30 | INFO    | httpx | HTTP Request: POST https://openrouter.ai/api/v1/chat/completions "HTTP/1.1 200 OK"
2026-06-21 21:00:30 | INFO    | httpx | HTTP Request: POST https://openrouter.ai/api/v1/chat/completions "HTTP/1.1 200 OK"
2026-06-21 21:00:30 | INFO    | httpx | HTTP Request: POST https://openrouter.ai/api/v1/chat/completions "HTTP/1.1 200 OK"
2026-06-21 21:00:30 | INFO    | httpx | HTTP Request: POST https://openrouter.ai/api/v1/chat/completions "HTTP/1.1 200 OK"
2026-06-21 21:00:31 | INFO    | httpx | HTTP Request: POST https://openrouter.ai/api/v1/chat/completions "HTTP/1.1 200 OK"
2026-06-21 21:00:31 | INFO    | httpx | HTTP Request: POST https://openrouter.ai/api/v1/chat/completions "HTTP/1.1 200 OK"
2026-06-21 21:00:31 | INFO    | httpx | HTTP Request: POST https://openrouter.ai/api/v1/chat/completions "HTTP/1.1 200 OK"
2026-06-21 21:00:31 | INFO    | httpx | HTTP Request: POST https://openrouter.ai/api/v1/chat/completions "HTTP/1.1 200 OK"
2026-06-21 21:00:31 | INFO    | httpx | HTTP Request: POST https://openrouter.ai/api/v1/chat/completions "HTTP/1.1 200 OK"
2026-06-21 21:00:31 | INFO    | __main__ |     нейрон 49181 alpha=-463.91: p_yes=0.000 CI=[0.00,0.00] (n=60)
2026-06-21 21:00:31 | INFO    | __main__ | [30/35] нейрон 49181 (control) alpha=-231.95 — генерация ...
2026-06-21 21:01:07 | INFO    | __main__ |     ... всего генераций: 1662
2026-06-21 21:01:30 | INFO    | __main__ |     ... всего генераций: 1670
2026-06-21 21:02:04 | INFO    | __main__ |     ... всего генераций: 1682
2026-06-21 21:02:28 | INFO    | __main__ |     ... всего генераций: 1690
2026-06-21 21:03:04 | INFO    | __main__ |     ... всего генераций: 1702
2026-06-21 21:03:28 | INFO    | __main__ |     ... всего генераций: 1710
2026-06-21 21:03:29 | INFO    | httpx | HTTP Request: POST https://openrouter.ai/api/v1/chat/completions "HTTP/1.1 200 OK"
2026-06-21 21:03:29 | INFO    | httpx | HTTP Request: POST https://openrouter.ai/api/v1/chat/completions "HTTP/1.1 200 OK"
2026-06-21 21:03:29 | INFO    | httpx | HTTP Request: POST https://openrouter.ai/api/v1/chat/completions "HTTP/1.1 200 OK"
2026-06-21 21:03:29 | INFO    | httpx | HTTP Request: POST https://openrouter.ai/api/v1/chat/completions "HTTP/1.1 200 OK"
2026-06-21 21:03:29 | INFO    | httpx | HTTP Request: POST https://openrouter.ai/api/v1/chat/completions "HTTP/1.1 200 OK"
2026-06-21 21:03:29 | INFO    | httpx | HTTP Request: POST https://openrouter.ai/api/v1/chat/completions "HTTP/1.1 200 OK"
2026-06-21 21:03:29 | INFO    | httpx | HTTP Request: POST https://openrouter.ai/api/v1/chat/completions "HTTP/1.1 200 OK"
2026-06-21 21:03:29 | INFO    | httpx | HTTP Request: POST https://openrouter.ai/api/v1/chat/completions "HTTP/1.1 200 OK"
2026-06-21 21:03:30 | INFO    | httpx | HTTP Request: POST https://openrouter.ai/api/v1/chat/completions "HTTP/1.1 200 OK"
2026-06-21 21:03:30 | INFO    | httpx | HTTP Request: POST https://openrouter.ai/api/v1/chat/completions "HTTP/1.1 200 OK"
2026-06-21 21:03:30 | INFO    | httpx | HTTP Request: POST https://openrouter.ai/api/v1/chat/completions "HTTP/1.1 200 OK"
2026-06-21 21:03:30 | INFO    | httpx | HTTP Request: POST https://openrouter.ai/api/v1/chat/completions "HTTP/1.1 200 OK"
2026-06-21 21:03:30 | INFO    | httpx | HTTP Request: POST https://openrouter.ai/api/v1/chat/completions "HTTP/1.1 200 OK"
2026-06-21 21:03:30 | INFO    | httpx | HTTP Request: POST https://openrouter.ai/api/v1/chat/completions "HTTP/1.1 200 OK"
2026-06-21 21:03:30 | INFO    | httpx | HTTP Request: POST https://openrouter.ai/api/v1/chat/completions "HTTP/1.1 200 OK"
2026-06-21 21:03:30 | INFO    | httpx | HTTP Request: POST https://openrouter.ai/api/v1/chat/completions "HTTP/1.1 200 OK"
2026-06-21 21:03:30 | INFO    | httpx | HTTP Request: POST https://openrouter.ai/api/v1/chat/completions "HTTP/1.1 200 OK"
2026-06-21 21:03:30 | INFO    | httpx | HTTP Request: POST https://openrouter.ai/api/v1/chat/completions "HTTP/1.1 200 OK"
2026-06-21 21:03:30 | INFO    | httpx | HTTP Request: POST https://openrouter.ai/api/v1/chat/completions "HTTP/1.1 200 OK"
2026-06-21 21:03:31 | INFO    | httpx | HTTP Request: POST https://openrouter.ai/api/v1/chat/completions "HTTP/1.1 200 OK"
2026-06-21 21:03:31 | INFO    | httpx | HTTP Request: POST https://openrouter.ai/api/v1/chat/completions "HTTP/1.1 200 OK"
2026-06-21 21:03:31 | INFO    | httpx | HTTP Request: POST https://openrouter.ai/api/v1/chat/completions "HTTP/1.1 200 OK"
2026-06-21 21:03:31 | INFO    | httpx | HTTP Request: POST https://openrouter.ai/api/v1/chat/completions "HTTP/1.1 200 OK"
2026-06-21 21:03:31 | INFO    | httpx | HTTP Request: POST https://openrouter.ai/api/v1/chat/completions "HTTP/1.1 200 OK"
2026-06-21 21:03:31 | INFO    | httpx | HTTP Request: POST https://openrouter.ai/api/v1/chat/completions "HTTP/1.1 200 OK"
2026-06-21 21:03:31 | INFO    | httpx | HTTP Request: POST https://openrouter.ai/api/v1/chat/completions "HTTP/1.1 200 OK"
2026-06-21 21:03:31 | INFO    | httpx | HTTP Request: POST https://openrouter.ai/api/v1/chat/completions "HTTP/1.1 200 OK"
2026-06-21 21:03:31 | INFO    | httpx | HTTP Request: POST https://openrouter.ai/api/v1/chat/completions "HTTP/1.1 200 OK"
2026-06-21 21:03:31 | INFO    | httpx | HTTP Request: POST https://openrouter.ai/api/v1/chat/completions "HTTP/1.1 200 OK"
2026-06-21 21:03:31 | INFO    | httpx | HTTP Request: POST https://openrouter.ai/api/v1/chat/completions "HTTP/1.1 200 OK"
2026-06-21 21:03:32 | INFO    | httpx | HTTP Request: POST https://openrouter.ai/api/v1/chat/completions "HTTP/1.1 200 OK"
2026-06-21 21:03:32 | INFO    | httpx | HTTP Request: POST https://openrouter.ai/api/v1/chat/completions "HTTP/1.1 200 OK"
2026-06-21 21:03:32 | INFO    | httpx | HTTP Request: POST https://openrouter.ai/api/v1/chat/completions "HTTP/1.1 200 OK"
2026-06-21 21:03:32 | INFO    | httpx | HTTP Request: POST https://openrouter.ai/api/v1/chat/completions "HTTP/1.1 200 OK"
2026-06-21 21:03:32 | INFO    | httpx | HTTP Request: POST https://openrouter.ai/api/v1/chat/completions "HTTP/1.1 200 OK"
2026-06-21 21:03:32 | INFO    | httpx | HTTP Request: POST https://openrouter.ai/api/v1/chat/completions "HTTP/1.1 200 OK"
2026-06-21 21:03:32 | INFO    | httpx | HTTP Request: POST https://openrouter.ai/api/v1/chat/completions "HTTP/1.1 200 OK"
2026-06-21 21:03:32 | INFO    | httpx | HTTP Request: POST https://openrouter.ai/api/v1/chat/completions "HTTP/1.1 200 OK"
2026-06-21 21:03:32 | INFO    | httpx | HTTP Request: POST https://openrouter.ai/api/v1/chat/completions "HTTP/1.1 200 OK"
2026-06-21 21:03:32 | INFO    | httpx | HTTP Request: POST https://openrouter.ai/api/v1/chat/completions "HTTP/1.1 200 OK"
2026-06-21 21:03:32 | INFO    | httpx | HTTP Request: POST https://openrouter.ai/api/v1/chat/completions "HTTP/1.1 200 OK"
2026-06-21 21:03:32 | INFO    | httpx | HTTP Request: POST https://openrouter.ai/api/v1/chat/completions "HTTP/1.1 200 OK"
2026-06-21 21:03:33 | INFO    | httpx | HTTP Request: POST https://openrouter.ai/api/v1/chat/completions "HTTP/1.1 200 OK"
2026-06-21 21:03:33 | INFO    | httpx | HTTP Request: POST https://openrouter.ai/api/v1/chat/completions "HTTP/1.1 200 OK"
2026-06-21 21:03:33 | INFO    | httpx | HTTP Request: POST https://openrouter.ai/api/v1/chat/completions "HTTP/1.1 200 OK"
2026-06-21 21:03:33 | INFO    | httpx | HTTP Request: POST https://openrouter.ai/api/v1/chat/completions "HTTP/1.1 200 OK"
2026-06-21 21:03:33 | INFO    | httpx | HTTP Request: POST https://openrouter.ai/api/v1/chat/completions "HTTP/1.1 200 OK"
2026-06-21 21:03:33 | INFO    | httpx | HTTP Request: POST https://openrouter.ai/api/v1/chat/completions "HTTP/1.1 200 OK"
2026-06-21 21:03:33 | INFO    | httpx | HTTP Request: POST https://openrouter.ai/api/v1/chat/completions "HTTP/1.1 200 OK"
2026-06-21 21:03:33 | INFO    | httpx | HTTP Request: POST https://openrouter.ai/api/v1/chat/completions "HTTP/1.1 200 OK"
2026-06-21 21:03:33 | INFO    | httpx | HTTP Request: POST https://openrouter.ai/api/v1/chat/completions "HTTP/1.1 200 OK"
2026-06-21 21:03:34 | INFO    | httpx | HTTP Request: POST https://openrouter.ai/api/v1/chat/completions "HTTP/1.1 200 OK"
2026-06-21 21:03:34 | INFO    | httpx | HTTP Request: POST https://openrouter.ai/api/v1/chat/completions "HTTP/1.1 200 OK"
2026-06-21 21:03:34 | INFO    | httpx | HTTP Request: POST https://openrouter.ai/api/v1/chat/completions "HTTP/1.1 200 OK"
2026-06-21 21:03:34 | INFO    | httpx | HTTP Request: POST https://openrouter.ai/api/v1/chat/completions "HTTP/1.1 200 OK"
2026-06-21 21:03:34 | INFO    | httpx | HTTP Request: POST https://openrouter.ai/api/v1/chat/completions "HTTP/1.1 200 OK"
2026-06-21 21:03:34 | INFO    | httpx | HTTP Request: POST https://openrouter.ai/api/v1/chat/completions "HTTP/1.1 200 OK"
2026-06-21 21:03:34 | INFO    | httpx | HTTP Request: POST https://openrouter.ai/api/v1/chat/completions "HTTP/1.1 200 OK"
2026-06-21 21:03:34 | INFO    | httpx | HTTP Request: POST https://openrouter.ai/api/v1/chat/completions "HTTP/1.1 200 OK"
2026-06-21 21:03:35 | INFO    | httpx | HTTP Request: POST https://openrouter.ai/api/v1/chat/completions "HTTP/1.1 200 OK"
2026-06-21 21:03:35 | INFO    | __main__ |     нейрон 49181 alpha=-231.95: p_yes=0.317 CI=[0.20,0.43] (n=60)
2026-06-21 21:03:35 | INFO    | __main__ | [31/35] нейрон 49181 (control) alpha=-115.98 — генерация ...
2026-06-21 21:04:11 | INFO    | __main__ |     ... всего генераций: 1722
2026-06-21 21:04:35 | INFO    | __main__ |     ... всего генераций: 1730
2026-06-21 21:05:11 | INFO    | __main__ |     ... всего генераций: 1742
2026-06-21 21:05:34 | INFO    | __main__ |     ... всего генераций: 1750
2026-06-21 21:06:11 | INFO    | __main__ |     ... всего генераций: 1762
2026-06-21 21:06:33 | INFO    | __main__ |     ... всего генераций: 1770
2026-06-21 21:06:34 | INFO    | httpx | HTTP Request: POST https://openrouter.ai/api/v1/chat/completions "HTTP/1.1 200 OK"
2026-06-21 21:06:34 | INFO    | httpx | HTTP Request: POST https://openrouter.ai/api/v1/chat/completions "HTTP/1.1 200 OK"
2026-06-21 21:06:34 | INFO    | httpx | HTTP Request: POST https://openrouter.ai/api/v1/chat/completions "HTTP/1.1 200 OK"
2026-06-21 21:06:34 | INFO    | httpx | HTTP Request: POST https://openrouter.ai/api/v1/chat/completions "HTTP/1.1 200 OK"
2026-06-21 21:06:34 | INFO    | httpx | HTTP Request: POST https://openrouter.ai/api/v1/chat/completions "HTTP/1.1 200 OK"
2026-06-21 21:06:34 | INFO    | httpx | HTTP Request: POST https://openrouter.ai/api/v1/chat/completions "HTTP/1.1 200 OK"
2026-06-21 21:06:34 | INFO    | httpx | HTTP Request: POST https://openrouter.ai/api/v1/chat/completions "HTTP/1.1 200 OK"
2026-06-21 21:06:34 | INFO    | httpx | HTTP Request: POST https://openrouter.ai/api/v1/chat/completions "HTTP/1.1 200 OK"
2026-06-21 21:06:34 | INFO    | httpx | HTTP Request: POST https://openrouter.ai/api/v1/chat/completions "HTTP/1.1 200 OK"
2026-06-21 21:06:35 | INFO    | httpx | HTTP Request: POST https://openrouter.ai/api/v1/chat/completions "HTTP/1.1 200 OK"
2026-06-21 21:06:35 | INFO    | httpx | HTTP Request: POST https://openrouter.ai/api/v1/chat/completions "HTTP/1.1 200 OK"
2026-06-21 21:06:35 | INFO    | httpx | HTTP Request: POST https://openrouter.ai/api/v1/chat/completions "HTTP/1.1 200 OK"
2026-06-21 21:06:35 | INFO    | httpx | HTTP Request: POST https://openrouter.ai/api/v1/chat/completions "HTTP/1.1 200 OK"
2026-06-21 21:06:35 | INFO    | httpx | HTTP Request: POST https://openrouter.ai/api/v1/chat/completions "HTTP/1.1 200 OK"
2026-06-21 21:06:35 | INFO    | httpx | HTTP Request: POST https://openrouter.ai/api/v1/chat/completions "HTTP/1.1 200 OK"
2026-06-21 21:06:35 | INFO    | httpx | HTTP Request: POST https://openrouter.ai/api/v1/chat/completions "HTTP/1.1 200 OK"
2026-06-21 21:06:35 | INFO    | httpx | HTTP Request: POST https://openrouter.ai/api/v1/chat/completions "HTTP/1.1 200 OK"
2026-06-21 21:06:35 | INFO    | httpx | HTTP Request: POST https://openrouter.ai/api/v1/chat/completions "HTTP/1.1 200 OK"
2026-06-21 21:06:35 | INFO    | httpx | HTTP Request: POST https://openrouter.ai/api/v1/chat/completions "HTTP/1.1 200 OK"
2026-06-21 21:06:36 | INFO    | httpx | HTTP Request: POST https://openrouter.ai/api/v1/chat/completions "HTTP/1.1 200 OK"
2026-06-21 21:06:36 | INFO    | httpx | HTTP Request: POST https://openrouter.ai/api/v1/chat/completions "HTTP/1.1 200 OK"
2026-06-21 21:06:36 | INFO    | httpx | HTTP Request: POST https://openrouter.ai/api/v1/chat/completions "HTTP/1.1 200 OK"
2026-06-21 21:06:36 | INFO    | httpx | HTTP Request: POST https://openrouter.ai/api/v1/chat/completions "HTTP/1.1 200 OK"
2026-06-21 21:06:36 | INFO    | httpx | HTTP Request: POST https://openrouter.ai/api/v1/chat/completions "HTTP/1.1 200 OK"
2026-06-21 21:06:36 | INFO    | httpx | HTTP Request: POST https://openrouter.ai/api/v1/chat/completions "HTTP/1.1 200 OK"
2026-06-21 21:06:36 | INFO    | httpx | HTTP Request: POST https://openrouter.ai/api/v1/chat/completions "HTTP/1.1 200 OK"
2026-06-21 21:06:36 | INFO    | httpx | HTTP Request: POST https://openrouter.ai/api/v1/chat/completions "HTTP/1.1 200 OK"
2026-06-21 21:06:36 | INFO    | httpx | HTTP Request: POST https://openrouter.ai/api/v1/chat/completions "HTTP/1.1 200 OK"
2026-06-21 21:06:36 | INFO    | httpx | HTTP Request: POST https://openrouter.ai/api/v1/chat/completions "HTTP/1.1 200 OK"
2026-06-21 21:06:36 | INFO    | httpx | HTTP Request: POST https://openrouter.ai/api/v1/chat/completions "HTTP/1.1 200 OK"
2026-06-21 21:06:36 | INFO    | httpx | HTTP Request: POST https://openrouter.ai/api/v1/chat/completions "HTTP/1.1 200 OK"
2026-06-21 21:06:37 | INFO    | httpx | HTTP Request: POST https://openrouter.ai/api/v1/chat/completions "HTTP/1.1 200 OK"
2026-06-21 21:06:37 | INFO    | httpx | HTTP Request: POST https://openrouter.ai/api/v1/chat/completions "HTTP/1.1 200 OK"
2026-06-21 21:06:37 | INFO    | httpx | HTTP Request: POST https://openrouter.ai/api/v1/chat/completions "HTTP/1.1 200 OK"
2026-06-21 21:06:37 | INFO    | httpx | HTTP Request: POST https://openrouter.ai/api/v1/chat/completions "HTTP/1.1 200 OK"
2026-06-21 21:06:37 | INFO    | httpx | HTTP Request: POST https://openrouter.ai/api/v1/chat/completions "HTTP/1.1 200 OK"
2026-06-21 21:06:37 | INFO    | httpx | HTTP Request: POST https://openrouter.ai/api/v1/chat/completions "HTTP/1.1 200 OK"
2026-06-21 21:06:37 | INFO    | httpx | HTTP Request: POST https://openrouter.ai/api/v1/chat/completions "HTTP/1.1 200 OK"
2026-06-21 21:06:37 | INFO    | httpx | HTTP Request: POST https://openrouter.ai/api/v1/chat/completions "HTTP/1.1 200 OK"
2026-06-21 21:06:37 | INFO    | httpx | HTTP Request: POST https://openrouter.ai/api/v1/chat/completions "HTTP/1.1 200 OK"
2026-06-21 21:06:37 | INFO    | httpx | HTTP Request: POST https://openrouter.ai/api/v1/chat/completions "HTTP/1.1 200 OK"
2026-06-21 21:06:38 | INFO    | httpx | HTTP Request: POST https://openrouter.ai/api/v1/chat/completions "HTTP/1.1 200 OK"
2026-06-21 21:06:38 | INFO    | httpx | HTTP Request: POST https://openrouter.ai/api/v1/chat/completions "HTTP/1.1 200 OK"
2026-06-21 21:06:38 | INFO    | httpx | HTTP Request: POST https://openrouter.ai/api/v1/chat/completions "HTTP/1.1 200 OK"
2026-06-21 21:06:38 | INFO    | httpx | HTTP Request: POST https://openrouter.ai/api/v1/chat/completions "HTTP/1.1 200 OK"
2026-06-21 21:06:38 | INFO    | httpx | HTTP Request: POST https://openrouter.ai/api/v1/chat/completions "HTTP/1.1 200 OK"
2026-06-21 21:06:38 | INFO    | httpx | HTTP Request: POST https://openrouter.ai/api/v1/chat/completions "HTTP/1.1 200 OK"
2026-06-21 21:06:38 | INFO    | httpx | HTTP Request: POST https://openrouter.ai/api/v1/chat/completions "HTTP/1.1 200 OK"
2026-06-21 21:06:38 | INFO    | httpx | HTTP Request: POST https://openrouter.ai/api/v1/chat/completions "HTTP/1.1 200 OK"
2026-06-21 21:06:38 | INFO    | httpx | HTTP Request: POST https://openrouter.ai/api/v1/chat/completions "HTTP/1.1 200 OK"
2026-06-21 21:06:38 | INFO    | httpx | HTTP Request: POST https://openrouter.ai/api/v1/chat/completions "HTTP/1.1 200 OK"
2026-06-21 21:06:39 | INFO    | httpx | HTTP Request: POST https://openrouter.ai/api/v1/chat/completions "HTTP/1.1 200 OK"
2026-06-21 21:06:39 | INFO    | httpx | HTTP Request: POST https://openrouter.ai/api/v1/chat/completions "HTTP/1.1 200 OK"
2026-06-21 21:06:39 | INFO    | httpx | HTTP Request: POST https://openrouter.ai/api/v1/chat/completions "HTTP/1.1 200 OK"
2026-06-21 21:06:39 | INFO    | httpx | HTTP Request: POST https://openrouter.ai/api/v1/chat/completions "HTTP/1.1 200 OK"
2026-06-21 21:06:39 | INFO    | httpx | HTTP Request: POST https://openrouter.ai/api/v1/chat/completions "HTTP/1.1 200 OK"
2026-06-21 21:06:39 | INFO    | httpx | HTTP Request: POST https://openrouter.ai/api/v1/chat/completions "HTTP/1.1 200 OK"
2026-06-21 21:06:39 | INFO    | httpx | HTTP Request: POST https://openrouter.ai/api/v1/chat/completions "HTTP/1.1 200 OK"
2026-06-21 21:06:39 | INFO    | httpx | HTTP Request: POST https://openrouter.ai/api/v1/chat/completions "HTTP/1.1 200 OK"
2026-06-21 21:06:40 | INFO    | httpx | HTTP Request: POST https://openrouter.ai/api/v1/chat/completions "HTTP/1.1 200 OK"
2026-06-21 21:06:40 | INFO    | __main__ |     нейрон 49181 alpha=-115.98: p_yes=0.500 CI=[0.37,0.63] (n=60)
2026-06-21 21:06:40 | INFO    | __main__ |     нейрон 49181 alpha=+0.00: p_yes=0.417 CI=[0.30,0.53] (n=60)
2026-06-21 21:06:40 | INFO    | __main__ | [33/35] нейрон 49181 (control) alpha=+115.98 — генерация ...
2026-06-21 21:07:15 | INFO    | __main__ |     ... всего генераций: 1782
2026-06-21 21:07:38 | INFO    | __main__ |     ... всего генераций: 1790
2026-06-21 21:08:12 | INFO    | __main__ |     ... всего генераций: 1802
2026-06-21 21:08:35 | INFO    | __main__ |     ... всего генераций: 1810
2026-06-21 21:09:10 | INFO    | __main__ |     ... всего генераций: 1822
2026-06-21 21:09:35 | INFO    | __main__ |     ... всего генераций: 1830
2026-06-21 21:09:36 | INFO    | httpx | HTTP Request: POST https://openrouter.ai/api/v1/chat/completions "HTTP/1.1 200 OK"
2026-06-21 21:09:36 | INFO    | httpx | HTTP Request: POST https://openrouter.ai/api/v1/chat/completions "HTTP/1.1 200 OK"
2026-06-21 21:09:36 | INFO    | httpx | HTTP Request: POST https://openrouter.ai/api/v1/chat/completions "HTTP/1.1 200 OK"
2026-06-21 21:09:36 | INFO    | httpx | HTTP Request: POST https://openrouter.ai/api/v1/chat/completions "HTTP/1.1 200 OK"
2026-06-21 21:09:36 | INFO    | httpx | HTTP Request: POST https://openrouter.ai/api/v1/chat/completions "HTTP/1.1 200 OK"
2026-06-21 21:09:36 | INFO    | httpx | HTTP Request: POST https://openrouter.ai/api/v1/chat/completions "HTTP/1.1 200 OK"
2026-06-21 21:09:36 | INFO    | httpx | HTTP Request: POST https://openrouter.ai/api/v1/chat/completions "HTTP/1.1 200 OK"
2026-06-21 21:09:36 | INFO    | httpx | HTTP Request: POST https://openrouter.ai/api/v1/chat/completions "HTTP/1.1 200 OK"
2026-06-21 21:09:36 | INFO    | httpx | HTTP Request: POST https://openrouter.ai/api/v1/chat/completions "HTTP/1.1 200 OK"
2026-06-21 21:09:36 | INFO    | httpx | HTTP Request: POST https://openrouter.ai/api/v1/chat/completions "HTTP/1.1 200 OK"
2026-06-21 21:09:36 | INFO    | httpx | HTTP Request: POST https://openrouter.ai/api/v1/chat/completions "HTTP/1.1 200 OK"
2026-06-21 21:09:36 | INFO    | httpx | HTTP Request: POST https://openrouter.ai/api/v1/chat/completions "HTTP/1.1 200 OK"
2026-06-21 21:09:37 | INFO    | httpx | HTTP Request: POST https://openrouter.ai/api/v1/chat/completions "HTTP/1.1 200 OK"
2026-06-21 21:09:37 | INFO    | httpx | HTTP Request: POST https://openrouter.ai/api/v1/chat/completions "HTTP/1.1 200 OK"
2026-06-21 21:09:37 | INFO    | httpx | HTTP Request: POST https://openrouter.ai/api/v1/chat/completions "HTTP/1.1 200 OK"
2026-06-21 21:09:37 | INFO    | httpx | HTTP Request: POST https://openrouter.ai/api/v1/chat/completions "HTTP/1.1 200 OK"
2026-06-21 21:09:37 | INFO    | httpx | HTTP Request: POST https://openrouter.ai/api/v1/chat/completions "HTTP/1.1 200 OK"
2026-06-21 21:09:37 | INFO    | httpx | HTTP Request: POST https://openrouter.ai/api/v1/chat/completions "HTTP/1.1 200 OK"
2026-06-21 21:09:37 | INFO    | httpx | HTTP Request: POST https://openrouter.ai/api/v1/chat/completions "HTTP/1.1 200 OK"
2026-06-21 21:09:37 | INFO    | httpx | HTTP Request: POST https://openrouter.ai/api/v1/chat/completions "HTTP/1.1 200 OK"
2026-06-21 21:09:37 | INFO    | httpx | HTTP Request: POST https://openrouter.ai/api/v1/chat/completions "HTTP/1.1 200 OK"
2026-06-21 21:09:38 | INFO    | httpx | HTTP Request: POST https://openrouter.ai/api/v1/chat/completions "HTTP/1.1 200 OK"
2026-06-21 21:09:38 | INFO    | httpx | HTTP Request: POST https://openrouter.ai/api/v1/chat/completions "HTTP/1.1 200 OK"
2026-06-21 21:09:38 | INFO    | httpx | HTTP Request: POST https://openrouter.ai/api/v1/chat/completions "HTTP/1.1 200 OK"
2026-06-21 21:09:38 | INFO    | httpx | HTTP Request: POST https://openrouter.ai/api/v1/chat/completions "HTTP/1.1 200 OK"
2026-06-21 21:09:38 | INFO    | httpx | HTTP Request: POST https://openrouter.ai/api/v1/chat/completions "HTTP/1.1 200 OK"
2026-06-21 21:09:38 | INFO    | httpx | HTTP Request: POST https://openrouter.ai/api/v1/chat/completions "HTTP/1.1 200 OK"
2026-06-21 21:09:38 | INFO    | httpx | HTTP Request: POST https://openrouter.ai/api/v1/chat/completions "HTTP/1.1 200 OK"
2026-06-21 21:09:38 | INFO    | httpx | HTTP Request: POST https://openrouter.ai/api/v1/chat/completions "HTTP/1.1 200 OK"
2026-06-21 21:09:38 | INFO    | httpx | HTTP Request: POST https://openrouter.ai/api/v1/chat/completions "HTTP/1.1 200 OK"
2026-06-21 21:09:39 | INFO    | httpx | HTTP Request: POST https://openrouter.ai/api/v1/chat/completions "HTTP/1.1 200 OK"
2026-06-21 21:09:39 | INFO    | httpx | HTTP Request: POST https://openrouter.ai/api/v1/chat/completions "HTTP/1.1 200 OK"
2026-06-21 21:09:39 | INFO    | httpx | HTTP Request: POST https://openrouter.ai/api/v1/chat/completions "HTTP/1.1 200 OK"
2026-06-21 21:09:39 | INFO    | httpx | HTTP Request: POST https://openrouter.ai/api/v1/chat/completions "HTTP/1.1 200 OK"
2026-06-21 21:09:39 | INFO    | httpx | HTTP Request: POST https://openrouter.ai/api/v1/chat/completions "HTTP/1.1 200 OK"
2026-06-21 21:09:39 | INFO    | httpx | HTTP Request: POST https://openrouter.ai/api/v1/chat/completions "HTTP/1.1 200 OK"
2026-06-21 21:09:39 | INFO    | httpx | HTTP Request: POST https://openrouter.ai/api/v1/chat/completions "HTTP/1.1 200 OK"
2026-06-21 21:09:39 | INFO    | httpx | HTTP Request: POST https://openrouter.ai/api/v1/chat/completions "HTTP/1.1 200 OK"
2026-06-21 21:09:39 | INFO    | httpx | HTTP Request: POST https://openrouter.ai/api/v1/chat/completions "HTTP/1.1 200 OK"
2026-06-21 21:09:39 | INFO    | httpx | HTTP Request: POST https://openrouter.ai/api/v1/chat/completions "HTTP/1.1 200 OK"
2026-06-21 21:09:39 | INFO    | httpx | HTTP Request: POST https://openrouter.ai/api/v1/chat/completions "HTTP/1.1 200 OK"
2026-06-21 21:09:40 | INFO    | httpx | HTTP Request: POST https://openrouter.ai/api/v1/chat/completions "HTTP/1.1 200 OK"
2026-06-21 21:09:40 | INFO    | httpx | HTTP Request: POST https://openrouter.ai/api/v1/chat/completions "HTTP/1.1 200 OK"
2026-06-21 21:09:40 | INFO    | httpx | HTTP Request: POST https://openrouter.ai/api/v1/chat/completions "HTTP/1.1 200 OK"
2026-06-21 21:09:40 | INFO    | httpx | HTTP Request: POST https://openrouter.ai/api/v1/chat/completions "HTTP/1.1 200 OK"
2026-06-21 21:09:40 | INFO    | httpx | HTTP Request: POST https://openrouter.ai/api/v1/chat/completions "HTTP/1.1 200 OK"
2026-06-21 21:09:40 | INFO    | httpx | HTTP Request: POST https://openrouter.ai/api/v1/chat/completions "HTTP/1.1 200 OK"
2026-06-21 21:09:40 | INFO    | httpx | HTTP Request: POST https://openrouter.ai/api/v1/chat/completions "HTTP/1.1 200 OK"
2026-06-21 21:09:40 | INFO    | httpx | HTTP Request: POST https://openrouter.ai/api/v1/chat/completions "HTTP/1.1 200 OK"
2026-06-21 21:09:40 | INFO    | httpx | HTTP Request: POST https://openrouter.ai/api/v1/chat/completions "HTTP/1.1 200 OK"
2026-06-21 21:09:40 | INFO    | httpx | HTTP Request: POST https://openrouter.ai/api/v1/chat/completions "HTTP/1.1 200 OK"
2026-06-21 21:09:41 | INFO    | httpx | HTTP Request: POST https://openrouter.ai/api/v1/chat/completions "HTTP/1.1 200 OK"
2026-06-21 21:09:41 | INFO    | httpx | HTTP Request: POST https://openrouter.ai/api/v1/chat/completions "HTTP/1.1 200 OK"
2026-06-21 21:09:41 | INFO    | httpx | HTTP Request: POST https://openrouter.ai/api/v1/chat/completions "HTTP/1.1 200 OK"
2026-06-21 21:09:41 | INFO    | httpx | HTTP Request: POST https://openrouter.ai/api/v1/chat/completions "HTTP/1.1 200 OK"
2026-06-21 21:09:41 | INFO    | httpx | HTTP Request: POST https://openrouter.ai/api/v1/chat/completions "HTTP/1.1 200 OK"
2026-06-21 21:09:41 | INFO    | httpx | HTTP Request: POST https://openrouter.ai/api/v1/chat/completions "HTTP/1.1 200 OK"
2026-06-21 21:09:41 | INFO    | httpx | HTTP Request: POST https://openrouter.ai/api/v1/chat/completions "HTTP/1.1 200 OK"
2026-06-21 21:09:41 | INFO    | httpx | HTTP Request: POST https://openrouter.ai/api/v1/chat/completions "HTTP/1.1 200 OK"
2026-06-21 21:09:42 | INFO    | httpx | HTTP Request: POST https://openrouter.ai/api/v1/chat/completions "HTTP/1.1 200 OK"
2026-06-21 21:09:42 | INFO    | __main__ |     нейрон 49181 alpha=+115.98: p_yes=0.467 CI=[0.33,0.58] (n=60)
2026-06-21 21:09:42 | INFO    | __main__ | [34/35] нейрон 49181 (control) alpha=+231.95 — генерация ...
2026-06-21 21:10:19 | INFO    | __main__ |     ... всего генераций: 1842
2026-06-21 21:10:42 | INFO    | __main__ |     ... всего генераций: 1850
2026-06-21 21:11:18 | INFO    | __main__ |     ... всего генераций: 1862
2026-06-21 21:11:38 | INFO    | __main__ |     ... всего генераций: 1870
2026-06-21 21:12:09 | INFO    | __main__ |     ... всего генераций: 1882
2026-06-21 21:12:29 | INFO    | __main__ |     ... всего генераций: 1890
2026-06-21 21:12:30 | INFO    | httpx | HTTP Request: POST https://openrouter.ai/api/v1/chat/completions "HTTP/1.1 200 OK"
2026-06-21 21:12:30 | INFO    | httpx | HTTP Request: POST https://openrouter.ai/api/v1/chat/completions "HTTP/1.1 200 OK"
2026-06-21 21:12:30 | INFO    | httpx | HTTP Request: POST https://openrouter.ai/api/v1/chat/completions "HTTP/1.1 200 OK"
2026-06-21 21:12:30 | INFO    | httpx | HTTP Request: POST https://openrouter.ai/api/v1/chat/completions "HTTP/1.1 200 OK"
2026-06-21 21:12:30 | INFO    | httpx | HTTP Request: POST https://openrouter.ai/api/v1/chat/completions "HTTP/1.1 200 OK"
2026-06-21 21:12:31 | INFO    | httpx | HTTP Request: POST https://openrouter.ai/api/v1/chat/completions "HTTP/1.1 200 OK"
2026-06-21 21:12:31 | INFO    | httpx | HTTP Request: POST https://openrouter.ai/api/v1/chat/completions "HTTP/1.1 200 OK"
2026-06-21 21:12:31 | INFO    | httpx | HTTP Request: POST https://openrouter.ai/api/v1/chat/completions "HTTP/1.1 200 OK"
2026-06-21 21:12:31 | INFO    | httpx | HTTP Request: POST https://openrouter.ai/api/v1/chat/completions "HTTP/1.1 200 OK"
2026-06-21 21:12:31 | INFO    | httpx | HTTP Request: POST https://openrouter.ai/api/v1/chat/completions "HTTP/1.1 200 OK"
2026-06-21 21:12:31 | INFO    | httpx | HTTP Request: POST https://openrouter.ai/api/v1/chat/completions "HTTP/1.1 200 OK"
2026-06-21 21:12:31 | INFO    | httpx | HTTP Request: POST https://openrouter.ai/api/v1/chat/completions "HTTP/1.1 200 OK"
2026-06-21 21:12:31 | INFO    | httpx | HTTP Request: POST https://openrouter.ai/api/v1/chat/completions "HTTP/1.1 200 OK"
2026-06-21 21:12:31 | INFO    | httpx | HTTP Request: POST https://openrouter.ai/api/v1/chat/completions "HTTP/1.1 200 OK"
2026-06-21 21:12:32 | INFO    | httpx | HTTP Request: POST https://openrouter.ai/api/v1/chat/completions "HTTP/1.1 200 OK"
2026-06-21 21:12:32 | INFO    | httpx | HTTP Request: POST https://openrouter.ai/api/v1/chat/completions "HTTP/1.1 200 OK"
2026-06-21 21:12:32 | INFO    | httpx | HTTP Request: POST https://openrouter.ai/api/v1/chat/completions "HTTP/1.1 200 OK"
2026-06-21 21:12:32 | INFO    | httpx | HTTP Request: POST https://openrouter.ai/api/v1/chat/completions "HTTP/1.1 200 OK"
2026-06-21 21:12:32 | INFO    | httpx | HTTP Request: POST https://openrouter.ai/api/v1/chat/completions "HTTP/1.1 200 OK"
2026-06-21 21:12:32 | INFO    | httpx | HTTP Request: POST https://openrouter.ai/api/v1/chat/completions "HTTP/1.1 200 OK"
2026-06-21 21:12:32 | INFO    | httpx | HTTP Request: POST https://openrouter.ai/api/v1/chat/completions "HTTP/1.1 200 OK"
2026-06-21 21:12:32 | INFO    | httpx | HTTP Request: POST https://openrouter.ai/api/v1/chat/completions "HTTP/1.1 200 OK"
2026-06-21 21:12:32 | INFO    | httpx | HTTP Request: POST https://openrouter.ai/api/v1/chat/completions "HTTP/1.1 200 OK"
2026-06-21 21:12:32 | INFO    | httpx | HTTP Request: POST https://openrouter.ai/api/v1/chat/completions "HTTP/1.1 200 OK"
2026-06-21 21:12:32 | INFO    | httpx | HTTP Request: POST https://openrouter.ai/api/v1/chat/completions "HTTP/1.1 200 OK"
2026-06-21 21:12:33 | INFO    | httpx | HTTP Request: POST https://openrouter.ai/api/v1/chat/completions "HTTP/1.1 200 OK"
2026-06-21 21:12:33 | INFO    | httpx | HTTP Request: POST https://openrouter.ai/api/v1/chat/completions "HTTP/1.1 200 OK"
2026-06-21 21:12:33 | INFO    | httpx | HTTP Request: POST https://openrouter.ai/api/v1/chat/completions "HTTP/1.1 200 OK"
2026-06-21 21:12:33 | INFO    | httpx | HTTP Request: POST https://openrouter.ai/api/v1/chat/completions "HTTP/1.1 200 OK"
2026-06-21 21:12:33 | INFO    | httpx | HTTP Request: POST https://openrouter.ai/api/v1/chat/completions "HTTP/1.1 200 OK"
2026-06-21 21:12:33 | INFO    | httpx | HTTP Request: POST https://openrouter.ai/api/v1/chat/completions "HTTP/1.1 200 OK"
2026-06-21 21:12:33 | INFO    | httpx | HTTP Request: POST https://openrouter.ai/api/v1/chat/completions "HTTP/1.1 200 OK"
2026-06-21 21:12:33 | INFO    | httpx | HTTP Request: POST https://openrouter.ai/api/v1/chat/completions "HTTP/1.1 200 OK"
2026-06-21 21:12:33 | INFO    | httpx | HTTP Request: POST https://openrouter.ai/api/v1/chat/completions "HTTP/1.1 200 OK"
2026-06-21 21:12:33 | INFO    | httpx | HTTP Request: POST https://openrouter.ai/api/v1/chat/completions "HTTP/1.1 200 OK"
2026-06-21 21:12:33 | INFO    | httpx | HTTP Request: POST https://openrouter.ai/api/v1/chat/completions "HTTP/1.1 200 OK"
2026-06-21 21:12:33 | INFO    | httpx | HTTP Request: POST https://openrouter.ai/api/v1/chat/completions "HTTP/1.1 200 OK"
2026-06-21 21:12:34 | INFO    | httpx | HTTP Request: POST https://openrouter.ai/api/v1/chat/completions "HTTP/1.1 200 OK"
2026-06-21 21:12:34 | INFO    | httpx | HTTP Request: POST https://openrouter.ai/api/v1/chat/completions "HTTP/1.1 200 OK"
2026-06-21 21:12:34 | INFO    | httpx | HTTP Request: POST https://openrouter.ai/api/v1/chat/completions "HTTP/1.1 200 OK"
2026-06-21 21:12:34 | INFO    | httpx | HTTP Request: POST https://openrouter.ai/api/v1/chat/completions "HTTP/1.1 200 OK"
2026-06-21 21:12:34 | INFO    | httpx | HTTP Request: POST https://openrouter.ai/api/v1/chat/completions "HTTP/1.1 200 OK"
2026-06-21 21:12:34 | INFO    | httpx | HTTP Request: POST https://openrouter.ai/api/v1/chat/completions "HTTP/1.1 200 OK"
2026-06-21 21:12:34 | INFO    | httpx | HTTP Request: POST https://openrouter.ai/api/v1/chat/completions "HTTP/1.1 200 OK"
2026-06-21 21:12:34 | INFO    | httpx | HTTP Request: POST https://openrouter.ai/api/v1/chat/completions "HTTP/1.1 200 OK"
2026-06-21 21:12:34 | INFO    | httpx | HTTP Request: POST https://openrouter.ai/api/v1/chat/completions "HTTP/1.1 200 OK"
2026-06-21 21:12:34 | INFO    | httpx | HTTP Request: POST https://openrouter.ai/api/v1/chat/completions "HTTP/1.1 200 OK"
2026-06-21 21:12:35 | INFO    | httpx | HTTP Request: POST https://openrouter.ai/api/v1/chat/completions "HTTP/1.1 200 OK"
2026-06-21 21:12:35 | INFO    | httpx | HTTP Request: POST https://openrouter.ai/api/v1/chat/completions "HTTP/1.1 200 OK"
2026-06-21 21:12:35 | INFO    | httpx | HTTP Request: POST https://openrouter.ai/api/v1/chat/completions "HTTP/1.1 200 OK"
2026-06-21 21:12:35 | INFO    | httpx | HTTP Request: POST https://openrouter.ai/api/v1/chat/completions "HTTP/1.1 200 OK"
2026-06-21 21:12:35 | INFO    | httpx | HTTP Request: POST https://openrouter.ai/api/v1/chat/completions "HTTP/1.1 200 OK"
2026-06-21 21:12:35 | INFO    | httpx | HTTP Request: POST https://openrouter.ai/api/v1/chat/completions "HTTP/1.1 200 OK"
2026-06-21 21:12:35 | INFO    | httpx | HTTP Request: POST https://openrouter.ai/api/v1/chat/completions "HTTP/1.1 200 OK"
2026-06-21 21:12:35 | INFO    | httpx | HTTP Request: POST https://openrouter.ai/api/v1/chat/completions "HTTP/1.1 200 OK"
2026-06-21 21:12:35 | INFO    | httpx | HTTP Request: POST https://openrouter.ai/api/v1/chat/completions "HTTP/1.1 200 OK"
2026-06-21 21:12:35 | INFO    | httpx | HTTP Request: POST https://openrouter.ai/api/v1/chat/completions "HTTP/1.1 200 OK"
2026-06-21 21:12:35 | INFO    | httpx | HTTP Request: POST https://openrouter.ai/api/v1/chat/completions "HTTP/1.1 200 OK"
2026-06-21 21:12:36 | INFO    | httpx | HTTP Request: POST https://openrouter.ai/api/v1/chat/completions "HTTP/1.1 200 OK"
2026-06-21 21:12:36 | INFO    | httpx | HTTP Request: POST https://openrouter.ai/api/v1/chat/completions "HTTP/1.1 200 OK"
2026-06-21 21:12:36 | INFO    | __main__ |     нейрон 49181 alpha=+231.95: p_yes=0.483 CI=[0.35,0.62] (n=60)
2026-06-21 21:12:36 | INFO    | __main__ | [35/35] нейрон 49181 (control) alpha=+463.91 — генерация ...
2026-06-21 21:13:07 | INFO    | __main__ |     ... всего генераций: 1902
2026-06-21 21:13:28 | INFO    | __main__ |     ... всего генераций: 1910
2026-06-21 21:13:59 | INFO    | __main__ |     ... всего генераций: 1922
2026-06-21 21:14:20 | INFO    | __main__ |     ... всего генераций: 1930
2026-06-21 21:14:49 | INFO    | __main__ |     ... всего генераций: 1942
2026-06-21 21:15:10 | INFO    | __main__ |     ... всего генераций: 1950
2026-06-21 21:15:10 | INFO    | httpx | HTTP Request: POST https://openrouter.ai/api/v1/chat/completions "HTTP/1.1 200 OK"
2026-06-21 21:15:10 | INFO    | httpx | HTTP Request: POST https://openrouter.ai/api/v1/chat/completions "HTTP/1.1 200 OK"
2026-06-21 21:15:11 | INFO    | httpx | HTTP Request: POST https://openrouter.ai/api/v1/chat/completions "HTTP/1.1 200 OK"
2026-06-21 21:15:11 | INFO    | httpx | HTTP Request: POST https://openrouter.ai/api/v1/chat/completions "HTTP/1.1 200 OK"
2026-06-21 21:15:11 | INFO    | httpx | HTTP Request: POST https://openrouter.ai/api/v1/chat/completions "HTTP/1.1 200 OK"
2026-06-21 21:15:11 | INFO    | httpx | HTTP Request: POST https://openrouter.ai/api/v1/chat/completions "HTTP/1.1 200 OK"
2026-06-21 21:15:11 | INFO    | httpx | HTTP Request: POST https://openrouter.ai/api/v1/chat/completions "HTTP/1.1 200 OK"
2026-06-21 21:15:11 | INFO    | httpx | HTTP Request: POST https://openrouter.ai/api/v1/chat/completions "HTTP/1.1 200 OK"
2026-06-21 21:15:11 | INFO    | httpx | HTTP Request: POST https://openrouter.ai/api/v1/chat/completions "HTTP/1.1 200 OK"
2026-06-21 21:15:11 | INFO    | httpx | HTTP Request: POST https://openrouter.ai/api/v1/chat/completions "HTTP/1.1 200 OK"
2026-06-21 21:15:11 | INFO    | httpx | HTTP Request: POST https://openrouter.ai/api/v1/chat/completions "HTTP/1.1 200 OK"
2026-06-21 21:15:11 | INFO    | httpx | HTTP Request: POST https://openrouter.ai/api/v1/chat/completions "HTTP/1.1 200 OK"
2026-06-21 21:15:11 | INFO    | httpx | HTTP Request: POST https://openrouter.ai/api/v1/chat/completions "HTTP/1.1 200 OK"
2026-06-21 21:15:12 | INFO    | httpx | HTTP Request: POST https://openrouter.ai/api/v1/chat/completions "HTTP/1.1 200 OK"
2026-06-21 21:15:12 | INFO    | httpx | HTTP Request: POST https://openrouter.ai/api/v1/chat/completions "HTTP/1.1 200 OK"
2026-06-21 21:15:12 | INFO    | httpx | HTTP Request: POST https://openrouter.ai/api/v1/chat/completions "HTTP/1.1 200 OK"
2026-06-21 21:15:12 | INFO    | httpx | HTTP Request: POST https://openrouter.ai/api/v1/chat/completions "HTTP/1.1 403 Forbidden"
2026-06-21 21:15:12 | WARNING | src.interpret | Судья: ошибка на ответе #17: Error code: 403 - {'error': {'message': 'Provider returned error', 'code': 403, 'metadata': {'raw': '{"error":{"code":"unsupported_country_region_territory","message":"Country, region, or territory not supported","param":null,"type":"request_forbidden"}}', 'provider_name': 'OpenAI', 'is_byok': False, 'previous_errors': [{'code': 400, 'message': 'Provider returned error', 'provider_name': 'Azure', 'raw': '{"error":{"message":"The response was filtered due to the prompt triggering Azure OpenAI\'s content management policy. Please modify your prompt and retry. To learn more about our content filtering policies please read our documentation: https://go.microsoft.com/fwlink/?linkid=2198766","type":null,"param":"prompt","code":"content_filter","status":400,"innererror":{"code":"ResponsibleAIPolicyViolation","content_filter_result":{"hate":{"filtered":false,"severity":"safe"},"jailbreak":{"detected":true,"filtered":true},"self_harm":{"filtered":false,"severity":"safe"},"sexual":{"filtered":false,"severity":"safe"},"violence":{"filtered":false,"severity":"safe"}}}}}'}]}}, 'user_id': 'user_3D1saQ7udEkOIGIngw6fRx2sO8l'}
2026-06-21 21:15:12 | INFO    | httpx | HTTP Request: POST https://openrouter.ai/api/v1/chat/completions "HTTP/1.1 200 OK"
2026-06-21 21:15:12 | INFO    | httpx | HTTP Request: POST https://openrouter.ai/api/v1/chat/completions "HTTP/1.1 200 OK"
2026-06-21 21:15:12 | INFO    | httpx | HTTP Request: POST https://openrouter.ai/api/v1/chat/completions "HTTP/1.1 200 OK"
2026-06-21 21:15:12 | INFO    | httpx | HTTP Request: POST https://openrouter.ai/api/v1/chat/completions "HTTP/1.1 200 OK"
2026-06-21 21:15:12 | INFO    | httpx | HTTP Request: POST https://openrouter.ai/api/v1/chat/completions "HTTP/1.1 200 OK"
2026-06-21 21:15:13 | INFO    | httpx | HTTP Request: POST https://openrouter.ai/api/v1/chat/completions "HTTP/1.1 200 OK"
2026-06-21 21:15:13 | INFO    | httpx | HTTP Request: POST https://openrouter.ai/api/v1/chat/completions "HTTP/1.1 200 OK"
2026-06-21 21:15:13 | INFO    | httpx | HTTP Request: POST https://openrouter.ai/api/v1/chat/completions "HTTP/1.1 200 OK"
2026-06-21 21:15:13 | INFO    | httpx | HTTP Request: POST https://openrouter.ai/api/v1/chat/completions "HTTP/1.1 200 OK"
2026-06-21 21:15:13 | INFO    | httpx | HTTP Request: POST https://openrouter.ai/api/v1/chat/completions "HTTP/1.1 200 OK"
2026-06-21 21:15:13 | INFO    | httpx | HTTP Request: POST https://openrouter.ai/api/v1/chat/completions "HTTP/1.1 200 OK"
2026-06-21 21:15:13 | INFO    | httpx | HTTP Request: POST https://openrouter.ai/api/v1/chat/completions "HTTP/1.1 200 OK"
2026-06-21 21:15:13 | INFO    | httpx | HTTP Request: POST https://openrouter.ai/api/v1/chat/completions "HTTP/1.1 200 OK"
2026-06-21 21:15:13 | INFO    | httpx | HTTP Request: POST https://openrouter.ai/api/v1/chat/completions "HTTP/1.1 200 OK"
2026-06-21 21:15:13 | INFO    | httpx | HTTP Request: POST https://openrouter.ai/api/v1/chat/completions "HTTP/1.1 200 OK"
2026-06-21 21:15:13 | INFO    | httpx | HTTP Request: POST https://openrouter.ai/api/v1/chat/completions "HTTP/1.1 200 OK"
2026-06-21 21:15:13 | INFO    | httpx | HTTP Request: POST https://openrouter.ai/api/v1/chat/completions "HTTP/1.1 200 OK"
2026-06-21 21:15:14 | INFO    | httpx | HTTP Request: POST https://openrouter.ai/api/v1/chat/completions "HTTP/1.1 200 OK"
2026-06-21 21:15:14 | INFO    | httpx | HTTP Request: POST https://openrouter.ai/api/v1/chat/completions "HTTP/1.1 200 OK"
2026-06-21 21:15:14 | INFO    | httpx | HTTP Request: POST https://openrouter.ai/api/v1/chat/completions "HTTP/1.1 200 OK"
2026-06-21 21:15:14 | INFO    | httpx | HTTP Request: POST https://openrouter.ai/api/v1/chat/completions "HTTP/1.1 200 OK"
2026-06-21 21:15:14 | INFO    | httpx | HTTP Request: POST https://openrouter.ai/api/v1/chat/completions "HTTP/1.1 200 OK"
2026-06-21 21:15:14 | INFO    | httpx | HTTP Request: POST https://openrouter.ai/api/v1/chat/completions "HTTP/1.1 200 OK"
2026-06-21 21:15:14 | INFO    | httpx | HTTP Request: POST https://openrouter.ai/api/v1/chat/completions "HTTP/1.1 200 OK"
2026-06-21 21:15:14 | INFO    | httpx | HTTP Request: POST https://openrouter.ai/api/v1/chat/completions "HTTP/1.1 200 OK"
2026-06-21 21:15:14 | INFO    | httpx | HTTP Request: POST https://openrouter.ai/api/v1/chat/completions "HTTP/1.1 200 OK"
2026-06-21 21:15:14 | INFO    | httpx | HTTP Request: POST https://openrouter.ai/api/v1/chat/completions "HTTP/1.1 200 OK"
2026-06-21 21:15:14 | INFO    | httpx | HTTP Request: POST https://openrouter.ai/api/v1/chat/completions "HTTP/1.1 200 OK"
2026-06-21 21:15:14 | INFO    | httpx | HTTP Request: POST https://openrouter.ai/api/v1/chat/completions "HTTP/1.1 200 OK"
2026-06-21 21:15:14 | INFO    | httpx | HTTP Request: POST https://openrouter.ai/api/v1/chat/completions "HTTP/1.1 200 OK"
2026-06-21 21:15:15 | INFO    | httpx | HTTP Request: POST https://openrouter.ai/api/v1/chat/completions "HTTP/1.1 200 OK"
2026-06-21 21:15:15 | INFO    | httpx | HTTP Request: POST https://openrouter.ai/api/v1/chat/completions "HTTP/1.1 200 OK"
2026-06-21 21:15:15 | INFO    | httpx | HTTP Request: POST https://openrouter.ai/api/v1/chat/completions "HTTP/1.1 200 OK"
2026-06-21 21:15:15 | INFO    | httpx | HTTP Request: POST https://openrouter.ai/api/v1/chat/completions "HTTP/1.1 200 OK"
2026-06-21 21:15:15 | INFO    | httpx | HTTP Request: POST https://openrouter.ai/api/v1/chat/completions "HTTP/1.1 200 OK"
2026-06-21 21:15:15 | INFO    | httpx | HTTP Request: POST https://openrouter.ai/api/v1/chat/completions "HTTP/1.1 200 OK"
2026-06-21 21:15:15 | INFO    | httpx | HTTP Request: POST https://openrouter.ai/api/v1/chat/completions "HTTP/1.1 200 OK"
2026-06-21 21:15:15 | INFO    | httpx | HTTP Request: POST https://openrouter.ai/api/v1/chat/completions "HTTP/1.1 200 OK"
2026-06-21 21:15:16 | INFO    | httpx | HTTP Request: POST https://openrouter.ai/api/v1/chat/completions "HTTP/1.1 200 OK"
2026-06-21 21:15:16 | INFO    | httpx | HTTP Request: POST https://openrouter.ai/api/v1/chat/completions "HTTP/1.1 200 OK"
2026-06-21 21:15:16 | INFO    | httpx | HTTP Request: POST https://openrouter.ai/api/v1/chat/completions "HTTP/1.1 200 OK"
2026-06-21 21:15:16 | INFO    | httpx | HTTP Request: POST https://openrouter.ai/api/v1/chat/completions "HTTP/1.1 200 OK"
2026-06-21 21:15:16 | INFO    | httpx | HTTP Request: POST https://openrouter.ai/api/v1/chat/completions "HTTP/1.1 200 OK"
2026-06-21 21:15:16 | INFO    | __main__ |     нейрон 49181 alpha=+463.91: p_yes=0.300 CI=[0.18,0.42] (n=60)
2026-06-21 21:15:18 | INFO    | src.visualize | Сохранено: artifacts/figures/steering_curves.png
2026-06-21 21:15:18 | INFO    | __main__ | === Вердикт steering (критерий: монотонность + разделение CI с контролем) ===
2026-06-21 21:15:18 | INFO    | __main__ | нейрон 26266 (explicit): Δp_yes(min→max)=+0.617; монотонна=False; CI триггера vs контроля разделены: на min-alpha=False, на max-alpha=True → неотличим от контроля
2026-06-21 21:15:18 | INFO    | __main__ | нейрон 14551 (explicit): Δp_yes(min→max)=+0.000; монотонна=False; CI триггера vs контроля разделены: на min-alpha=False, на max-alpha=True → неотличим от контроля
2026-06-21 21:15:18 | INFO    | __main__ | нейрон 2336 (explicit): Δp_yes(min→max)=-0.267; монотонна=False; CI триггера vs контроля разделены: на min-alpha=True, на max-alpha=True → неотличим от контроля
2026-06-21 21:15:18 | INFO    | __main__ | нейрон 6750 (explicit): Δp_yes(min→max)=-0.083; монотонна=False; CI триггера vs контроля разделены: на min-alpha=True, на max-alpha=True → неотличим от контроля
2026-06-21 21:15:18 | INFO    | __main__ | Готово. Результаты: artifacts/steering_results.json ; сводка: artifacts/steering_summary.csv
