id,cluster
1,31
2,31
3,31
4,41
5,31
6,31
7,95
8,31
9,31
10,26
11,92
12,17
13,74
14,84
15,7
16,92
17,26
18,31
19,35
20,38
21,72
22,54
23,14
24,59
25,84
26,38
27,16
28,72
29,31
30,26
31,69
32,93
33,1
34,77
35,90
36,25
37,31
38,77
39,77
40,54
41,70
42,90
43,90
44,0
45,1
46,57
47,1
48,84
49,77
51,1
53,54
54,92
55,92
56,77
57,72
58,38
59,11
60,91
61,89
62,25
63,28
64,25
66,77
67,14
68,25
69,28
70,2
71,89
72,25
73,41
74,92
75,77
76,92
77,76
78,16
79,90
80,77
81,82
82,91
83,25
84,90
85,16
86,91
87,84
88,89
89,31
90,82
91,7
92,82
93,33
94,16
95,82
96,44
97,44
98,0
99,14
100,10
101,89
102,94
103,82
104,31
105,1
106,16
107,16
108,33
109,98
110,93
111,16
112,43
113,92
115,31
117,34
118,77
119,16
120,7
121,16
122,16
123,25
124,26
125,1
126,44
128,72
130,20
131,76
132,22
133,76
134,93
135,0
136,24
137,17
138,13
139,16
140,16
141,1
142,59
143,1
144,7
145,1
146,92
147,31
148,31
149,16
150,89
151,38
152,93
153,1
154,85
155,16
156,34
157,1
158,1
159,90
160,93
161,1
162,20
163,24
164,7
165,16
166,1
167,51
168,51
169,44
170,33
171,1
172,33
173,33
174,76
175,0
176,0
177,0
178,1
179,16
180,84
181,58
200,58
201,44
202,14
203,1
204,33
205,13
206,14
207,98
208,1
209,76
210,70
211,43
212,28
213,98
214,98
215,16
216,20
217,1
219,16
220,7
221,33
222,43
223,76
224,16
225,74
228,69
230,69
232,99
233,1
234,82
235,15
236,3
238,15
240,15
241,94
242,1
243,87
244,33
245,13
246,38
247,54
248,54
249,51
250,89
251,31
252,31
253,54
254,11
255,54
257,69
258,98
259,98
260,99
261,98
262,99
263,38
264,99
265,88
266,38
267,93
268,59
269,16
270,1
271,92
272,26
273,18
274,18
275,18
276,34
277,31
278,95
279,23
280,13
281,18
282,84
283,16
284,70
285,16
286,94
287,59
288,82
289,92
290,13
291,16
292,59
293,92
294,7
295,94
296,92
297,93
298,70
299,59
300,31
301,38
302,28
303,77
304,98
305,33
306,94
307,82
308,7
309,38
310,16
311,70
312,24
313,38
314,27
315,12
316,92
317,98
318,13
319,2
321,7
322,85
323,99
324,85
325,76
326,27
327,94
328,38
329,7
330,16
331,59
332,59
333,13
334,15
335,62
336,35
337,35
338,35
339,35
340,35
341,35
342,13
343,29
344,16
345,16
346,59
347,91
348,69
349,59
350,1
351,16
352,59
353,98
354,2
355,76
356,85
357,91
358,1
359,57
360,89
361,1
362,93
363,33
364,16
365,27
366,16
367,16
368,11
369,91
370,85
371,15
372,1
373,15
374,80
375,41
376,45
377,1
378,82
379,2
380,1
381,13
382,29
383,80
384,92
385,59
386,15
387,13
388,59
389,76
390,38
391,91
392,88
393,16
394,1
395,0
396,93
397,38
398,26
399,92
400,69
401,1
402,16
403,22
404,13
405,13
406,13
407,13
408,14
409,98
410,59
411,91
412,13
413,38
414,32
415,97
416,59
417,34
418,18
419,92
420,92
421,92
422,85
423,79
424,99
425,13
426,37
427,44
428,93
429,59
430,93
431,33
432,0
433,16
434,16
435,79
436,92
437,97
438,38
439,20
440,92
441,38
442,98
443,43
444,89
445,89
446,33
447,1
448,11
449,33
450,93
451,7
452,43
453,94
454,98
455,11
456,56
457,93
458,98
459,16
460,74
461,93
462,92
463,41
464,42
465,27
466,89
467,0
468,47
469,0
470,18
471,1
472,16
473,74
474,74
475,45
476,77
477,33
478,93
479,92
480,56
481,33
482,16
483,16
484,17
485,92
486,92
487,38
488,63
489,59
490,95
491,87
492,13
493,16
494,93
495,93
496,3
497,13
498,17
499,17
500,3
501,3
502,59
503,74
504,37
505,18
506,1
507,1
508,16
509,48
510,48
511,48
512,85
513,16
514,1
515,37
516,95
517,92
518,92
519,57
520,57
521,7
522,72
523,96
524,93
525,92
526,16
527,16
528,92
529,51
530,92
531,89
532,16
533,32
534,27
535,27
536,42
537,33
538,59
539,13
540,74
541,70
542,13
543,93
544,1
545,90
546,16
547,33
548,12
549,59
550,1
551,16
552,44
553,44
554,10
555,85
556,3
557,85
558,33
559,22
560,22
561,7
562,17
563,20
564,33
565,53
566,6
567,73
568,73
569,73
570,18
571,84
572,3
573,88
574,99
575,2
577,15
578,89
579,98
580,85
581,1
582,3
583,1
584,14
585,14
586,79
587,80
588,85
589,29
590,13
591,98
592,98
593,49
594,74
595,98
596,38
597,73
598,69
599,0
600,87
601,76
602,69
603,13
604,25
605,25
606,35
608,54
609,31
610,91
611,16
612,89
613,67
614,27
615,91
616,18
617,12
618,88
619,16
620,37
621,20
622,13
623,69
624,90
625,15
626,54
627,27
633,28
634,28
636,76
637,13
638,16
639,20
640,74
641,74
642,76
643,16
644,57
645,16
646,92
647,33
648,60
649,99
650,53
651,99
652,82
653,57
654,18
655,13
656,13
657,88
658,69
659,92
660,54
661,54
662,54
663,54
664,54
665,54
666,54
667,54
668,54
669,54
670,54
671,92
672,77
673,54
674,65
675,31
676,85
677,72
678,85
679,38
680,38
681,37
682,28
683,40
684,83
685,83
686,53
687,13
688,59
689,87
690,89
691,98
692,98
693,15
694,56
695,74
696,82
697,3
698,13
699,46
700,1
701,92
702,17
703,99
704,76
705,15
706,33
707,33
708,92
709,74
710,59
711,82
712,31
713,76
714,17
715,25
716,7
717,16
718,82
719,10
720,82
721,57
722,31
723,15
724,2
725,13
726,16
727,31
728,13
729,77
730,85
731,53
732,53
733,53
734,53
735,53
736,53
737,17
738,33
739,31
740,31
741,31
742,36
743,11
744,28
746,59
747,79
748,94
749,82
750,88
751,1
752,74
753,59
754,2
755,27
756,27
757,99
759,15
760,13
761,85
762,77
763,59
764,17
765,25
766,1
767,1
768,16
769,82
770,74
771,13
772,38
773,15
774,80
775,90
776,93
777,77
778,1
779,88
780,90
781,7
782,42
783,17
784,17
785,38
786,16
787,93
788,59
789,0
790,1
791,99
792,70
793,12
794,92
795,99
804,0
805,16
806,69
807,33
808,10
809,57
810,15
811,88
812,28
813,87
814,59
815,31
816,31
817,77
818,77
819,77
820,13
821,1
822,37
823,18
824,2
829,82
830,69
831,88
832,82
833,89
834,33
835,38
836,91
837,92
838,73
839,82
840,91
841,98
842,15
843,31
844,10
845,41
846,31
847,65
848,91
849,80
850,70
851,13
852,8
853,20
854,93
855,15
856,11
857,80
858,10
859,10
860,93
861,28
862,11
863,33
864,91
865,37
866,15
867,93
868,80
869,15
870,82
871,69
872,15
873,3
874,77
875,10
876,93
877,85
878,70
879,35
880,64
881,16
882,85
883,1
884,76
885,10
886,42
887,85
888,85
889,96
890,53
891,53
892,53
893,53
894,53
895,53
896,31
897,74
898,37
899,28
900,53
901,43
902,74
903,91
904,1
905,33
906,41
907,77
908,63
909,41
910,59
911,59
912,85
913,87
914,60
915,74
916,85
917,85
918,85
919,11
920,11
921,73
922,18
923,41
924,76
925,31
926,20
927,85
928,3
929,77
930,55
931,38
932,76
933,38
934,99
935,20
936,59
937,98
938,59
939,13
940,91
941,98
942,16
943,10
944,42
945,16
946,1
947,96
948,11
949,7
950,86
951,86
952,86
953,17
954,86
955,92
956,92
957,92
958,82
959,92
960,3
961,3
962,98
963,92
964,82
965,91
966,91
967,85
968,16
969,1
970,80
971,11
972,80
973,7
974,33
975,11
976,74
977,31
978,93
979,45
980,1
981,38
982,24
983,60
984,13
985,87
986,49
987,19
988,8
989,18
990,18
991,18
992,18
993,15
994,7
995,38
996,97
1001,99
1002,99
1003,99
1004,99
1005,49
1006,49
1007,49
1008,49
1013,25
1014,59
1015,27
1016,20
1017,89
1018,3
1019,99
1020,98
1021,98
1022,32
1023,1
1024,7
1025,89
1026,1
1027,59
1028,0
1029,59
1030,99
1031,38
1032,37
1033,59
1034,12
1035,98
1036,59
1037,13
1038,15
1039,42
1040,98
1041,99
1042,38
1043,81
1044,76
1045,69
1046,20
1047,16
1048,59
1049,41
1050,10
1051,0
1052,14
1053,7
1054,29
1055,7
1056,16
1057,38
1058,7
1059,90
1060,38
1061,72
1062,98
1063,33
1064,37
1065,38
1066,46
1067,41
1068,41
1069,0
1073,77
1074,7
1075,43
1076,82
1077,16
1078,17
1079,93
1080,48
1081,76
1082,27
1083,59
1084,55
1085,13
1086,37
1087,3
1088,16
1089,70
1090,80
1091,69
1092,60
1093,16
1094,91
1095,59
1096,93
1097,94
1098,70
1099,16
1100,88
1101,88
1102,88
1103,88
1104,10
1105,38
1106,65
1107,10
1108,10
1109,10
1110,46
1111,88
1112,10
1113,10
1114,43
1115,88
1116,10
1117,88
1118,10
1119,88
1120,65
1121,10
1122,91
1123,10
1124,69
1125,43
1126,10
1127,43
1128,10
1129,29
1130,65
1131,65
1132,69
1133,45
1134,43
1135,10
1136,88
1137,38
1138,37
1139,68
1140,45
1141,38
1142,7
1143,15
1144,37
1145,91
1146,42
1147,76
1148,60
1149,60
1150,72
1151,72
1152,82
1153,25
1154,92
1155,33
1156,16
1157,15
1158,16
1159,33
1160,16
1161,82
1162,90
1163,7
1164,90
1165,98
1166,98
1167,33
1168,16
1169,69
1170,84
1171,69
1172,69
1173,69
1174,69
1175,65
1176,68
1177,69
1178,69
1179,69
1180,68
1181,69
1182,33
1183,33
1184,0
1185,20
1186,99
1187,89
1188,76
1189,49
1190,76
1191,10
1192,10
1193,37
1194,59
1195,16
1196,49
1197,87
1198,59
1199,98
1200,82
1201,45
1202,15
1203,85
1204,16
1205,15
1206,59
1207,82
1208,7
1209,42
1210,72
1211,99
1212,93
1213,15
1214,43
1215,49
1216,81
1217,29
1218,33
1219,80
1220,49
1221,40
1222,80
1223,0
1224,13
1225,28
1226,11
1227,11
1228,81
1229,98
1230,49
1231,59
1232,88
1233,11
1234,21
1235,47
1236,27
1237,47
1238,99
1239,59
1240,10
1241,48
1242,49
1243,13
1244,10
1245,16
1246,98
1247,98
1248,95
1249,16
1250,90
1251,91
1252,91
1253,37
1254,47
1255,77
1257,91
1258,47
1259,47
1260,1
1261,59
1262,59
1263,16
1264,85
1265,96
1266,94
1267,82
1268,90
1269,76
1270,63
1271,20
1272,12
1273,37
1274,91
1275,20
1276,15
1277,49
1278,85
1279,99
1280,98
1281,86
1282,86
1283,92
1284,86
1285,59
1286,88
1287,99
1288,1
1289,76
1290,65
1291,76
1292,10
1293,4
1294,49
1295,15
1296,1
1297,13
1298,59
1299,35
1300,59
1301,96
1302,54
1303,43
1304,38
1305,49
1306,15
1307,16
1308,10
1309,15
1310,29
1311,10
1312,59
1313,59
1314,33
1315,81
1316,13
1317,98
1318,70
1319,11
1320,33
1321,38
1322,98
1323,42
1324,87
1325,13
1326,87
1327,1
1328,48
1329,25
1330,92
1331,28
1332,85
1333,99
1334,37
1335,53
1336,13
1337,13
1338,15
1340,13
1341,89
1342,1
1343,0
1344,49
1345,49
1346,96
1347,11
1348,16
1349,87
1350,0
1351,95
1352,49
1353,25
1354,1
1355,16
1356,7
1357,49
1358,99
1359,91
1360,53
1361,86
1362,7
1363,86
1364,17
1365,98
1366,0
1367,92
1368,44
1369,49
1370,13
1371,27
1372,27
1373,49
1374,0
1375,92
1376,3
1377,91
1378,84
1379,45
1380,49
1381,99
1382,38
1383,38
1384,29
1385,59
1386,94
1387,37
1388,97
1389,49
1390,59
1391,48
1392,57
1393,38
1394,57
1395,15
1396,65
1397,20
1398,20
1399,1
1400,16
1401,16
1402,44
1403,49
1404,31
1405,49
1406,85
1407,7
1408,60
1409,84
1410,49
1411,49
1412,7
1413,15
1414,85
1415,57
1416,94
1417,49
1418,38
1419,85
1420,45
1421,94
1422,37
1423,85
1424,16
1425,49
1426,49
1427,49
1428,49
1429,82
1430,88
1431,22
1432,49
1433,49
1434,8
1435,15
1436,42
1437,49
1438,1
1439,93
1440,63
1441,16
1442,33
1443,49
1444,70
1445,77
1446,80
1447,33
1448,1
1449,16
1450,92
1451,68
1452,14
1453,49
1454,49
1455,0
1456,49
1457,93
1458,82
1459,38
1460,29
1461,91
1462,80
1463,15
1464,80
1465,7
1466,87
1467,57
1468,46
1469,38
1470,45
1471,38
1472,0
1473,16
1474,49
1475,49
1476,7
1477,15
1478,80
1479,42
1480,85
1481,49
1482,49
1483,73
1484,22
1485,95
1486,2
1487,34
1488,42
1489,74
1490,74
1491,13
1492,73
1493,26
1494,26
1495,33
1496,47
1497,0
1498,88
1499,53
1500,88
1501,88
1502,88
1503,88
1504,10
1505,38
1506,69
1507,65
1508,10
1509,10
1510,10
1511,46
1512,88
1513,10
1514,10
1515,43
1516,88
1517,10
1518,88
1519,10
1520,10
1521,88
1522,65
1523,10
1524,10
1525,38
1526,10
1527,10
1528,69
1529,43
1530,10
1531,43
1532,10
1533,29
1534,65
1535,65
1536,69
1537,91
1538,45
1539,43
1540,10
1541,88
1542,69
1543,99
1544,99
1545,99
1546,99
1547,88
1548,85
1549,26
1550,94
1551,1
1552,33
1553,0
1554,49
1555,59
1556,0
1557,88
1558,20
1559,0
1560,95
1561,20
1562,59
1563,33
1564,13
1565,43
1566,79
1567,38
1568,38
1569,1
1570,11
1571,69
1572,69
1573,92
1574,94
1575,11
1576,73
1577,33
1578,49
1579,69
1580,69
1581,26
1582,26
1583,56
1584,69
1585,1
1586,1
1587,16
1588,16
1589,91
1590,22
1591,69
1592,26
1593,32
1594,15
1595,59
1596,59
1597,72
1598,69
1599,74
1600,69
1601,33
1602,80
1603,94
1604,7
1605,16
1606,91
1607,25
1608,0
1609,26
1610,26
1611,17
1612,24
1613,91
1614,94
1615,88
1616,69
1617,76
1618,10
1620,59
1621,33
1622,1
1623,1
1624,1
1625,16
1626,16
1627,16
1628,1
1629,85
1630,85
1631,91
1632,33
1633,59
1634,37
1635,69
1636,69
1637,89
1638,20
1639,49
1640,93
1641,49
1642,69
1643,69
1644,0
1645,38
1646,59
1647,77
1649,0
1650,20
1651,33
1652,7
1653,18
1654,16
1655,59
1656,69
1657,69
1658,69
1659,0
1660,0
1661,33
1662,84
1663,41
1664,24
1665,15
1666,69
1667,1
1668,29
1669,2
1670,18
1671,93
1672,69
1673,69
1674,14
1675,89
1676,69
1677,69
1678,33
1679,59
1680,0
1681,69
1682,69
1683,49
1684,16
1685,33
1686,33
1687,69
1688,45
1689,89
1690,94
1692,42
1693,22
1694,45
1695,33
1696,33
1697,74
1698,7
1699,33
1700,13
1701,94
1702,13
1703,33
1704,49
1705,81
1706,81
1707,81
1708,81
1709,85
1710,49
1711,82
1712,7
1713,41
1714,49
1715,0
1716,85
1717,89
1718,76
1719,99
1720,85
1721,33
1722,18
1723,59
1724,82
1725,59
1726,69
1727,69
1728,69
1729,93
1730,3
1731,38
1732,87
1733,94
1734,93
1735,69
1736,88
1737,49
1738,13
1739,79
1740,59
1741,33
1742,10
1743,56
1744,69
1745,99
1746,38
1747,37
1748,33
1749,0
1750,89
1751,44
1752,91
1753,87
1754,87
1755,87
1756,87
1757,7
1758,37
1759,13
1760,15
1761,37
1762,37
1763,56
1764,59
1765,88
1768,88
1769,10
1770,91
1771,65
1772,10
1773,10
1774,10
1775,46
1776,88
1777,10
1778,10
1779,43
1780,88
1781,10
1782,88
1783,10
1784,88
1785,65
1786,10
1787,10
1788,88
1790,69
1791,43
1792,10
1793,43
1794,91
1795,29
1796,65
1797,65
1798,69
1799,45
1800,43
1801,10
1802,88
1803,59
1804,12
1805,15
1806,15
1807,85
1808,93
1809,59
1810,49
1811,49
1812,49
1813,49
1814,85
1815,41
1816,3
1817,37
1818,37
1819,37
1820,37
1821,37
1822,56
1823,37
1824,15
1825,3
1826,49
1827,13
1828,29
1829,43
1830,38
1831,33
1832,33
1833,33
1834,33
1835,33
1836,33
1837,91
1838,27
1839,16
1840,70
1841,49
1842,87
1843,93
1844,8
1845,93
1846,37
1847,98
1848,97
1849,33
1850,57
1851,33
1852,99
1853,56
1854,47
1855,38
1856,0
1857,33
1858,85
1859,80
1860,91
1861,95
1862,82
1863,84
1864,41
1865,27
1866,27
1867,3
1868,92
1869,33
1870,87
1871,0
1872,33
1873,49
1874,92
1875,37
1876,76
1877,59
1878,33
1879,46
1880,16
1881,59
1882,59
1883,87
1884,49
1885,91
1886,91
1887,40
1888,33
1889,32
1890,79
1891,74
1892,26
1893,88
1894,27
1895,0
1896,47
1897,16
1898,0
1899,0
1900,7
1901,3
1902,57
1903,45
1904,3
1905,1
1906,16
1907,59
1908,59
1909,81
1911,18
1912,49
1913,33
1915,80
1916,59
1917,1
1918,82
1919,98
1920,15
1921,0
1922,10
1923,33
1924,38
1925,49
1926,2
1927,59
1928,59
1929,10
1930,16
1931,22
1932,67
1933,85
1934,99
1935,85
1936,60
1937,3
1938,87
1939,47
1940,49
1941,1
1942,0
1943,49
1944,87
1945,15
1946,12
1947,0
1948,17
1949,88
1950,0
1951,90
1952,93
1953,76
1954,0
1955,33
1956,15
1957,0
1958,99
1959,20
1960,33
1961,54
1962,99
1963,33
1965,7
1966,91
1967,49
1968,49
1969,94
1970,33
1971,43
1972,46
1973,69
1974,99
1975,16
1976,33
1977,69
1978,24
1979,55
1980,82
1981,56
1983,0
1985,1
1986,76
1987,16
1988,3
1989,80
1990,85
1991,80
1992,46
1993,76
1994,15
1995,99
1996,99
1997,99
1998,20
1999,16
2002,38
2003,38
2004,80
2005,75
2006,16
2007,76
2008,98
2009,81
2010,81
2011,7
2012,74
2013,33
2014,33
2015,80
2016,84
2017,20
2018,54
2019,33
2020,16
2021,7
2022,68
2023,49
2024,13
2025,80
2026,85
2027,10
2028,33
2029,59
2030,84
2031,33
2032,15
2033,20
2034,91
2035,15
2036,42
2037,80
2038,33
2039,98
2040,13
2041,47
2042,85
2043,33
2044,13
2045,13
2046,1
2047,49
2048,85
2049,13
2050,13
2051,85
2052,89
2053,31
2055,42
2056,13
2057,59
2058,73
2059,59
2060,0
2061,15
2062,65
2063,59
2064,29
2065,86
2066,59
2067,84
2068,85
2069,20
2070,16
2071,49
2072,85
2073,91
2074,53
2075,16
2076,89
2077,0
2078,16
2079,47
2080,38
2081,16
2082,47
2083,7
2084,16
2085,69
2086,92
2087,81
2088,81
2089,81
2090,82
2092,31
2093,31
2094,31
2095,59
2096,53
2097,33
2098,33
2099,18
2101,67
2102,67
2103,67
2104,67
2105,67
2106,67
2107,67
2108,67
2109,67
2110,67
2111,67
2112,67
2113,67
2114,67
2115,67
2116,67
2117,67
2118,67
2119,67
2120,67
2121,67
2122,67
2123,33
2124,84
2125,84
2126,33
2127,1
2128,95
2129,3
2130,89
2131,84
2132,87
2133,51
2134,45
2135,85
2136,99
2137,91
2138,15
2139,65
2140,46
2141,70
2142,87
2145,65
2147,33
2148,33
2149,33
2150,15
2151,15
2152,82
2153,1
2154,7
2155,37
2156,89
2157,63
2158,85
2159,60
2160,85
2161,38
2162,63
2163,16
2164,80
2165,76
2166,82
2167,15
2168,15
2169,15
2170,15
2171,1
2172,33
2173,45
2175,1
2176,51
2177,2
2178,85
2179,59
2180,59
2181,43
2182,43
2183,80
2184,42
2185,59
2186,7
2191,17
2192,1
2193,70
2194,93
2195,10
2196,7
2197,16
2198,43
2199,69
2225,7
2226,1
2227,22
2231,85
2232,10
2233,85
2234,85
2235,10
2236,10
2237,10
2238,10
2239,10
2240,10
2241,10
2242,10
2243,43
2244,10
2245,10
2246,43
2247,10
2248,43
2249,46
2250,88
2251,88
2252,88
2253,88
2254,88
2255,88
2256,88
2257,88
2258,88
2259,65
2260,65
2261,10
2262,69
2263,65
2264,10
2265,10
2266,91
2267,43
2268,65
2269,45
2270,10
2271,93
2272,42
2273,17
2274,11
2275,95
2276,76
2277,37
2278,80
2279,59
2280,59
2281,59
2282,92
2283,15
2284,3
2285,59
2286,59
2287,33
2288,87
2289,10
2290,72
2291,76
2292,37
2293,94
2294,98
2295,59
2296,16
2297,59
2298,28
2299,7
2300,81
2301,15
2302,0
2303,99
2304,99
2305,59
2306,72
2307,59
2308,91
2309,85
2310,59
2311,53
2315,17
2316,94
2317,13
2318,49
2323,41
2324,15
2325,92
2326,43
2327,59
2328,70
2329,15
2330,20
2331,53
2332,46
2333,46
2334,15
2343,33
2344,33
2345,33
2346,33
2347,33
2348,33
2349,33
2350,33
2351,85
2352,89
2353,85
2354,81
2355,64
2356,85
2357,15
2358,33
2359,49
2360,7
2361,63
2362,8
2363,43
2364,1
2365,0
2366,1
2368,85
2369,22
2370,29
2371,33
2372,93
2373,89
2374,91
2375,43
2376,14
2377,59
2378,69
2379,91
2381,15
2382,95
2383,88
2384,59
2385,2
2386,31
2387,76
2388,35
2389,47
2390,95
2391,3
2392,3
2393,3
2394,23
2395,69
2396,18
2397,13
2398,53
2399,0
2400,72
2401,96
2412,20
2413,1
2414,82
2415,7
2416,59
2417,22
2418,95
2421,34
2422,68
2423,13
2424,7
2425,0
2426,43
2427,7
2428,99
2429,59
2430,99
2431,88
2432,85
2433,76
2434,70
2435,74
2436,1
2437,16
2438,43
2439,46
2440,42
2441,3
2442,31
2443,18
2444,8
2445,45
2446,10
2447,46
2448,83
2449,89
2450,87
2451,33
2452,16
2453,1
2454,33
2455,18
2456,69
2457,43
2458,18
2459,59
2460,37
2461,94
2462,0
2463,44
2464,53
2465,97
2466,0
2467,76
2468,73
2469,73
2470,0
2471,43
2472,0
2473,16
2474,17
2475,17
2476,17
2477,17
2478,17
2479,27
2480,0
2481,8
2482,27
2483,92
2484,69
2485,40
2486,3
2487,98
2488,7
2489,7
2490,99
2491,98
2492,15
2493,3
2494,18
2495,59
2496,16
2497,15
2498,18
2500,16
2501,70
2502,10
2503,35
2504,95
2505,1
2506,10
2507,98
2508,59
2509,90
2510,20
2511,91
2512,27
2513,20
2514,70
2515,76
2516,91
2517,41
2518,82
2519,42
2520,85
2521,94
2522,85
2523,13
2524,85
2525,85
2526,20
2527,0
2528,47
2529,11
2530,42
2531,89
2532,85
2533,85
2534,43
2535,59
2536,10
2537,15
2538,43
2539,42
2540,13
2541,20
2542,93
2543,49
2544,59
2545,80
2546,59
2547,85
2548,85
2549,85
2550,59
2551,49
2552,1
2553,47
2554,33
2555,59
2556,59
2557,3
2558,98
2559,85
2560,59
2561,76
2562,69
2563,47
2564,42
2565,82
2566,80
2567,14
2568,33
2569,15
2570,59
2571,69
2572,2
2573,91
2574,59
2575,20
2576,53
2577,53
2578,47
2579,47
2580,47
2581,53
2582,53
2583,28
2584,28
2585,28
2586,28
2587,16
2588,29
2589,34
2590,16
2591,72
2593,13
2594,85
2595,22
2596,85
2597,94
2598,59
2599,59
2600,0
2601,1
2602,82
2603,20
2604,16
2605,42
2606,3
2607,80
2608,45
2609,47
2610,0
2611,89
2612,46
2613,46
2614,46
2615,80
2616,41
2617,41
2618,7
2619,24
2620,24
2621,24
2622,24
2627,81
2628,81
2629,81
2630,81
2631,81
2632,26
2633,81
2634,20
2635,1
2636,16
2637,87
2638,87
2639,15
2640,0
2641,43
2642,59
2643,80
2644,80
2645,96
2646,75
2647,13
2648,80
2649,41
2651,41
2652,41
2653,41
2654,41
2655,41
2656,41
2657,41
2658,41
2659,41
2660,42
2661,59
2662,85
2663,10
2664,37
2665,1
2666,98
2667,1
2668,73
2669,13
2670,24
2671,62
2672,27
2673,13
2674,13
2675,15
2676,59
2677,13
2678,98
2679,98
2680,20
2681,0
2683,22
2684,16
2685,37
2686,80
2687,91
2688,33
2689,80
2690,23
2691,17
2692,59
2693,29
2694,37
2695,59
2696,76
2697,76
2698,76
2699,13
2700,79
2701,7
2702,91
2703,2
2704,31
2705,94
2706,43
2707,69
2708,0
2709,87
2710,47
2711,59
2712,59
2713,82
2714,16
2715,85
2716,15
2717,85
2718,85
2719,93
2720,43
2721,16
2722,65
2723,59
2724,31
2725,37
2726,92
2727,82
2728,82
2729,82
2730,82
2731,57
2732,99
2733,65
2735,62
2736,33
2737,74
2739,81
2740,81
2741,89
2742,33
2743,14
2744,33
2745,33
2746,33
2747,33
2748,33
2749,43
2750,33
2751,33
2752,33
2753,33
2754,33
2755,45
2756,33
2757,33
2758,33
2759,0
2760,33
2761,82
2762,88
2763,69
2764,82
2765,7
2766,41
2767,33
2768,47
2769,65
2770,92
2771,85
2772,1
2773,1
2774,1
2775,16
2776,70
2777,70
2778,76
2780,13
2781,74
2782,67
2783,47
2784,59
2785,91
2786,92
2787,1
2788,92
2789,17
2791,15
2792,73
2793,59
2794,59
2795,3
2796,15
2797,10
2798,92
2799,70
2800,26
2801,89
2802,16
2803,70
2804,92
2805,41
2806,76
2807,2
2808,69
2809,59
2810,31
2811,65
2812,65
2813,85
2814,48
2815,2
2816,43
2817,38
2818,1
2819,99
2820,44
2821,85
2822,60
2823,80
2824,92
2825,76
2826,0
2827,0
2828,85
2829,10
2830,91
2831,99
2832,20
2833,93
2834,93
2835,62
2836,41
2841,82
2842,82
2843,27
2844,85
2845,91
2846,67
2847,69
2848,67
2849,20
2850,67
2851,59
2852,33
2853,65
2854,42
2855,82
2856,65
2857,82
2858,1
2859,85
2860,85
2861,33
2862,59
2863,99
2864,0
2865,0
2866,91
2867,59
2868,33
2869,16
2870,70
2871,64
2872,64
2873,35
2874,47
2875,47
2876,16
2878,85
2880,10
2881,26
2882,26
2883,33
2884,40
2885,76
2886,59
2888,99
2891,1
2892,72
2893,16
2895,42
2896,95
2897,95
2898,95
2899,31
2900,95
2901,51
2902,15
2903,15
2904,15
2905,22
2906,10
2907,10
2908,10
2909,15
2910,10
2911,10
2912,10
2913,10
2914,10
2915,37
2916,10
2917,10
2918,10
2919,10
2920,10
2921,81
2922,81
2923,81
2924,81
2925,81
2926,81
2927,81
2928,81
2929,81
2930,81
2931,81
2932,81
2933,81
2934,81
2935,81
2936,81
2937,64
2938,81
2939,73
2940,20
2941,49
2942,91
2943,43
2944,2
2945,2
2946,1
2948,16
2949,59
2950,85
2951,73
2952,73
2953,73
2954,73
2955,73
2956,73
2957,73
2958,73
2959,73
2960,73
2961,73
2962,73
2963,73
2964,73
2965,73
2966,73
2967,73
2968,73
2969,73
2970,73
2971,73
2972,73
2973,73
2974,73
2975,73
2976,73
2977,73
2978,73
2979,73
2980,73
2981,73
2982,13
2983,13
2984,13
2985,13
2986,13
2987,13
2988,13
2989,59
2990,12
2991,42
2992,0
2993,13
2994,43
2995,67
2996,94
2997,38
3001,24
3003,40
3004,31
3005,86
3006,37
3007,44
3008,54
3009,38
3010,47
3011,82
3012,69
3013,10
3014,95
3015,63
3016,93
3017,63
3019,85
3020,80
3021,98
3022,16
3023,49
3024,16
3025,43
3026,98
3027,74
3028,3
3029,9
3030,91
3031,32
3032,31
3033,95
3034,14
3035,41
3036,95
3037,89
3038,83
3039,38
3040,89
3041,31
3042,42
3043,95
3044,93
3045,85
3046,44
3047,82
3048,91
3049,1
3050,83
3051,70
3052,69
3053,89
3054,42
3055,44
3056,85
3057,26
3058,85
3059,69
3066,35
3067,15
3068,10
3069,83
3070,16
3071,33
3072,41
3073,95
3074,32
3075,76
3076,12
3077,49
3078,49
3079,49
3080,49
3081,49
3082,49
3083,49
3084,49
3085,49
3086,49
3087,49
3088,49
3089,49
3090,49
3091,16
3092,31
3093,31
3094,0
3095,76
3096,37
3097,82
3098,27
3099,7
3100,49
3101,13
3102,7
3103,15
3104,15
3105,2
3106,37
3107,15
3108,15
3109,37
3110,2
3111,2
3112,2
3113,15
3114,14
3115,89
3116,15
3117,37
3118,89
3119,89
3120,37
3121,15
3122,85
3123,8
3124,88
3125,15
3126,27
3127,2
3128,53
3129,35
3130,46
3131,4
3132,27
3133,27
3134,15
3135,64
3136,2
3137,70
3138,38
3139,0
3140,80
3141,48
3142,10
3143,46
3144,46
3145,43
3146,16
3147,59
3148,43
3149,17
3150,18
3151,51
3152,74
3153,43
3154,82
3155,82
3156,43
3157,31
3158,10
3159,37
3160,69
3161,95
3162,16
3163,32
3164,73
3165,73
3166,85
3167,99
3168,99
3169,16
3170,38
3171,13
3172,2
3173,47
3174,37
3175,80
3176,84
3177,27
3178,70
3179,2
3180,33
3181,33
3182,7
3183,70
3184,15
3185,37
3186,33
3187,18
3188,2
3189,80
3190,88
3191,15
3192,80
3193,13
3194,13
3195,13
3196,13
3197,13
3198,13
3199,13
3200,2
3202,54
3203,54
3204,54
3205,54
3206,54
3207,89
3208,54
3209,54
3210,54
3211,54
3212,54
3213,54
3214,54
3215,54
3216,54
3217,54
3218,54
3219,54
3220,54
3221,54
3222,54
3223,54
3224,54
3225,54
3226,53
3227,12
3228,98
3229,69
3230,3
3231,4
3232,99
3233,84
3234,65
3235,60
3236,96
3237,2
3238,98
3239,16
3240,16
3241,62
3242,59
3243,62
3244,62
3245,62
3246,39
3247,62
3248,16
3249,22
3250,8
3251,85
3252,2
3253,41
3254,15
3255,12
3256,54
3257,98
3258,82
3259,92
3260,60
3261,44
3262,98
3263,59
3264,62
3265,76
3266,1
3267,13
3268,43
3269,76
3270,18
3271,80
3272,80
3273,80
3274,80
3275,80
3276,80
3277,80
3278,15
3279,81
3280,70
3281,43
3282,74
3283,20
3284,84
3285,35
3286,13
3287,62
3288,22
3289,33
3290,11
3291,31
3292,1
3293,97
3294,7
3295,98
3296,18
3298,54
3299,54
3300,89
3301,94
3302,15
3303,10
3304,70
3305,98
3306,12
3307,4
3308,4
3309,4
3310,84
3311,27
3312,35
3313,27
3314,95
3315,59
3316,89
3317,12
3318,15
3319,13
3320,65
3321,33
3322,1
3323,91
3324,37
3325,85
3326,93
3327,72
3328,93
3329,65
3330,11
3331,46
3332,64
3334,42
3335,13
3336,0
3337,68
3338,27
3339,0
3340,0
3341,0
3342,0
3343,0
3344,0
3345,0
3346,0
3347,0
3348,0
3349,0
3350,0
3351,11
3352,73
3353,11
3354,11
3355,11
3356,11
3357,11
3358,11
3359,11
3360,11
3361,11
3362,59
3363,37
3364,79
3365,16
3366,70
3367,70
3368,70
3369,70
3370,70
3371,43
3372,43
3373,43
3374,37
3375,15
3376,15
3377,37
3378,15
3379,2
3380,15
3381,93
3382,2
3383,97
3384,15
3385,4
3386,74
3387,7
3388,15
3389,15
3390,13
3391,13
3392,13
3393,13
3394,13
3395,13
3396,2
3397,13
3398,2
3399,2
3400,2
3401,10
3402,10
3403,10
3404,93
3405,94
3406,94
3407,84
3408,43
3409,85
3410,2
3411,17
3412,42
3413,16
3414,27
3415,27
3416,13
3417,70
3418,10
3419,94
3420,63
3421,40
3422,40
3423,43
3424,16
3425,70
3426,54
3427,82
3428,16
3429,46
3430,47
3431,0
3432,58
3434,26
3435,72
3436,72
3437,72
3438,72
3439,72
3440,72
3441,72
3442,72
3443,72
3444,72
3445,72
3446,72
3447,72
3448,72
3449,72
3450,72
3451,47
3452,21
3453,79
3454,74
3457,59
3458,20
3459,58
3460,67
3461,51
3462,40
3463,13
3464,93
3465,0
3466,62
3467,53
3468,99
3469,91
3470,16
3471,58
3472,70
3473,38
3474,85
3475,70
3476,91
3477,38
3478,62
3479,90
3480,10
3481,13
3482,27
3483,58
3484,22
3485,87
3486,10
3487,10
3488,96
3489,73
3490,7
3491,74
3492,74
3493,58
3494,80
3495,48
3496,17
3497,17
3499,92
3525,98
3526,82
3527,37
3528,34
3529,13
3530,43
3531,58
3532,80
3533,62
3534,95
3535,42
3536,91
3537,67
3538,2
3539,10
3540,87
3541,87
3542,73
3543,85
3544,10
3545,99
3546,95
3547,27
3548,18
3549,38
3550,49
3551,96
3552,96
3553,96
3554,96
3555,96
3556,96
3557,96
3558,96
3559,96
3560,96
3561,96
3562,96
3563,96
3564,96
3565,96
3566,96
3567,96
3568,96
3569,96
3570,96
3571,96
3572,96
3573,96
3574,96
3575,96
3576,96
3577,96
3578,96
3579,96
3580,96
3581,49
3582,49
3583,49
3584,49
3585,49
3586,49
3587,49
3588,49
3589,49
3590,49
3591,49
3592,49
3593,49
3594,49
3595,49
3596,49
3597,49
3598,49
3599,49
3600,49
3601,85
3602,16
3603,58
3604,89
3605,22
3606,65
3607,84
3608,1
3609,16
3610,1
3611,29
3612,16
3613,20
3614,20
3615,82
3616,48
3617,33
3618,10
3619,70
3620,23
3621,1
3622,1
3623,20
3624,88
3625,73
3626,41
3627,18
3628,38
3629,70
3630,87
3631,51
3632,1
3633,1
3634,85
3635,1
3636,38
3637,85
3638,18
3639,84
3640,85
3641,70
3642,86
3643,58
3646,85
3647,85
3648,85
3649,16
3650,98
3652,29
3653,41
3654,13
3655,74
3656,53
3657,40
3658,62
3659,76
3660,76
3661,58
3662,13
3663,93
3664,0
3665,98
3666,43
3667,59
3668,84
3669,93
3670,94
3671,29
3672,84
3673,34
3674,91
3676,0
3677,16
3678,7
3679,23
3681,2
3682,2
3683,2
3684,2
3685,84
3686,83
3687,82
3688,15
3689,34
3690,74
3691,86
3692,99
3693,96
3694,10
3695,80
3696,91
3697,99
3698,99
3699,94
3700,94
3701,27
3702,16
3703,3
3704,27
3705,59
3706,59
3707,70
3708,28
3709,16
3710,43
3711,91
3712,43
3713,7
3714,49
3715,33
3716,43
3717,85
3718,85
3719,94
3720,59
3721,31
3722,1
3723,16
3724,43
3725,88
3726,16
3727,0
3728,16
3729,96
3730,47
3731,79
3732,59
3733,0
3734,86
3735,87
3736,70
3737,70
3738,70
3739,16
3740,96
3741,31
3742,13
3743,18
3744,1
3745,59
3746,22
3748,25
3749,47
3750,34
3751,51
3752,27
3753,24
3754,40
3755,31
3756,22
3757,98
3758,33
3759,49
3760,16
3761,74
3762,70
3763,70
3764,70
3765,70
3766,70
3767,85
3768,10
3769,38
3770,34
3771,10
3772,23
3773,51
3774,17
3775,96
3776,33
3777,3
3778,15
3779,12
3780,46
3781,16
3782,16
3783,87
3784,33
3785,91
3786,85
3787,94
3788,34
3789,15
3790,10
3791,59
3792,93
3793,65
3794,69
3795,92
3796,22
3797,90
3798,45
3799,60
3800,11
3801,96
3802,33
3803,33
3804,0
3805,33
3806,3
3807,64
3808,44
3809,90
3810,84
3811,41
3812,31
3813,91
3814,13
3815,37
3816,43
3817,1
3818,7
3819,4
3820,10
3821,53
3822,73
3823,1
3824,37
3825,10
3826,95
3827,45
3828,80
3829,80
3830,10
3831,43
3832,43
3833,72
3834,82
3835,34
3836,16
3837,41
3838,47
3839,47
3840,47
3841,47
3842,47
3843,47
3844,47
3845,47
3846,47
3847,47
3848,47
3849,47
3850,47
3851,47
3852,47
3853,47
3854,47
3855,47
3856,47
3857,47
3858,47
3859,47
3860,47
3861,47
3862,47
3863,47
3864,47
3865,47
3866,47
3867,47
3868,47
3869,47
3870,47
3871,47
3872,47
3873,47
3874,47
3875,47
3876,47
3877,47
3878,47
3879,47
3880,47
3881,47
3882,47
3883,47
3884,47
3885,47
3886,47
3887,47
3888,47
3889,47
3890,47
3891,47
3892,47
3893,47
3894,47
3895,47
3896,47
3897,47
3898,47
3899,47
3900,47
3901,47
3902,47
3903,47
3904,47
3905,47
3906,47
3907,47
3908,47
3909,47
3910,47
3911,47
3912,47
3913,47
3914,49
3915,49
3916,49
3917,49
3918,49
3919,49
3920,49
3921,49
3922,49
3923,49
3924,49
3925,49
3926,49
3927,49
3928,0
3929,49
3930,0
3931,0
3932,0
3933,0
3934,0
3935,94
3936,94
3937,94
3938,0
3939,0
3940,0
3941,0
3942,0
3943,49
3944,49
3945,49
3946,49
3947,47
3948,47
3949,47
3950,47
3951,47
3952,47
3953,47
3954,0
3955,0
3956,0
3957,0
3958,49
3959,49
3960,49
3961,49
3962,49
3963,49
3964,49
3965,49
3966,49
3967,49
3968,49
3969,49
3970,0
3971,0
3972,47
3973,47
3974,47
3975,49
3976,49
3977,49
3978,49
3979,49
3980,49
3981,49
3982,49
3983,49
3984,49
3985,49
3986,49
3987,49
3988,49
3989,49
3990,0
3991,82
3992,82
3993,82
3994,82
3995,82
3996,49
3997,0
3998,0
3999,0
4000,0
4001,47
4002,33
4003,10
4004,20
4005,15
4006,98
4007,99
4008,97
4009,99
4010,88
4011,10
4012,17
4014,33
4015,70
4016,96
4017,33
4018,72
4019,27
4020,80
4021,10
4022,42
4023,93
4024,96
4025,93
4026,10
4027,24
4028,73
4029,32
4030,92
4031,88
4032,84
4033,92
4034,48
4035,69
4036,0
4037,2
4038,82
4039,10
4040,92
4041,92
4042,34
4043,96
4044,3
4045,7
4046,37
4047,33
4048,92
4049,3
4050,17
4051,94
4052,4
4053,85
4054,27
4055,14
4056,74
4057,65
4058,65
4059,89
4060,53
4061,9
4062,0
4063,45
4064,80
4065,28
4066,64
4067,67
4068,35
4069,35
4070,49
4071,49
4072,99
4073,73
4074,16
4075,70
4076,53
4077,42
4078,85
4081,10
4082,59
4084,82
4085,16
4086,29
4087,45
4088,29
4089,31
4090,16
4091,22
4092,16
4093,63
4094,82
4095,20
4096,38
4097,94
4098,41
4099,38
4101,95
4102,95
4103,95
4104,95
4105,95
4106,95
4107,95
4108,42
4109,42
4110,42
4111,42
4112,42
4113,42
4114,42
4115,42
4116,42
4117,46
4118,46
4119,46
4120,46
4121,46
4122,46
4123,46
4124,46
4125,46
4126,46
4127,46
4128,46
4129,46
4130,46
4131,46
4132,46
4133,46
4134,46
4135,46
4136,46
4137,46
4138,46
4139,46
4140,46
4141,46
4142,46
4143,46
4144,46
4145,46
4146,46
4147,46
4148,46
4149,46
4150,46
4151,46
4152,46
4153,46
4154,46
4155,46
4156,46
4157,46
4158,46
4159,46
4160,46
4161,46
4162,46
4163,46
4164,46
4165,46
4166,46
4167,46
4168,46
4169,46
4170,46
4171,46
4172,46
4173,46
4174,46
4175,46
4176,46
4177,46
4178,46
4179,46
4180,46
4181,46
4182,46
4183,46
4184,46
4185,46
4186,46
4187,46
4188,46
4189,46
4190,46
4191,46
4192,46
4193,46
4194,46
4195,46
4196,46
4197,46
4198,46
4199,46
4200,46
4201,13
4202,73
4203,32
4204,23
4205,67
4206,31
4207,99
4208,13
4209,65
4210,31
4211,37
4212,45
4213,96
4214,88
4215,59
4216,10
4217,51
4218,37
4219,55
4220,13
4221,4
4222,47
4223,33
4224,1
4225,20
4226,96
4227,86
4228,73
4229,27
4230,17
4231,0
4232,27
4233,33
4234,34
4235,85
4236,85
4237,27
4238,77
4239,89
4240,93
4241,35
4242,60
4243,73
4244,27
4245,46
4246,1
4247,95
4248,23
4249,80
4250,53
4251,76
4252,13
4253,99
4254,20
4255,10
4256,79
4257,41
4258,41
4259,41
4260,41
4261,15
4262,1
4263,1
4264,16
4265,74
4266,27
4267,76
4268,85
4269,10
4270,1
4271,0
4272,18
4273,11
4274,1
4275,1
4276,16
4277,13
4278,20
4279,32
4280,11
4281,1
4282,16
4283,42
4284,37
4285,76
4286,20
4287,25
4288,94
4289,96
4290,62
4291,54
4292,54
4293,2
4294,59
4295,99
4296,1
4297,94
4298,85
4299,85
4300,1
4301,85
4302,85
4303,15
4304,15
4305,85
4306,43
4307,46
4308,85
4309,16
4310,85
4311,15
4312,15
4313,1
4314,79
4315,13
4316,27
4318,54
4319,26
4320,11
4321,13
4322,84
4323,18
4324,72
4325,12
4326,53
4327,43
4328,42
4329,42
4330,42
4331,38
4332,98
4333,88
4334,45
4335,64
4336,89
4337,11
4338,11
4339,11
4340,16
4341,89
4342,64
4343,79
4344,87
4345,94
4346,64
4347,16
4348,94
4349,11
4350,81
4351,45
4352,80
4353,15
4354,53
4355,13
4356,7
4357,72
4358,7
4359,45
4360,43
4361,41
4362,41
4363,20
4364,88
4365,54
4366,76
4367,41
4368,15
4369,99
4370,88
4376,62
4377,94
4378,74
4379,94
4380,22
4381,48
4382,70
4383,43
4384,57
4385,11
4386,34
4387,76
4388,18
4389,27
4390,51
4391,20
4392,1
4393,59
4394,76
4395,48
4396,1
4397,1
4398,16
4399,98
4400,22
4401,82
4402,82
4403,82
4404,82
4405,82
4406,91
4407,91
4408,91
4409,91
4410,91
4411,91
4412,91
4413,94
4414,94
4415,94
4416,94
4417,94
4418,94
4419,94
4420,94
4421,85
4422,85
4423,85
4424,85
4425,85
4426,85
4427,15
4428,15
4429,15
4430,15
4431,15
4432,15
4433,15
4434,15
4435,43
4436,43
4437,43
4438,43
4439,43
4440,43
4441,43
4442,43
4443,43
4444,15
4445,15
4446,15
4447,15
4448,15
4449,15
4450,15
4451,15
4452,15
4453,15
4454,15
4455,15
4456,15
4457,15
4458,15
4459,15
4460,15
4461,80
4462,80
4463,80
4464,80
4465,85
4466,85
4467,85
4468,85
4469,85
4470,1
4471,85
4472,85
4473,85
4474,85
4475,85
4476,85
4477,15
4478,15
4479,15
4480,15
4481,15
4482,15
4483,93
4484,93
4485,93
4486,93
4487,93
4488,93
4489,15
4490,15
4491,85
4492,0
4493,15
4494,94
4495,15
4496,15
4497,10
4498,15
4499,15
4500,15
4506,92
4507,20
4508,16
4509,64
4510,85
4511,40
4512,64
4513,24
4514,59
4515,62
4516,70
4517,16
4518,0
4519,70
4520,16
4521,27
4522,31
4523,34
4524,28
4525,64
4526,85
4527,64
4528,2
4529,13
4530,98
4531,33
4532,86
4533,94
4534,93
4535,93
4536,93
4537,1
4538,74
4539,62
4540,76
4541,85
4542,68
4543,45
4544,18
4545,98
4546,41
4547,91
4549,99
4550,12
4551,53
4552,16
4553,41
4554,49
4555,13
4556,98
4557,11
4558,16
4560,24
4571,92
4581,91
4582,73
4583,20
4584,53
4585,62
4586,76
4587,16
4588,70
4589,76
4590,15
4591,59
4592,37
4593,16
4594,59
4595,94
4596,29
4597,74
4598,81
4599,85
4600,70
4602,20
4603,16
4604,33
4605,1
4606,85
4607,1
4608,86
4609,13
4610,13
4611,20
4612,76
4613,15
4614,11
4615,15
4616,37
4617,93
4618,37
4619,76
4620,93
4621,1
4622,1
4623,37
4624,80
4625,94
4626,93
4627,16
4628,1
4629,1
4630,1
4631,93
4632,37
4633,62
4634,15
4635,17
4636,27
4637,44
4638,95
4639,95
4640,95
4641,41
4642,95
4643,95
4644,15
4645,15
4646,43
4652,80
4653,93
4654,38
4655,62
4657,84
4658,84
4659,1
4660,70
4661,49
4662,11
4663,11
4664,88
4665,10
4666,95
4667,63
4668,41
4669,70
4670,3
4671,74
4672,51
4673,7
4674,59
4675,7
4676,37
4677,1
4678,99
4679,99
4680,43
4681,34
4682,80
4683,10
4684,59
4685,84
4686,33
4687,93
4689,73
4690,13
4691,73
4692,73
4693,73
4694,33
4695,99
4696,38
4697,38
4698,3
4699,27
4700,10
4701,11
4702,62
4703,62
4704,59
4705,20
4706,87
4707,59
4709,1
4710,28
4711,17
4712,16
4713,94
4714,70
4715,33
4716,69
4719,2
4720,95
4721,76
4722,11
4723,11
4724,20
4725,13
4726,13
4727,13
4728,13
4729,48
4730,38
4731,92
4732,67
4733,65
4734,85
4735,16
4736,10
4737,15
4738,18
4739,99
4742,77
4743,59
4744,76
4745,33
4746,95
4747,62
4748,82
4752,49
4753,49
4754,11
4755,27
4756,38
4757,15
4758,38
4759,77
4760,94
4761,87
4762,31
4763,11
4764,10
4765,10
4766,10
4767,33
4768,74
4769,74
4770,93
4773,13
4774,10
4775,69
4776,89
4777,0
4779,87
4780,89
4781,80
4782,49
4783,98
4784,17
4786,89
4787,93
4788,49
4789,59
4790,15
4792,29
4793,80
4794,37
4795,82
4796,7
4797,99
4798,99
4799,99
4800,99
4801,6
4802,6
4803,6
4804,6
4805,6
4806,6
4807,6
4808,6
4809,6
4810,6
4811,6
4812,6
4813,6
4814,6
4815,6
4816,6
4817,6
4818,6
4819,6
4820,6
4821,6
4822,6
4823,6
4824,6
4825,6
4826,6
4827,6
4828,6
4829,6
4830,6
4831,6
4832,6
4833,6
4834,6
4835,6
4836,6
4837,6
4838,6
4839,6
4840,6
4841,6
4842,6
4843,6
4844,6
4845,6
4846,6
4847,6
4848,6
4849,6
4850,6
4851,6
4852,6
4853,6
4854,6
4855,6
4856,6
4857,6
4858,6
4859,6
4860,6
4861,6
4862,6
4863,6
4864,6
4865,6
4866,6
4867,6
4868,6
4869,6
4870,6
4871,6
4872,6
4873,6
4874,6
4875,6
4876,6
4877,6
4878,6
4879,6
4880,6
4881,6
4882,6
4883,6
4884,6
4885,6
4886,6
4887,6
4888,6
4889,6
4890,6
4891,6
4892,6
4893,6
4894,6
4895,6
4896,6
4897,6
4898,6
4899,6
4900,6
4901,24
4902,68
4903,94
4904,58
4905,82
4906,10
4907,40
4908,28
4910,3
4911,2
4912,95
4913,68
4914,17
4915,93
4916,1
4917,16
4918,82
4919,13
4920,44
4921,24
4922,59
4923,37
4924,64
4925,72
4926,88
4927,72
4928,72
4929,59
4930,16
4931,91
4932,91
4934,60
4937,99
4938,31
4939,34
4940,17
4941,92
4942,8
4943,84
4944,85
4945,17
4946,43
4947,1
4948,59
4952,18
4953,2
4954,76
4955,37
4956,43
4957,43
4958,14
4959,15
4960,59
4961,93
4962,81
4963,10
4964,91
4965,91
4966,91
4967,81
4969,85
4970,10
4971,47
4972,34
4973,34
4974,42
4975,27
4976,42
4977,10
4978,42
4979,3
4980,3
4981,27
4982,43
4983,8
4984,70
4985,17
4986,63
4987,17
4988,17
4989,17
4990,17
4991,17
4992,92
4993,59
4994,44
4995,92
4996,33
4997,92
4998,73
4999,51
5000,51
5001,28
5002,17
5003,17
5004,86
5005,27
5006,70
5007,33
5008,76
5009,16
5010,31
5011,31
5012,31
5013,31
5014,31
5015,31
5016,31
5017,31
5018,31
5019,31
5020,31
5021,31
5022,31
5023,31
5024,31
5025,31
5026,31
5027,31
5028,31
5029,31
5030,31
5031,31
5032,31
5033,31
5034,31
5035,31
5036,31
5037,31
5038,31
5039,31
5040,31
5041,31
5042,31
5043,31
5044,31
5045,31
5046,31
5047,31
5048,31
5049,31
5050,31
5051,37
5052,82
5053,10
5054,33
5055,10
5056,10
5057,10
5058,10
5059,10
5060,10
5061,57
5062,16
5063,69
5064,17
5065,8
5066,1
5067,59
5068,20
5069,79
5070,79
5071,93
5073,33
5074,74
5075,91
5076,59
5077,88
5078,20
5079,82
5080,1
5083,76
5084,13
5085,10
5086,43
5087,33
5088,89
5089,87
5090,47
5091,33
5092,91
5093,1
5094,33
5098,99
5099,59
5100,72
5101,99
5102,85
5103,54
5106,22
5107,22
5108,22
5109,69
5110,3
5111,17
5112,46
5113,4
5114,76
5115,13
5116,11
5117,20
5118,1
5119,16
5120,91
5121,33
5122,59
5123,41
5124,85
5125,38
5127,73
5128,65
5129,2
5131,99
5132,46
5133,15
5134,99
5135,0
5136,27
5137,91
5140,1
5141,92
5142,82
5143,70
5144,34
5145,59
5146,95
5148,15
5149,16
5150,33
5151,33
5152,64
5153,82
5155,70
5156,85
5157,42
5159,29
5160,72
5161,91
5162,33
5163,33
5164,16
5165,93
5166,65
5167,48
5168,48
5169,35
5170,98
5171,73
5172,59
5173,20
5174,82
5175,16
5176,82
5177,32
5179,33
5180,89
5181,38
5182,91
5183,63
5184,38
5185,38
5186,38
5187,94
5191,44
5192,28
5193,10
5194,82
5195,7
5196,7
5197,34
5198,38
5199,27
5200,76
5201,97
5202,0
5203,99
5204,75
5205,41
5206,36
5207,41
5208,38
5209,99
5210,38
5211,27
5217,99
5218,65
5219,65
5220,65
5221,65
5222,65
5223,65
5224,65
5225,65
5226,13
5227,43
5228,82
5229,70
5230,90
5231,16
5232,65
5233,59
5234,15
5235,15
5236,15
5237,15
5238,15
5239,15
5240,15
5241,82
5242,72
5243,72
5244,72
5245,72
5246,47
5247,1
5248,70
5249,60
5251,16
5252,42
5253,62
5254,92
5255,11
5256,91
5257,85
5259,92
5260,93
5261,33
5262,3
5263,17
5264,92
5265,16
5266,84
5267,1
5268,33
5269,92
5270,33
5271,92
5272,27
5273,81
5274,47
5275,49
5276,49
5277,49
5278,49
5279,49
5280,49
5281,49
5282,49
5283,49
5284,49
5285,49
5286,49
5287,49
5288,49
5289,49
5290,49
5291,49
5292,49
5293,49
5294,49
5295,49
5296,49
5297,49
5298,49
5299,49
5300,49
5301,62
5302,74
5303,74
5304,32
5305,84
5306,59
5307,34
5308,33
5309,94
5310,43
5311,70
5312,24
5313,88
5314,72
5315,16
5317,85
5319,69
5320,94
5321,51
5324,40
5327,3
5328,10
5329,20
5330,38
5331,37
5332,38
5333,80
5334,13
5335,33
5336,49
5337,35
5338,76
5339,37
5340,1
5341,82
5342,92
5343,92
5344,42
5345,42
5346,42
5347,92
5348,70
5349,1
5350,64
5351,47
5352,74
5353,93
5354,16
5355,16
5356,76
5357,76
5358,76
5359,76
5360,76
5361,76
5362,76
5363,76
5364,76
5365,2
5366,2
5367,2
5368,2
5369,2
5370,2
5371,2
5372,2
5373,2
5374,70
5375,70
5376,1
5377,70
5378,70
5379,1
5380,1
5381,1
5382,1
5383,37
5384,37
5385,16
5386,37
5387,16
5388,41
5389,41
5390,41
5391,41
5392,41
5393,41
5394,41
5395,41
5396,41
5397,12
5398,12
5399,31
5400,15
5401,1
5402,54
5403,15
5404,17
5405,16
5406,60
5407,4
5408,38
5409,46
5410,46
5411,46
5412,46
5413,46
5414,46
5415,46
5416,46
5417,92
5418,64
5419,99
5420,13
5421,70
5422,1
5424,8
5425,38
5426,17
5427,47
5428,38
5429,88
5430,54
5431,49
5432,69
5433,37
5434,21
5435,33
5436,37
5437,41
5438,17
5439,65
5440,65
5441,65
5442,65
5443,65
5444,65
5445,65
5446,65
5447,65
5448,65
5449,65
5450,65
5451,65
5452,65
5453,65
5454,65
5455,65
5456,65
5457,65
5458,65
5459,65
5460,65
5461,65
5462,65
5463,65
5464,65
5465,65
5466,65
5467,49
5468,49
5469,49
5470,49
5471,49
5472,0
5473,65
5474,65
5475,65
5476,65
5477,65
5478,65
5479,65
5480,65
5481,65
5482,65
5483,65
5484,65
5485,65
5486,65
5487,65
5488,65
5489,65
5490,65
5491,65
5492,65
5493,65
5494,0
5495,0
5496,0
5497,0
5498,0
5499,0
5500,8
5501,65
5502,65
5503,65
5504,65
5505,65
5506,65
5507,65
5508,65
5509,65
5510,65
5511,65
5512,65
5513,65
5514,65
5515,65
5516,65
5517,65
5518,65
5519,65
5520,65
5521,65
5522,65
5523,65
5524,65
5525,65
5526,65
5527,65
5528,65
5529,65
5530,65
5531,65
5532,65
5533,65
5534,65
5535,65
5536,65
5537,65
5538,65
5539,65
5540,65
5541,65
5542,65
5543,49
5544,49
5545,49
5546,49
5547,49
5548,49
5549,49
5550,49
5551,49
5552,49
5553,49
5554,49
5555,49
5556,49
5557,49
5558,49
5559,49
5560,49
5561,65
5562,65
5563,65
5564,49
5565,65
5566,65
5567,65
5568,65
5569,49
5570,65
5571,49
5572,0
5573,0
5574,0
5575,0
5576,0
5577,0
5578,49
5579,49
5580,49
5581,49
5582,49
5583,91
5584,49
5585,49
5586,49
5587,49
5588,49
5589,49
5590,72
5591,57
5592,49
5593,13
5594,13
5595,13
5596,13
5597,13
5598,13
5599,13
5600,49
5601,17
5602,17
5603,72
5604,93
5605,64
5606,82
5608,18
5609,45
5610,16
5611,65
5612,72
5614,68
5615,74
5616,38
5617,17
5618,10
5619,45
5620,51
5621,73
5622,37
5623,92
5624,89
5625,98
5626,70
5628,99
5629,17
5630,20
5631,92
5632,92
5633,22
5636,85
5637,49
5638,13
5639,31
5640,49
5641,11
5642,59
5643,15
5645,51
5646,51
5647,51
5648,51
5649,51
5650,51
5651,20
5652,20
5654,93
5655,31
5656,26
5657,20
5658,7
5659,49
5660,17
5661,22
5662,57
5663,15
5664,72
5665,72
5666,72
5667,72
5668,72
5669,89
5670,22
5671,88
5672,33
5673,92
5674,92
5675,57
5676,92
5677,22
5678,48
5679,48
5680,48
5681,11
5682,11
5683,11
5684,20
5685,14
5686,27
5687,18
5688,84
5689,84
5690,84
5691,84
5692,84
5693,84
5694,79
5695,33
5696,41
5697,82
5698,10
5699,90
5700,94
5701,3
5702,88
5703,25
5704,80
5705,37
5706,81
5707,86
5708,94
5709,47
5710,40
5712,51
5713,22
5715,83
5716,47
5717,11
5718,27
5719,94
5720,99
5721,87
5722,82
5723,85
5724,34
5725,74
5726,74
5727,3
5728,49
5729,86
5730,3
5731,17
5732,3
5733,13
5734,18
5735,59
5736,1
5737,59
5738,7
5739,54
5740,11
5741,87
5742,35
5743,33
5744,0
5745,82
5746,82
5747,92
5748,22
5749,10
5750,46
5751,46
5752,46
5753,46
5754,88
5755,15
5756,0
5757,94
5758,16
5759,16
5760,84
5761,84
5762,8
5763,28
5764,90
5765,40
5766,15
5767,31
5768,77
5769,35
5770,17
5771,51
5772,20
5773,85
5774,16
5775,11
5776,16
5777,85
5778,92
5779,87
5780,17
5782,43
5783,43
5784,43
5785,43
5786,43
5787,43
5788,43
5789,42
5790,10
5791,3
5792,74
5793,48
5794,94
5795,16
5796,74
5797,92
5798,1
5799,13
5800,59
5802,95
5803,80
5804,3
5805,91
5806,10
5807,93
5808,42
5809,42
5810,42
5811,42
5812,42
5813,42
5814,42
5815,33
5816,42
5817,62
5818,70
5819,70
5820,70
5821,70
5822,70
5823,70
5824,70
5825,15
5826,13
5827,11
5828,17
5829,70
5830,92
5831,20
5832,33
5833,70
5834,74
5835,74
5836,80
5837,80
5838,80
5839,80
5840,80
5841,80
5842,80
5843,1
5844,3
5845,3
5846,3
5847,43
5848,37
5849,11
5850,41
5851,41
5852,41
5853,41
5854,41
5855,41
5856,41
5857,41
5858,41
5859,41
5860,41
5861,41
5862,41
5863,41
5864,41
5865,41
5866,16
5867,3
5868,24
5869,37
5870,59
5871,22
5872,68
5873,0
5874,17
5875,17
5876,13
5882,17
5883,77
5887,89
5888,89
5889,55
5890,68
5891,84
5893,92
5894,44
5895,62
5896,94
5897,16
5898,82
5899,80
5900,3
5901,33
5902,74
5903,97
5904,97
5905,97
5906,97
5907,97
5908,97
5909,97
5910,97
5911,97
5912,97
5913,97
5914,97
5915,97
5916,97
5917,97
5918,97
5919,97
5920,97
5921,97
5922,97
5923,97
5924,97
5925,97
5926,97
5927,97
5928,97
5929,97
5930,97
5931,97
5932,97
5933,97
5934,97
5935,97
5936,97
5937,97
5938,97
5939,97
5940,97
5941,97
5942,97
5943,97
5944,97
5945,97
5946,97
5947,3
5948,92
5949,57
5950,46
5951,59
5952,17
5953,82
5954,20
5955,92
5956,59
5957,74
5958,80
5959,91
5960,82
5961,16
5962,1
5963,57
5964,93
5965,44
5966,29
5967,29
5968,29
5969,29
5970,1
5971,94
5972,35
5973,76
5974,76
5975,76
5976,76
5977,16
5978,13
5979,89
5980,43
5981,86
5982,56
5983,89
5984,45
5986,76
5987,97
5988,0
5989,92
5990,94
5991,16
5992,4
5993,92
5994,11
5995,34
5996,87
5997,96
5998,91
5999,16
6001,17
6002,70
6003,69
6005,93
6006,85
6007,85
6008,59
6009,59
6010,33
6011,94
6012,59
6013,94
6014,7
6015,22
6016,94
6017,59
6018,46
6019,23
6020,59
6021,91
6022,49
6023,76
6024,73
6025,99
6026,9
6027,17
6028,37
6029,1
6030,74
6031,13
6032,88
6033,93
6034,38
6035,10
6036,99
6037,94
6038,26
6039,85
6040,48
6041,7
6042,13
6043,97
6044,16
6045,70
6046,91
6047,91
6048,91
6049,13
6050,59
6051,0
6052,32
6053,94
6054,80
6055,17
6056,93
6057,37
6058,2
6059,93
6060,37
6061,38
6062,98
6063,17
6064,46
6065,93
6066,91
6067,17
6068,17
6069,17
6070,65
6071,17
6072,86
6073,82
6074,38
6075,94
6076,70
6077,95
6078,73
6080,95
6081,99
6082,22
6083,22
6085,45
6086,29
6087,76
6088,38
6089,49
6090,74
6091,70
6092,18
6093,13
6094,41
6095,94
6096,94
6097,93
6098,1
6100,92
6101,20
6102,37
6103,37
6104,4
6105,94
6106,2
6107,26
6108,86
6109,8
6111,27
6112,62
6113,16
6114,17
6115,59
6116,15
6117,64
6118,37
6119,93
6120,22
6121,17
6122,80
6123,18
6124,1
6125,2
6126,58
6127,44
6128,41
6129,68
6130,69
6131,74
6132,15
6133,33
6134,45
6135,20
6136,98
6137,27
6138,81
6139,77
6140,22
6141,17
6142,93
6143,89
6144,18
6145,72
6146,15
6147,15
6148,15
6149,86
6150,69
6151,53
6152,53
6153,53
6154,53
6155,53
6156,53
6157,16
6158,89
6159,33
6160,18
6161,54
6162,92
6163,13
6164,53
6165,92
6166,13
6167,89
6168,74
6169,15
6170,2
6171,15
6172,20
6173,15
6174,62
6175,62
6176,62
6177,62
6178,62
6179,62
6180,62
6181,62
6182,62
6183,62
6184,62
6185,62
6186,62
6187,62
6188,62
6189,62
6190,62
6191,62
6192,62
6193,62
6194,62
6195,7
6196,7
6197,7
6198,7
6199,7
6200,69
6201,7
6202,62
6203,62
6204,62
6205,62
6206,62
6207,62
6208,62
6209,62
6210,62
6211,49
6212,35
6213,35
6214,35
6215,62
6216,62
6217,62
6218,62
6219,62
6220,62
6221,62
6222,62
6223,62
6224,62
6225,62
6226,62
6227,62
6228,62
6229,62
6230,91
6231,91
6232,91
6233,91
6234,91
6235,91
6236,22
6237,62
6238,62
6239,62
6240,62
6241,62
6242,62
6243,62
6244,62
6245,62
6246,62
6247,62
6248,62
6249,62
6250,91
6251,91
6252,91
6253,91
6254,85
6255,7
6256,65
6257,65
6258,65
6259,65
6260,65
6261,85
6262,85
6263,85
6264,85
6265,85
6266,85
6267,85
6268,98
6269,98
6270,98
6271,98
6272,98
6273,98
6274,38
6275,62
6276,62
6277,62
6278,62
6279,62
6280,62
6281,62
6282,62
6283,62
6284,62
6285,62
6286,62
6287,62
6288,62
6289,62
6290,62
6291,62
6292,37
6293,37
6294,37
6295,37
6296,37
6297,37
6298,37
6299,37
6300,58
6301,96
6302,74
6303,67
6304,15
6305,93
6306,73
6307,86
6308,65
6310,76
6311,15
6312,73
6313,80
6314,13
6315,94
6316,98
6317,42
6320,85
6321,42
6322,27
6323,74
6324,3
6325,0
6326,15
6327,49
6328,74
6329,32
6330,94
6331,85
6332,38
6333,8
6334,1
6335,81
6336,11
6337,86
6338,17
6339,86
6340,80
6344,84
6345,82
6346,1
6347,10
6348,54
6349,54
6350,88
6351,22
6352,1
6353,0
6354,53
6355,64
6356,26
6357,3
6358,46
6359,88
6360,17
6361,79
6362,22
6363,16
6364,29
6365,92
6366,51
6367,18
6368,27
6369,88
6370,69
6371,18
6372,10
6373,59
6374,82
6375,99
6376,37
6378,16
6379,43
6380,92
6381,42
6382,33
6384,59
6385,55
6386,65
6387,65
6388,65
6389,65
6390,65
6391,65
6392,65
6393,65
6394,65
6395,65
6396,65
6397,65
6398,65
6399,65
6400,65
6401,70
6402,13
6403,93
6404,15
6405,60
6406,16
6407,91
6408,87
6409,8
6410,80
6411,27
6412,59
6413,12
6414,11
6415,93
6416,74
6417,53
6418,92
6419,54
6420,54
6422,7
6423,2
6424,89
6425,59
6426,86
6427,53
6428,1
6429,55
6430,81
6431,94
6432,17
6433,95
6434,31
6435,77
6436,16
6437,46
6438,80
6439,17
6440,92
6441,4
6442,98
6443,34
6444,17
6445,27
6446,0
6447,69
6448,47
6449,95
6450,59
6451,17
6452,38
6453,85
6454,76
6455,93
6456,11
6457,13
6458,86
6459,86
6460,31
6461,92
6462,35
6463,11
6464,77
6465,7
6466,62
6467,31
6468,44
6469,96
6471,92
6472,17
6473,8
6474,94
6475,81
6476,84
6477,84
6478,84
6479,92
6480,54
6481,79
6482,15
6483,88
6485,2
6486,18
6487,17
6488,16
6489,74
6490,91
6491,85
6492,13
6493,88
6494,76
6495,31
6500,13
6502,62
6506,59
6507,26
6508,26
6509,26
6510,26
6511,26
6512,26
6513,26
6514,26
6515,26
6516,26
6517,37
6519,38
6520,99
6521,10
6522,38
6523,10
6524,99
6526,94
6527,77
6529,26
6530,26
6531,26
6559,84
6560,11
6561,13
6562,10
6563,10
6564,49
6565,88
6566,73
6567,13
6568,89
6569,92
6570,62
6571,65
6572,86
6573,17
6574,28
6575,37
6576,17
6577,74
6578,93
6579,63
6580,95
6581,35
6582,92
6583,63
6584,17
6585,49
6586,7
6587,10
6588,74
6589,53
6590,62
6591,29
6592,37
6593,85
6594,27
6595,79
6596,42
6597,38
6598,63
6599,48
6600,35
6601,98
6602,47
6603,45
6604,35
6605,11
6606,72
6607,72
6608,72
6609,72
6610,72
6611,72
6612,72
6613,72
6614,72
6615,72
6616,85
6617,98
6618,98
6619,38
6621,98
6622,72
6623,98
6624,84
6625,88
6626,0
6627,70
6628,41
6629,7
6630,44
6631,51
6632,48
6633,48
6634,48
6635,59
6636,63
6650,43
6652,80
6653,27
6655,86
6656,48
6657,20
6658,35
6659,46
6660,18
6661,29
6662,70
6663,62
6664,74
6665,31
6666,12
6667,38
6668,94
6669,18
6670,57
6671,46
6672,65
6673,74
6674,89
6675,7
6676,92
6677,55
6678,80
6679,37
6680,10
6681,49
6682,38
6683,80
6684,16
6685,74
6686,99
6687,42
6688,16
6689,13
6690,85
6692,92
6693,84
6694,49
6695,59
6697,95
6699,75
6700,76
6701,76
6702,13
6703,55
6704,63
6705,13
6706,31
6707,10
6708,53
6709,15
6710,81
6711,89
6713,18
6714,44
6715,62
6716,95
6717,25
6718,1
6719,70
6720,18
6721,27
6722,87
6727,46
6730,2
6731,34
6732,4
6733,73
6734,93
6735,27
6737,43
6738,62
6740,97
6741,46
6742,10
6743,59
6744,18
6745,55
6746,74
6747,95
6749,27
6750,42
6751,82
6752,79
6753,80
6754,3
6755,62
6756,13
6757,92
6758,91
6759,91
6760,91
6761,91
6762,89
6763,99
6764,41
6765,49
6766,45
6767,31
6768,80
6769,44
6770,6
6771,6
6772,6
6773,6
6774,6
6775,6
6776,6
6777,6
6778,6
6779,6
6780,6
6781,76
6782,0
6783,43
6784,10
6785,10
6786,65
6787,73
6788,10
6789,97
6790,10
6791,46
6792,47
6793,10
6794,99
6795,99
6796,99
6797,99
6798,51
6799,11
6800,15
6801,16
6802,14
6803,35
6804,8
6805,33
6806,76
6807,46
6808,63
6809,37
6810,95
6811,41
6812,41
6813,62
6814,3
6815,98
6816,98
6817,38
6818,27
6823,41
6824,85
6825,27
6826,76
6827,86
6828,15
6829,49
6836,80
6837,70
6839,53
6840,1
6841,53
6842,20
6843,35
6844,98
6845,22
6846,41
6847,1
6848,91
6849,91
6850,1
6851,17
6852,93
6853,17
6854,13
6855,93
6856,31
6857,35
6858,94
6859,38
6860,86
6861,10
6862,7
6863,47
6864,33
6865,13
6866,82
6867,73
6868,89
6869,23
6870,12
6872,41
6873,13
6874,27
6875,31
6876,27
6877,80
6878,69
6879,92
6880,80
6881,45
6882,80
6883,18
6884,16
6885,42
6886,84
6888,83
6893,0
6894,95
6895,17
6896,31
6897,92
6898,17
6899,92
6900,87
6901,37
6902,87
6903,44
6904,86
6905,86
6906,59
6907,70
6908,86
6909,92
6910,46
6911,20
6912,55
6913,27
6914,3
6915,17
6916,13
6917,33
6918,97
6919,81
6920,20
6921,76
6923,10
6925,18
6926,13
6927,3
6928,26
6929,99
6930,99
6931,53
6932,74
6933,42
6934,77
6935,77
6936,7
6937,13
6939,29
6940,29
6941,29
6942,91
6943,91
6944,91
6945,62
6946,80
6947,62
6948,12
6949,53
6950,17
6952,6
6953,6
6954,37
6955,80
6956,38
6957,98
6958,41
6960,35
6961,41
6962,41
6963,8
6964,20
6965,10
6967,97
6968,97
6969,69
6970,81
6971,20
6972,98
6973,86
6974,15
6976,35
6977,12
6978,55
6979,41
6980,80
6981,60
6982,13
6983,35
6984,16
6985,92
6986,79
6987,92
6988,35
6989,53
6991,37
6992,10
6993,44
6995,76
6997,59
6998,17
6999,20
7001,42
7002,31
7003,15
7004,85
7005,16
7006,91
7007,13
7008,76
7009,47
7010,8
7011,0
7013,74
7014,27
7015,20
7016,20
7017,35
7018,29
7019,11
7020,8
7021,35
7023,29
7024,29
7025,29
7026,20
7027,92
7028,80
7029,11
7030,4
7031,82
7032,15
7033,62
7034,98
7035,76
7036,76
7037,85
7038,18
7039,20
7040,76
7042,18
7044,47
7045,70
7046,95
7047,43
7048,59
7050,85
7051,18
7052,90
7053,80
7054,47
7055,16
7056,98
7057,15
7058,89
7059,85
7060,0
7061,91
7062,29
7063,37
7064,31
7065,16
7066,18
7067,10
7069,26
7070,92
7071,91
7072,42
7073,69
7074,82
7075,0
7076,45
7077,70
7079,47
7080,45
7081,17
7082,20
7083,53
7084,1
7085,37
7086,96
7087,59
7088,76
7089,25
7090,1
7091,23
7095,82
7096,84
7097,35
7098,92
7099,27
7100,59
7101,59
7102,92
7103,92
7104,92
7105,59
7106,59
7107,59
7108,10
7110,98
7111,84
7112,16
7113,84
7114,49
7115,98
7116,81
7117,13
7118,1
7119,37
7120,87
7122,98
7123,64
7124,92
7125,18
7126,35
7127,16
7128,72
7129,79
7130,85
7131,31
7132,82
7133,14
7134,14
7135,14
7136,14
7137,14
7138,14
7139,14
7140,31
7141,59
7142,83
7143,17
7144,59
7145,26
7146,1
7147,31
7148,10
7149,99
7150,81
7152,1
7153,82
7154,91
7155,91
7156,91
7157,91
7158,91
7159,91
7160,91
7161,91
7162,91
7163,42
7164,38
7165,48
7166,82
7167,8
7168,26
7169,26
7170,13
7171,37
7172,10
7174,76
7175,20
7176,35
7177,4
7178,0
7179,29
7180,48
7181,27
7182,60
7183,37
7184,62
7187,60
7188,8
7189,12
7190,22
7191,1
7192,46
7193,17
7194,17
7195,17
7196,17
7197,17
7198,17
7199,17
7200,17
7201,85
7208,1
7210,17
7211,8
7212,29
7213,13
7214,43
7222,73
7223,55
7224,20
7227,51
7228,94
7229,91
7230,80
7231,92
7234,81
7235,2
7237,27
7238,12
7239,7
7241,49
7242,91
7243,91
7244,91
7245,91
7246,91
7247,91
7248,91
7249,91
7250,91
7251,1
7252,95
7253,13
7254,27
7255,2
7256,57
7257,80
7258,13
7259,83
7261,20
7262,55
7265,91
7274,98
7275,99
7277,74
7278,69
7279,0
7280,13
7281,91
7282,69
7283,74
7284,18
7291,51
7293,79
7294,83
7295,63
7296,13
7297,20
7298,80
7299,69
7300,63
7301,13
7302,95
7303,90
7304,42
7305,13
7306,73
7307,87
7308,15
7309,54
7310,10
7311,16
7318,91
7319,20
7320,87
7321,49
7322,60
7324,4
7325,98
7326,85
7333,28
7334,22
7335,17
7336,98
7338,20
7339,35
7343,18
7344,13
7345,27
7346,7
7347,41
7348,95
7350,55
7351,26
7352,15
7353,32
7354,15
7355,31
7356,86
7357,37
7358,37
7359,16
7360,45
7361,89
7362,7
7363,10
7364,70
7365,80
7366,10
7368,70
7369,7
7370,31
7371,43
7372,70
7373,53
7374,2
7377,20
7378,85
7379,13
7380,53
7381,1
7382,46
7385,53
7386,65
7387,91
7388,98
7389,98
7390,98
7391,98
7392,98
7393,98
7394,98
7395,98
7396,98
7397,98
7398,98
7399,98
7400,98
7401,44
7402,65
7403,73
7404,13
7405,12
7409,99
7410,76
7411,51
7412,85
7413,65
7414,16
7415,60
7416,0
7417,49
7421,38
7422,53
7423,80
7424,37
7425,74
7426,47
7427,8
7428,55
7429,18
7430,97
7431,2
7432,80
7433,1
7434,92
7435,85
7436,18
7437,92
7438,11
7439,72
7440,26
7441,64
7443,59
7444,69
7445,11
7446,40
7447,16
7448,48
7449,31
7450,96
7451,10
7452,20
7453,60
7460,74
7463,44
7464,70
7465,2
7466,60
7467,1
7469,16
7470,97
7471,80
7472,91
7473,25
7474,84
7475,2
7476,60
7477,37
7478,17
7479,17
7480,87
7481,85
7482,26
7485,7
7486,37
7487,10
7488,72
7489,42
7490,99
7491,69
7492,70
7493,35
7494,86
7495,18
7496,17
7497,70
7498,92
7499,42
7501,87
7502,94
7504,41
7505,74
7506,17
7508,1
7509,13
7510,59
7513,49
7514,11
7515,12
7516,15
7517,1
7518,72
7519,3
7520,16
7521,8
7522,59
7523,94
7524,67
7525,65
7526,31
7527,24
7528,8
7529,0
7530,26
7531,99
7532,99
7533,99
7534,99
7535,99
7537,43
7538,73
7539,11
7540,73
7541,47
7542,15
7543,49
7544,15
7545,13
7546,15
7547,41
7548,15
7549,73
7550,2
7551,73
7552,6
7553,15
7554,73
7555,47
7556,2
7557,15
7558,47
7559,15
7560,73
7561,47
7562,47
7563,47
7564,73
7565,47
7566,47
7567,47
7568,47
7569,47
7570,47
7571,47
7572,47
7573,47
7574,47
7575,47
7576,47
7577,47
7578,47
7579,47
7580,47
7581,47
7582,47
7583,47
7584,47
7585,47
7586,94
7587,94
7588,94
7589,94
7590,94
7591,94
7592,94
7593,94
7594,94
7595,94
7596,94
7597,94
7598,94
7599,94
7600,31
7601,94
7602,94
7603,94
7604,94
7605,85
7606,43
7607,43
7608,43
7609,15
7610,15
7611,15
7612,15
7613,15
7614,13
7615,85
7616,85
7617,85
7618,85
7619,85
7620,85
7621,85
7622,85
7623,85
7624,91
7625,91
7626,91
7627,91
7628,91
7629,91
7630,91
7631,15
7632,15
7633,15
7634,15
7635,15
7636,15
7637,15
7638,15
7639,15
7640,15
7641,15
7642,15
7643,15
7644,15
7645,15
7646,15
7647,15
7648,15
7649,15
7650,15
7651,15
7652,15
7653,15
7654,15
7655,15
7656,15
7657,15
7658,15
7659,15
7660,15
7661,15
7662,15
7663,15
7664,15
7665,15
7666,15
7667,15
7668,15
7669,15
7670,15
7671,15
7672,91
7673,91
7674,91
7675,91
7676,91
7677,91
7678,91
7679,91
7680,91
7681,91
7682,91
7683,91
7684,91
7685,33
7686,33
7687,33
7688,33
7689,33
7690,33
7691,33
7692,15
7693,15
7694,15
7695,15
7696,15
7697,15
7698,15
7699,15
7700,69
7701,15
7702,0
7703,0
7704,0
7705,0
7706,0
7707,0
7708,0
7709,0
7710,0
7711,0
7712,0
7713,0
7714,0
7715,46
7716,46
7717,46
7718,46
7719,46
7720,46
7721,46
7722,46
7723,46
7724,46
7725,46
7726,46
7727,46
7728,33
7729,33
7730,33
7731,33
7732,33
7733,33
7734,33
7735,33
7736,15
7737,0
7738,0
7739,0
7740,0
7741,0
7742,0
7743,0
7744,0
7745,0
7746,0
7747,0
7748,0
7749,0
7750,85
7751,85
7752,85
7753,85
7754,85
7755,85
7756,85
7757,37
7758,37
7759,37
7760,37
7761,37
7762,49
7763,16
7764,3
7765,10
7766,3
7767,3
7768,69
7769,60
7773,89
7774,15
7775,46
7776,59
7777,42
7778,95
7779,7
7780,10
7782,88
7783,35
7784,38
7785,73
7786,20
7787,8
7788,70
7789,1
7790,92
7791,91
7792,91
7793,91
7794,91
7795,0
7796,98
7797,43
7798,10
7799,17
7800,2
7801,17
7802,74
7803,74
7804,8
7805,10
7806,91
7807,17
7808,3
7811,12
7813,0
7814,44
7815,85
7816,7
7819,18
7820,17
7821,85
7822,85
7823,62
7824,92
7825,28
7826,22
7827,37
7828,16
7829,31
7830,74
7831,91
7832,70
7833,93
7834,34
7835,76
7836,67
7837,93
7838,44
7839,43
7840,10
7841,74
7842,37
7843,37
7844,10
7845,38
7846,99
7847,17
7848,99
7849,37
7850,31
7851,31
7852,31
7853,47
7855,37
7856,74
7857,35
7862,41
7863,33
7864,69
7865,3
7866,37
7867,59
7868,74
7870,92
7871,72
7876,13
7877,13
7878,13
7879,53
7880,47
7881,53
7882,41
7883,26
7884,33
7885,72
7886,77
7887,85
7889,49
7890,16
7891,33
7892,1
7893,16
7894,85
7895,85
7896,33
7897,3
7898,3
7899,86
7900,60
7901,2
7902,2
7903,2
7904,2
7905,2
7906,2
7907,2
7908,2
7909,2
7910,2
7911,2
7912,2
7913,2
7914,2
7915,2
7916,2
7917,2
7918,2
7919,2
7920,2
7921,2
7922,2
7923,2
7924,2
7925,26
7926,85
7927,0
7928,98
7929,0
7930,98
7931,70
7932,95
7935,29
7936,42
7937,42
7938,65
7940,82
7941,1
7942,49
7947,7
7948,60
7949,16
7950,0
7951,35
7952,20
7953,4
7954,18
7955,82
7956,1
7957,20
7958,96
7959,67
7960,53
7961,60
7962,12
7963,17
7964,82
7965,69
7966,74
7967,0
7968,93
7969,77
7970,18
7971,38
7972,69
7973,96
7974,7
7975,13
7976,80
7977,20
7978,35
7979,49
7980,77
7981,21
7982,85
7983,21
7984,27
7986,10
7987,91
7988,70
7989,15
7990,65
7991,87
7992,95
7993,13
7994,2
7995,20
7997,27
7998,10
7999,26
8000,14
8001,26
8002,26
8003,26
8004,26
8005,26
8006,26
8007,26
8008,26
8009,26
8010,26
8011,26
8012,26
8013,26
8014,26
8015,26
8016,26
8017,26
8018,26
8019,26
8020,26
8021,26
8022,26
8023,26
8024,26
8025,26
8026,26
8027,26
8028,26
8029,26
8030,26
8031,26
8032,26
8033,26
8034,26
8035,26
8036,26
8037,26
8038,26
8039,26
8040,26
8041,26
8042,26
8043,26
8044,26
8045,26
8046,26
8047,26
8048,26
8049,26
8050,26
8051,26
8052,26
8053,26
8054,26
8055,26
8056,26
8057,26
8058,26
8059,26
8060,26
8061,26
8062,26
8063,26
8064,26
8065,26
8066,26
8067,17
8068,26
8069,26
8070,26
8071,26
8072,38
8073,37
8075,3
8076,15
8077,11
8078,16
8079,10
8080,85
8081,93
8082,23
8083,92
8084,68
8086,90
8087,37
8088,2
8089,2
8090,75
8091,2
8092,15
8093,8
8094,10
8095,18
8101,93
8102,55
8103,11
8104,48
8105,48
8106,42
8107,42
8108,2
8109,48
8110,41
8111,74
8112,35
8113,1
8114,13
8115,69
8116,89
8117,76
8118,7
8120,18
8121,76
8122,35
8123,2
8124,31
8125,15
8127,38
8128,20
8129,56
8130,42
8131,37
8132,95
8133,42
8134,1
8135,76
8136,13
8137,17
8138,12
8139,73
8140,20
8141,80
8142,45
8143,16
8144,77
8145,31
8146,98
8147,91
8148,82
8149,0
8150,0
8151,92
8152,73
8153,17
8154,31
8155,16
8156,74
8157,1
8158,91
8159,42
8160,13
8161,99
8162,51
8163,15
8164,80
8165,82
8166,82
8167,82
8168,82
8169,82
8170,82
8171,99
8172,28
8176,91
8177,8
8178,80
8179,31
8180,76
8181,31
8182,76
8183,44
8184,16
8185,84
8187,99
8188,33
8189,38
8190,80
8191,18
8192,87
8193,26
8195,19
8196,70
8197,38
8198,62
8199,44
8200,26
8201,1
8202,18
8203,93
8206,0
8207,88
8208,99
8209,99
8210,13
8211,17
8212,38
8213,42
8214,89
8215,11
8216,20
8217,53
8218,12
8219,70
8220,80
8221,38
8222,13
8223,59
8225,18
8226,72
8228,26
8229,26
8230,26
8231,26
8232,26
8233,26
8234,26
8235,26
8236,26
8237,26
8238,26
8239,26
8240,26
8241,26
8242,26
8243,26
8244,26
8245,26
8246,26
8247,26
8248,26
8249,26
8250,26
8251,26
8252,26
8253,26
8254,26
8255,26
8256,26
8257,26
8258,26
8259,26
8260,26
8261,26
8262,26
8263,26
8264,26
8265,26
8266,26
8267,26
8268,26
8269,26
8270,26
8271,26
8272,26
8273,26
8274,26
8275,26
8276,26
8277,26
8278,26
8279,26
8280,26
8281,26
8282,26
8283,26
8284,26
8285,26
8286,26
8287,26
8288,26
8289,26
8290,26
8291,26
8292,26
8293,26
8294,26
8295,70
8296,19
8297,19
8299,72
8300,26
8301,26
8302,26
8303,26
8304,26
8305,26
8306,26
8307,26
8308,26
8309,26
8310,26
8311,26
8312,26
8313,26
8314,26
8315,26
8316,26
8317,26
8318,26
8319,26
8320,26
8321,26
8322,26
8323,26
8324,26
8325,26
8326,26
8327,26
8328,26
8329,26
8330,26
8331,26
8332,26
8333,26
8334,26
8335,26
8336,26
8337,26
8338,26
8339,26
8340,26
8341,26
8342,26
8343,26
8344,26
8345,26
8346,26
8347,26
8348,26
8349,26
8350,26
8351,26
8352,26
8353,26
8354,26
8355,26
8356,26
8357,26
8358,26
8359,26
8360,26
8361,26
8362,26
8363,26
8364,26
8365,26
8366,26
8367,26
8368,26
8369,26
8370,26
8371,26
8372,26
8373,26
8374,13
8376,31
8377,76
8378,49
8379,73
8380,31
8381,26
8382,62
8383,37
8384,93
8385,22
8386,15
8387,16
8388,98
8389,20
8390,20
8391,19
8393,62
8394,16
8395,82
8396,7
8397,26
8398,33
8399,89
8400,18
8401,67
8402,98
8403,17
8404,94
8405,63
8406,89
8407,76
8408,19
8409,93
8410,17
8411,35
8412,53
8413,92
8414,20
8415,74
8417,84
8418,69
8419,95
8420,11
8421,54
8422,10
8423,22
8424,41
8425,65
8426,38
8427,20
8428,83
8429,2
8430,16
8432,14
8433,99
8434,93
8435,70
8436,89
8437,37
8438,11
8439,68
8440,22
8441,16
8442,18
8443,93
8444,49
8445,43
8446,22
8447,91
8448,62
8449,43
8450,20
8452,19
8455,43
8456,17
8457,80
8458,13
8459,13
8460,13
8461,13
8462,41
8463,13
8464,37
8465,87
8466,99
8467,89
8469,10
8470,13
8471,95
8472,13
8473,95
8474,13
8475,95
8476,95
8477,95
8478,13
8479,95
8480,95
8481,95
8482,95
8483,19
8484,19
8485,54
8486,76
8487,1
8488,15
8489,13
8491,88
8492,59
8493,0
8495,47
8496,37
8497,99
8498,36
8499,10
8500,10
8501,55
8502,79
8503,88
8504,19
8505,60
8506,59
8507,74
8508,81
8509,88
8510,10
8511,76
8512,43
8513,76
8514,43
8515,76
8516,76
8517,81
8518,37
8519,42
8521,79
8522,37
8523,73
8525,1
8526,26
8527,26
8528,26
8529,12
8530,13
8531,85
8532,65
8533,99
8534,20
8535,1
8536,13
8537,59
8538,70
8539,43
8540,46
8542,55
8543,95
8544,15
8545,73
8546,53
8547,20
8548,20
8549,37
8550,17
8551,29
8552,29
8553,29
8554,20
8555,15
8556,46
8557,48
8558,0
8559,19
8562,29
8564,84
8565,38
8566,26
8567,35
8569,37
8570,37
8571,59
8572,33
8573,69
8574,92
8575,96
8576,82
8577,91
8578,76
8579,18
8580,13
8581,89
8582,27
8583,27
8584,27
8585,27
8586,27
8587,27
8588,27
8589,27
8590,29
8591,38
8592,99
8593,60
8594,60
8595,53
8596,37
8597,87
8598,10
8599,72
8600,0
8601,99
8602,76
8603,61
8604,69
8605,18
8606,10
8607,92
8638,4
8639,99
8640,39
8641,2
8642,63
8643,30
8644,59
8645,15
8646,89
8647,7
8648,41
8649,72
8651,91
8652,62
8653,72
8654,20
8655,72
8656,72
8657,72
8658,72
8659,18
8660,63
8661,35
8662,17
8663,72
8664,16
8665,44
8666,89
8667,42
8668,33
8670,59
8671,37
8672,38
8673,44
8674,91
8675,72
8676,93
8677,93
8678,96
8679,6
8680,70
8681,56
8682,60
8683,98
8684,22
8685,13
8686,37
8687,19
8688,10
8689,10
8690,31
8691,31
8694,57
8695,99
8696,87
8697,17
8699,63
8700,81
8701,26
8702,51
8703,26
8704,51
8705,51
8706,26
8707,26
8708,51
8709,51
8710,26
8711,37
8713,80
8714,69
8715,91
8716,0
8717,19
8718,19
8720,37
8721,43
8722,43
8723,43
8724,43
8725,43
8726,43
8727,7
8728,62
8729,40
8730,17
8731,18
8732,17
8733,20
8734,53
8735,44
8736,97
8737,76
8740,16
8741,15
8742,19
8743,76
8744,87
8745,91
8746,28
8747,13
8770,13
8771,0
8772,10
8773,63
8774,99
8775,99
8776,10
8777,13
8778,44
8779,49
8780,49
8781,49
8782,49
8783,49
8784,49
8785,49
8786,49
8787,49
8788,49
8789,49
8790,49
8791,49
8792,49
8793,49
8794,49
8795,49
8796,49
8797,49
8798,49
8799,49
8800,49
8801,98
8802,13
8805,37
8813,15
8814,42
8815,84
8819,53
8820,12
8821,84
8823,4
8824,99
8825,13
8826,37
8827,26
8828,26
8829,26
8830,26
8831,26
8832,26
8833,26
8834,26
8835,26
8836,26
8837,26
8838,26
8839,26
8840,26
8841,26
8842,26
8843,26
8844,26
8845,26
8846,26
8847,26
8848,26
8849,26
8850,26
8851,26
8852,26
8853,26
8854,26
8855,20
8856,70
8857,73
8858,53
8859,2
8860,84
8861,38
8862,19
8865,37
8866,64
8867,16
8868,82
8869,70
8871,87
8872,41
8873,0
8874,92
8875,82
8877,1
8878,33
8879,76
8880,76
8881,76
8882,82
8883,37
8884,84
8885,10
8886,92
8887,17
8888,91
8890,17
8891,70
8892,29
8893,98
8894,69
8896,67
8897,43
8898,53
8899,37
8900,21
8901,13
8902,76
8903,36
8904,11
8905,99
8906,13
8908,73
8909,20
8910,20
8911,42
8912,99
8913,29
8914,85
8918,13
8920,20
8924,76
8928,31
8929,76
8930,12
8931,37
8932,20
8933,72
8934,16
8935,87
8936,53
8937,85
8938,82
8939,85
8940,45
8941,48
8942,0
8943,76
8944,76
8945,65
8947,36
8948,38
8949,99
8950,19
8951,19
8952,19
8953,38
8954,93
8955,85
8956,15
8957,13
8991,62
8992,41
8993,90
8994,92
8995,17
8996,55
8997,69
8998,53
9043,38
9047,99
9048,38
9050,10
9051,16
9052,37
9054,63
9055,56
9057,18
9060,69
9061,69
9063,76
9067,13
9068,82
9069,18
9070,10
9071,18
9072,13
9073,53
9074,69
9075,17
9076,19
9077,91
9078,74
9079,10
9080,24
9081,93
9087,37
9088,16
9089,34
9090,67
9091,92
9092,98
9093,98
9094,38
9095,13
9096,76
9097,54
9098,73
9100,73
9101,55
9102,37
9103,20
9104,83
9105,11
9106,74
9107,37
9109,58
9111,37
9112,17
9148,60
9149,62
9150,7
9151,70
9152,82
9153,95
9154,76
9155,29
9156,99
9161,49
9162,10
9163,19
9164,0
9165,0
9166,0
9167,0
9168,0
9169,0
9170,0
9171,14
9172,11
9173,79
9174,36
9175,99
9176,91
9177,91
9179,93
9180,46
9182,0
9183,76
9184,18
9185,70
9188,35
9189,15
9190,70
9191,76
9192,37
9193,59
9194,44
9195,37
9196,15
9197,60
9198,77
9199,20
9201,16
9202,92
9203,59
9204,16
9205,59
9206,85
9207,16
9208,16
9209,76
9210,59
9211,1
9212,57
9213,92
9214,94
9215,59
9216,16
9217,85
9218,7
9219,59
9220,16
9221,85
9222,37
9223,76
9224,85
9225,49
9226,85
9227,85
9228,57
9229,70
9230,85
9231,82
9232,85
9233,85
9234,70
9235,85
9236,70
9237,15
9238,72
9239,59
9240,16
9241,59
9242,59
9243,1
9244,85
9245,13
9246,15
9247,15
9248,72
9249,73
9250,2
9251,76
9252,51
9253,15
9254,74
9255,74
9256,74
9257,74
9258,74
9259,37
9263,62
9265,36
9266,19
9267,59
9294,27
9295,37
9296,94
9297,33
9298,1
9299,43
9300,94
9301,92
9303,99
9304,11
9305,93
9306,11
9307,81
9308,95
9309,7
9310,43
9311,37
9312,76
9313,74
9314,16
9315,15
9316,15
9317,37
9318,15
9319,15
9320,37
9321,37
9322,31
9323,99
9324,15
9328,95
9329,92
9330,3
9331,59
9332,62
9333,3
9334,36
9362,37
9363,15
9364,42
9365,13
9366,93
9367,85
9368,72
9370,85
9371,18
9372,38
9373,20
9374,16
9376,64
9377,46
9378,37
9379,37
9380,74
9381,36
9382,24
9383,3
9384,22
9385,1
9386,63
9387,94
9388,12
9389,36
9390,89
9391,36
9393,10
9394,26
9395,3
9396,36
9397,74
9398,1
9399,65
9400,10
9401,82
9402,20
9403,13
9404,9
9405,99
9406,89
9407,92
9408,27
9409,33
9410,94
9411,72
9412,27
9413,99
9414,82
9415,91
9439,37
9440,33
9441,76
9442,76
9443,63
9444,63
9445,63
9446,63
9447,63
9448,63
9449,80
9450,63
9454,51
9455,94
9456,34
9457,84
9458,43
9459,35
9460,83
9461,48
9462,3
9463,37
9464,55
9465,38
9466,92
9467,36
9468,94
9469,11
9470,37
9471,1
9472,36
9473,91
9474,45
9475,85
9476,62
9477,68
9478,40
9479,96
9480,53
9481,30
9482,3
9483,76
9484,99
9485,59
9486,36
9487,16
9488,1
9489,43
9490,93
9492,26
9493,36
9497,53
9498,93
9499,0
9500,38
9501,32
9502,0
9503,48
9504,91
9505,92
9506,99
9507,1
9508,74
9509,59
9542,24
9543,99
9544,30
9545,30
9546,99
9547,7
9548,73
9549,30
9550,64
9559,98
9560,98
9561,98
9562,98
9563,98
9564,98
9565,98
9566,98
9567,98
9568,98
9569,98
9570,98
9571,98
9572,98
9573,98
9574,98
9575,98
9576,98
9577,98
9578,98
9579,98
9580,14
9581,98
9582,98
9583,98
9584,98
9585,98
9586,98
9587,94
9588,2
9589,2
9590,94
9591,13
9592,13
9593,2
9594,13
9595,14
9596,31
9597,2
9598,15
9599,14
9600,98
9601,99
9602,96
9603,82
9604,82
9605,3
9606,38
9607,31
9608,16
9609,1
9610,69
9611,1
9612,64
9613,86
9614,76
9615,87
9616,97
9617,22
9618,7
9619,87
9620,37
9621,99
9622,99
9624,55
9625,53
9626,53
9627,23
9628,53
9629,76
9630,89
9631,82
9633,15
9634,15
9635,33
9636,30
9640,99
9647,51
9648,92
9649,17
9650,53
9651,24
9652,99
9653,98
9656,8
9657,7
9658,30
9659,59
9660,63
9661,95
9662,11
9663,0
9664,33
9665,93
9666,19
9667,99
9668,99
9669,99
9670,99
9700,99
9701,99
9745,41
9746,33
9747,37
9748,85
9749,85
9750,37
9751,37
9752,37
9753,37
9754,37
9755,37
9756,97
9757,97
9758,97
9759,97
9760,97
9761,97
9762,97
9763,94
9764,94
9765,94
9766,94
9767,94
9768,94
9769,94
9770,94
9771,94
9772,94
9773,94
9774,94
9775,59
9776,69
9777,24
9778,62
9779,33
9780,97
9781,53
9782,26
9783,26
9784,13
9785,85
9786,93
9787,70
9788,13
9789,22
9790,85
9791,59
9792,87
9793,67
9794,59
9795,33
9796,33
9797,30
9798,94
9799,43
9800,99
9801,98
9803,13
9804,53
9805,95
9806,33
9807,33
9808,33
9809,37
9811,85
9812,22
9813,42
9814,99
9815,42
9816,76
9817,37
9819,30
9820,13
9821,13
9822,13
9823,99
9825,38
9826,7
9829,10
9830,16
9831,96
9832,33
9833,17
9834,33
9835,7
9836,33
9837,73
9838,37
9839,41
9840,85
9841,18
9842,99
9844,17
9845,31
9846,15
9847,73
9848,10
9849,91
9850,38
9851,93
9852,22
9853,33
9854,17
9855,74
9856,37
9857,27
9858,94
9862,44
9863,13
9864,80
9865,93
9866,89
9867,59
9868,31
9869,0
9870,38
9871,33
9872,33
9873,33
9874,12
9876,36
9877,30
9878,4
9879,1
9880,26
9881,94
9882,39
9883,39
9884,39
9885,30
9886,26
9887,63
9888,56
9889,38
9896,53
9897,2
9898,30
9899,22
9900,46
9901,17
9902,33
9903,16
9904,91
9905,59
9906,7
9907,15
9908,33
9909,76
9910,62
9911,87
9912,18
9913,59
9914,72
9915,14
9916,68
9917,74
9918,39
9919,39
9920,38
9921,13
9922,39
9923,33
9924,16
9925,59
9926,37
9927,37
9928,49
9929,67
9930,28
9931,33
9932,59
9933,28
9934,28
9935,55
9936,55
9937,55
9938,55
9939,55
9940,85
9941,14
9942,13
9943,42
9944,20
9946,36
9947,96
9948,17
9949,4
9952,72
9953,30
9954,77
9955,93
9956,76
9957,20
9958,27
9959,91
9960,30
9961,30
9962,30
9963,17
9964,76
9965,47
9966,17
9967,15
9968,92
9969,20
9970,10
9971,49
9972,10
9973,60
9974,33
9975,12
9978,22
9979,99
9981,70
9982,43
9983,33
9984,99
9985,99
9986,3
9987,97
9988,94
9989,38
9990,92
9991,69
9992,52
9993,37
9994,49
9995,42
9996,18
9997,31
9998,38
9999,14
10000,45
10001,80
10002,44
10003,96
10004,20
10005,25
10006,37
10007,43
10008,44
10009,68
10010,13
10011,55
10012,27
10013,30
10014,30
10015,30
10016,30
10017,30
10018,30
10019,30
10020,36
10021,85
10022,94
10023,15
10024,74
10025,43
10026,39
10027,17
10028,68
10029,33
10030,13
10031,98
10032,30
10033,30
10034,30
10035,30
10036,30
10037,76
10038,62
10039,10
10040,35
10041,59
10042,74
10043,23
10044,96
10045,86
10046,2
10047,30
10048,17
10049,94
10050,37
10051,76
10052,82
10056,82
10057,16
10058,18
10059,92
10060,81
10062,41
10063,89
10064,15
10065,31
10066,59
10067,33
10068,16
10069,69
10070,2
10071,4
10072,55
10073,8
10074,39
10075,35
10076,16
10077,36
10078,12
10079,36
10080,63
10081,86
10082,33
10083,33
10084,62
10085,97
10086,2
10087,94
10088,20
10089,38
10090,12
10091,30
10092,30
10093,92
10094,41
10095,16
10096,69
10097,12
10098,12
10099,12
10100,13
10101,92
10102,33
10103,88
10104,30
10105,30
10106,30
10107,12
10108,10
10109,0
10110,33
10111,73
10112,31
10114,69
10115,95
10116,18
10118,72
10119,99
10120,60
10121,84
10122,22
10123,92
10124,92
10125,13
10126,4
10127,17
10128,67
10129,20
10130,74
10131,24
10132,87
10133,38
10134,76
10135,15
10136,55
10138,36
10139,20
10140,99
10141,73
10142,74
10143,30
10144,30
10145,84
10146,95
10147,12
10148,82
10149,70
10150,76
10151,67
10159,12
10161,99
10162,65
10163,20
10164,62
10165,44
10166,12
10201,22
10202,13
10210,7
10211,37
10212,17
10213,59
10214,11
10216,38
10217,27
10219,99
10220,17
10221,62
10222,2
10224,74
10225,12
10226,1
10234,0
10251,23
10266,79
10267,17
10268,17
10274,18
10291,12
10292,30
10294,98
10314,5
10315,49
10316,17
10317,17
10318,43
10319,86
10320,17
10321,82
10322,94
10323,17
10324,59
10325,18
10326,18
10327,33
10328,38
10329,3
10330,49
10331,39
10332,39
10333,12
10335,74
10336,10
10337,16
10338,12
10339,7
10340,92
10341,12
10342,0
10343,15
10345,31
10347,32
10350,13
10351,46
10352,46
10355,84
10356,84
10357,46
10358,82
10359,92
10360,74
10361,20
10362,12
10363,43
10364,85
10365,85
10366,83
10367,38
10368,91
10369,18
10370,2
10371,33
10372,59
10373,33
10374,59
10375,99
10376,35
10377,76
10378,13
10379,37
10380,74
10381,45
10382,13
10383,79
10386,14
10387,2
10388,10
10389,32
10390,20
10391,56
10392,13
10393,89
10394,7
10395,20
10396,17
10397,70
10398,89
10399,41
10401,13
10402,33
10403,97
10404,15
10409,12
10410,0
10417,11
10418,93
10419,3
10420,15
10421,13
10422,65
10427,28
10429,93
10430,25
10431,14
10432,92
10433,17
10434,70
10435,36
10436,17
10437,20
10438,16
10439,83
10440,70
10441,16
10443,33
10444,12
10445,68
10446,85
10447,70
10448,14
10449,17
10450,30
10451,13
10452,1
10453,79
10454,74
10455,43
10456,36
10457,38
10458,47
10459,48
10460,98
10461,27
10462,94
10463,3
10464,14
10465,17
10466,92
10467,10
10468,92
10469,24
10471,37
10472,0
10473,37
10474,7
10475,39
10476,33
10477,4
10478,67
10479,18
10482,79
10483,15
10484,74
10485,31
10489,15
10490,98
10491,8
10493,98
10494,46
10495,38
10496,33
10508,94
10509,15
10510,31
10511,33
10513,3
10515,98
10516,89
10517,18
10518,38
10519,1
10520,55
10521,94
10522,53
10523,65
10531,88
10532,88
10533,74
10534,33
10537,33
10538,82
10539,68
10540,3
10541,74
10542,7
10543,4
10544,30
10545,7
10546,49
10547,49
10548,0
10549,1
10550,10
10551,16
10552,17
10553,26
10554,80
10555,96
10556,33
10557,24
10560,59
10561,80
10562,80
10563,80
10564,80
10565,7
10566,80
10567,80
10568,7
10569,80
10570,80
10571,7
10572,80
10573,7
10574,46
10575,33
10576,86
10577,49
10578,38
10579,17
10580,89
10581,65
10582,55
10583,6
10584,86
10585,33
10586,92
10587,99
10588,48
10589,12
10590,13
10591,11
10592,95
10593,95
10594,30
10595,30
10596,98
10597,54
10598,99
10599,86
10600,42
10601,59
10602,99
10603,83
10605,95
10606,91
10607,24
10608,82
10609,85
10610,46
10611,14
10612,89
10613,89
10614,30
10615,11
10616,11
10617,3
10618,74
10619,14
10620,10
10621,1
10622,99
10623,10
10624,76
10625,88
10626,36
10627,91
10628,91
10629,9
10630,26
10631,15
10632,55
10633,14
10634,24
10635,43
10636,42
10637,31
10638,27
10639,8
10640,53
10641,53
10642,89
10643,37
10644,2
10647,31
10648,2
10649,74
10655,13
10656,10
10657,53
10658,1
10659,76
10660,99
10661,69
10662,44
10663,30
10665,73
10666,47
10667,82
10668,12
10669,42
10670,47
10671,64
10672,88
10673,42
10674,11
10675,15
10676,16
10677,13
10679,76
10681,54
10684,11
10688,17
10690,76
10691,67
10692,41
10693,46
10694,9
10695,36
10696,59
10698,86
10699,88
10700,46
10701,53
10702,53
10703,53
10704,53
10705,65
10706,53
10707,57
10708,15
10709,33
10710,45
10711,30
10712,7
10713,31
10714,15
10715,11
10716,38
10717,69
10718,29
10719,39
10720,0
10721,30
10722,87
10723,57
10724,92
10725,95
10726,64
10727,91
10728,92
10729,92
10730,39
10731,11
10732,11
10733,8
10734,10
10735,59
10736,59
10737,3
10738,18
10739,11
10740,20
10741,11
10742,74
10743,25
10744,1
10745,91
10747,10
10748,37
10749,24
10750,98
10751,27
10753,89
10754,24
10755,85
10756,37
10760,32
10761,15
10762,85
10763,98
10765,7
10766,54
10767,20
10769,53
10770,42
10771,72
10772,42
10773,28
10776,86
10777,1
10778,29
10779,92
10780,1
10781,7
10782,7
10783,7
10784,80
10785,7
10786,7
10787,80
10788,80
10789,7
10790,7
10791,7
10792,7
10793,7
10794,35
10795,60
10796,24
10797,45
10798,12
10799,94
10800,15
10801,15
10803,42
10804,94
10805,31
10806,82
10807,46
10808,89
10809,12
10810,59
10811,74
10812,37
10813,57
10814,97
10815,31
10816,92
10817,85
10818,68
10826,15
10827,65
10828,53
10830,37
10831,26
10832,76
10833,20
10834,40
10835,99
10836,11
10837,12
10838,39
10839,92
10840,42
10842,13
10843,11
10844,70
10845,39
10846,18
10847,10
10848,7
10849,92
10850,10
10851,13
10852,64
10853,74
10854,36
10855,28
10856,41
10857,35
10858,31
10859,0
10860,65
10861,47
10862,7
10864,47
10865,10
10866,26
10867,36
10868,22
10869,33
10870,80
10871,7
10872,7
10873,7
10874,7
10875,7
10876,7
10877,73
10878,40
10879,31
10880,92
10881,12
10882,76
10883,65
10884,13
10885,43
10886,59
10887,69
10888,3
10889,13
10890,65
10891,35
10892,44
10893,31
10894,31
10895,31
10896,39
10897,82
10898,14
10899,82
10900,26
10901,92
10902,17
10903,30
10904,7
10905,15
10907,53
10908,83
10910,99
10911,16
10912,24
10913,99
10915,74
10916,8
10918,12
10919,31
10920,37
10921,37
10922,85
10923,30
10924,84
10925,10
10926,94
10928,82
10929,59
10930,59
10931,38
10932,70
10933,30
10934,30
10935,92
10936,86
10937,18
10938,43
10939,53
10940,88
10942,16
10943,33
10944,70
10945,29
10946,96
10947,80
10948,33
10949,82
10950,39
10951,31
10952,30
10954,86
10955,18
10956,45
10957,34
10958,94
10959,1
10960,69
10961,68
10962,40
10963,0
10964,30
10965,74
10966,90
10967,12
10968,14
10969,68
10970,11
10972,12
10973,94
10974,84
10976,74
10977,59
10978,59
10979,24
10980,13
10981,92
10983,17
10984,43
10985,8
10986,14
10987,3
10988,7
10989,26
10990,46
10991,64
10992,65
10993,37
10994,74
10995,37
10996,41
10997,7
10998,77
10999,35
11000,69
11003,43
11004,37
11005,37
11006,38
11007,74
11008,12
11009,73
11010,15
11011,12
11012,93
11013,42
11014,57
11015,20
11016,93
11017,13
11018,13
11019,70
11020,10
11021,31
11022,59
11023,24
11025,20
11026,15
11027,72
11028,72
11029,35
11030,14
11031,13
11032,29
11033,76
11034,31
11039,42
11041,17
11043,33
11044,20
11045,76
11047,97
11050,43
11051,7
11052,0
11053,94
11054,99
11055,3
11056,14
11057,14
11058,87
11059,98
11060,47
11061,36
11062,17
11063,16
11064,99
11065,74
11066,73
11067,55
11068,75
11069,3
11073,24
11074,37
11076,30
11077,54
11078,68
11079,80
11080,69
11082,91
11083,74
11084,57
11085,33
11086,12
11087,36
11088,13
11089,14
11090,89
11091,38
11092,3
11093,59
11094,30
11095,24
11096,38
11097,37
11098,24
11099,74
11100,11
11101,99
11102,83
11103,36
11104,84
11105,7
11106,82
11107,76
11109,30
11110,62
11111,92
11112,39
11113,13
11114,31
11115,17
11116,74
11117,36
11118,36
11119,35
11120,92
11121,92
11122,2
11123,49
11124,60
11125,31
11126,94
11127,33
11128,33
11129,17
11130,8
11133,30
11134,36
11135,40
11136,89
11137,14
11138,80
11140,92
11141,92
11142,20
11143,1
11144,22
11145,23
11146,27
11147,24
11148,74
11149,74
11150,74
11151,59
11153,22
11154,36
11155,36
11156,3
11157,36
11158,36
11159,36
11160,4
11161,1
11162,3
11163,85
11164,77
11165,16
11166,70
11167,72
11168,18
11169,30
11170,36
11171,92
11172,41
11173,36
11174,31
11177,30
11179,53
11180,37
11181,7
11182,7
11183,7
11184,85
11185,7
11186,7
11187,32
11188,7
11189,80
11190,85
11191,7
11192,31
11193,99
11194,38
11195,37
11196,36
11197,93
11198,20
11200,12
11201,30
11202,31
11203,42
11204,40
11210,39
11211,22
11212,84
11213,74
11214,16
11215,99
11216,17
11217,16
11218,74
11219,39
11221,16
11222,39
11223,59
11224,11
11225,30
11226,95
11227,74
11228,70
11229,44
11230,74
11231,70
11232,12
11233,39
11234,39
11235,39
11236,99
11237,74
11238,31
11239,7
11240,22
11241,74
11242,73
11243,7
11244,77
11245,39
11246,39
11247,22
11248,20
11249,13
11250,74
11251,15
11252,33
11253,9
11254,99
11255,14
11256,53
11257,92
11258,39
11259,17
11260,48
11261,20
11262,89
11263,82
11264,39
11265,61
11266,38
11267,39
11268,74
11269,15
11270,63
11271,14
11272,14
11273,14
11274,14
11275,14
11276,31
11277,84
11278,96
11279,1
11280,15
11281,39
11282,39
11283,10
11284,30
11289,12
11290,92
11297,84
11298,27
11303,16
11304,16
11308,74
11309,70
11310,72
11311,59
11312,39
11313,31
11314,31
11315,3
11316,36
11319,92
11320,39
11321,39
11322,39
11323,16
11324,85
11325,70
11326,39
11327,85
11328,62
11329,27
11330,39
11331,39
11332,39
11333,74
11334,29
11335,28
11336,39
11337,59
11338,39
11339,72
11340,39
11341,39
11342,39
11343,39
11344,19
11345,20
11346,91
11347,39
11348,39
11349,12
11350,39
11351,38
11352,12
11353,14
11354,93
11356,60
11357,82
11358,36
11359,30
11360,93
11361,39
11362,39
11363,47
11364,94
11365,64
11366,49
11367,95
11368,77
11369,39
11370,39
11371,85
11372,16
11373,33
11374,24
11375,39
11376,13
11377,76
11378,39
11379,91
11381,18
11382,39
11383,19
11384,39
11385,19
11386,39
11387,39
11388,39
11389,39
11390,39
11391,51
11392,15
11394,12
11395,80
11397,15
11398,35
11399,42
11400,42
11401,39
11402,62
11403,75
11404,39
11405,39
11406,39
11407,39
11408,39
11409,15
11410,60
11411,39
11412,39
11413,0
11414,12
11415,36
11416,60
11417,49
11418,16
11419,34
11420,39
11421,18
11422,14
11424,63
11425,30
11426,62
11427,74
11428,30
11429,30
11431,10
11432,24
11433,39
11435,92
11436,59
11437,59
11438,37
11439,38
11440,44
11441,7
11442,39
11443,30
11444,30
11445,39
11446,39
11447,39
11448,53
11449,18
11451,33
11452,59
11454,31
11455,39
11456,39
11457,39
11458,39
11459,39
11460,39
11461,69
11462,39
11463,39
11464,42
11465,36
11466,30
11468,45
11469,86
11470,92
11471,7
11472,7
11473,7
11474,7
11475,7
11476,7
11477,7
11478,7
11479,7
11480,7
11481,7
11482,7
11483,13
11485,14
11486,39
11487,39
11488,99
11489,42
11490,14
11491,30
11493,33
11496,38
11498,19
11499,44
11501,59
11502,45
11503,1
11504,80
11505,80
11506,31
11507,70
11508,95
11509,74
11510,27
11512,94
11513,22
11514,43
11515,39
11516,39
11517,27
11518,39
11519,39
11520,37
11521,43
11522,38
11523,84
11524,36
11525,36
11526,27
11527,37
11528,39
11530,39
11531,47
11532,94
11533,69
11534,59
11535,53
11536,18
11537,39
11538,39
11539,39
11540,39
11541,39
11542,39
11543,39
11544,14
11545,27
11546,13
11547,72
11548,36
11549,13
11550,68
11551,39
11552,14
11553,20
11554,45
11555,64
11556,90
11557,20
11558,98
11559,51
11560,12
11561,70
11562,11
11563,74
11564,98
11565,85
11566,39
11567,39
11568,39
11569,39
11570,30
11571,12
11572,1
11573,16
11574,91
11575,61
11576,99
11577,61
11578,99
11579,27
11580,20
11581,37
11582,74
11583,44
11584,1
11585,74
11587,64
11592,74
11593,14
11594,13
11595,74
11599,38
11600,47
11601,47
11602,7
11603,85
11604,36
11605,12
11606,36
11607,65
11608,63
11609,17
11610,76
11611,39
11612,39
11613,39
11614,16
11615,8
11616,39
11617,30
11618,15
11619,30
11620,16
11623,10
11624,43
11625,16
11626,44
11627,18
11628,85
11629,30
11630,30
11631,39
11632,63
11633,10
11634,11
11635,15
11636,61
11637,39
11638,30
11639,90
11640,93
11641,12
11642,60
11643,16
11647,19
11648,19
11649,19
11651,61
11652,61
11653,61
11654,2
11655,37
11656,0
11658,98
11659,37
11660,92
11661,10
11662,19
11664,17
11665,60
11666,93
11667,8
11668,59
11670,30
11671,59
11672,63
11673,32
11674,37
11675,80
11676,12
11679,12
11680,13
11681,27
11682,12
11683,59
11686,43
11687,36
11688,53
11689,63
11690,0
11691,7
11692,49
11693,18
11694,54
11695,39
11696,90
11697,22
11698,13
11699,76
11700,76
11701,67
11702,31
11703,16
11704,30
11705,39
11706,39
11707,61
11708,41
11709,14
11710,39
11711,98
11712,30
11713,18
11715,16
11716,53
11717,13
11718,17
11719,41
11720,1
11721,94
11722,27
11723,74
11725,27
11726,30
11727,36
11728,41
11729,13
11730,12
11731,95
11732,30
11733,1
11734,19
11735,19
11736,19
11737,16
11738,82
11740,39
11741,39
11742,39
11743,39
11745,52
11746,42
11748,8
11749,10
11750,76
11751,36
11752,0
11753,28
11754,13
11757,3
11758,40
11759,10
11760,18
11761,19
11762,50
11763,50
11764,50
11765,13
11768,15
11771,18
11772,42
11774,89
11800,54
11801,54
11802,54
11803,54
11804,54
11805,54
11806,54
11807,54
11808,54
11809,54
11810,54
11811,54
11812,54
11813,54
11814,54
11815,54
11816,54
11817,54
11818,36
11819,54
11820,54
11821,54
11822,54
11823,54
11824,54
11825,54
11826,54
11827,54
11828,54
11829,54
11830,54
11831,54
11832,54
11833,54
11834,54
11835,54
11836,54
11837,54
11838,54
11839,54
11840,54
11841,54
11842,54
11843,54
11844,54
11845,54
11846,54
11847,54
11848,54
11849,54
11850,54
11851,54
11852,54
11853,54
11854,54
11855,54
11856,54
11857,99
11858,95
11859,13
11860,3
11861,86
11862,39
11863,39
11864,39
11865,39
11866,7
11867,59
11868,30
11869,1
11870,56
11871,39
11872,30
11873,84
11874,45
11875,70
11876,1
11877,74
11878,10
11880,70
11881,70
11882,59
11883,55
11885,39
11886,39
11887,39
11888,39
11889,94
11890,17
11892,64
11894,69
11895,12
11896,32
11897,20
11898,53
11900,1
11901,1
11902,84
11903,39
11904,94
11906,20
11907,30
11908,30
11909,17
11910,30
11911,15
11912,76
11913,33
11915,3
11917,48
11918,85
11919,30
11920,14
11921,8
11922,27
11923,18
11924,35
11926,31
11929,61
11930,72
11931,37
11932,39
11933,4
11934,93
11935,20
11936,3
11937,20
11938,72
11939,20
11941,95
11942,31
11943,31
11944,95
11945,11
11946,49
11947,12
11948,42
11949,33
11950,20
11951,47
11952,47
11953,47
11954,47
11955,47
11956,47
11957,0
11958,61
11959,13
11960,82
11961,70
11962,11
11963,30
11965,63
11966,18
11969,48
11970,37
11971,7
11972,7
11973,7
11974,7
11975,7
11976,16
11977,31
11978,92
11979,24
11980,87
11981,18
11982,13
11983,38
11984,11
11985,87
11986,98
11987,33
11988,76
11989,33
11990,88
11991,35
11992,47
11993,47
11994,47
11995,47
11996,47
11997,92
11998,8
11999,94
12000,60
12001,13
12002,11
12004,89
12006,84
12007,24
12010,95
12013,12
12014,99
12015,41
12016,22
12017,39
12018,61
12019,96
12020,63
12021,59
12022,64
12023,36
12024,37
12025,99
12026,38
12027,33
12028,33
12029,89
12030,80
12031,99
12032,99
12033,48
12034,88
12035,11
12036,79
12037,99
12038,10
12039,85
12040,80
12041,97
12042,20
12043,30
12044,94
12045,51
12046,42
12047,51
12048,74
12049,63
12050,15
12051,7
12052,14
12054,39
12055,14
12056,18
12057,47
12058,82
12059,13
12060,49
12061,65
12062,63
12063,39
12064,84
12066,36
12067,3
12068,41
12069,55
12071,63
12073,13
12074,13
12076,26
12077,42
12078,48
12079,30
12081,94
12082,51
12083,74
12084,93
12085,13
12086,82
12087,50
12088,8
12089,27
12090,99
12091,17
12092,18
12093,98
12094,94
12095,38
12096,11
12097,36
12098,10
12099,13
12100,37
12101,14
12102,37
12103,3
12104,1
12106,15
12107,36
12109,24
12110,10
12111,48
12112,86
12114,30
12115,42
12116,24
12118,50
12121,7
12122,76
12123,7
12124,85
12125,15
12126,80
12127,7
12128,80
12129,80
12130,10
12131,7
12132,7
12133,7
12134,50
12135,68
12136,31
12137,47
12138,8
12139,59
12140,64
12141,97
12142,13
12143,43
12144,33
12145,99
12146,42
12147,39
12148,77
12150,7
12151,80
12152,80
12153,80
12154,80
12155,80
12156,80
12157,80
12158,80
12159,80
12160,80
12161,80
12162,53
12163,90
12164,1
12166,15
12169,82
12170,16
12171,63
12172,92
12173,65
12175,91
12176,92
12177,93
12179,59
12180,94
12181,94
12183,95
12184,53
12185,12
12186,89
12187,33
12188,20
12189,59
12190,7
12191,16
12192,59
12193,13
12194,87
12195,33
12196,80
12197,80
12198,61
12199,0
12200,8
12201,7
12202,7
12203,7
12204,7
12205,7
12206,7
12207,7
12208,7
12209,7
12210,7
12211,7
12212,7
12213,7
12214,7
12215,7
12216,7
12217,89
12218,99
12219,38
12220,10
12221,10
12222,10
12223,54
12224,93
12225,27
12226,63
12227,22
12228,8
12229,41
12231,30
12232,30
12233,41
12234,85
12235,45
12236,95
12238,21
12239,33
12240,82
12241,98
12242,98
12243,70
12244,85
12245,80
12248,74
12249,59
12252,18
12253,54
12254,51
12255,20
12256,46
12257,11
12259,22
12260,92
12261,20
12262,30
12263,52
12264,20
12265,44
12269,22
12270,59
12272,42
12277,85
12278,13
12279,94
12280,16
12281,59
12282,26
12283,43
12285,36
12286,64
12287,60
12288,18
12290,20
12291,8
12292,30
12293,55
12294,30
12296,27
12297,14
12298,23
12299,77
12300,31
12302,12
12303,37
12304,94
12305,30
12306,30
12307,51
12308,91
12309,53
12310,36
12311,26
12312,10
12313,72
12314,33
12315,92
12316,85
12317,92
12318,31
12319,36
12320,89
12321,20
12322,99
12323,30
12324,18
12325,42
12326,13
12327,55
12328,87
12329,38
12330,12
12333,69
12334,82
12335,59
12336,15
12337,99
12340,13
12341,49
12342,54
12343,68
12344,13
12345,70
12346,43
12347,93
12348,93
12349,0
12350,55
12351,49
12352,93
12353,20
12354,85
12355,31
12357,33
12358,45
12359,81
12360,37
12361,93
12362,93
12363,64
12364,26
12366,55
12368,97
12369,69
12370,72
12371,33
12372,36
12373,36
12374,36
12375,13
12376,95
12377,17
12378,30
12380,27
12381,18
12383,99
12384,83
12385,43
12386,94
12387,15
12388,59
12389,38
12390,8
12391,38
12392,30
12393,30
12394,30
12395,30
12396,91
12397,91
12398,94
12400,67
12402,98
12403,85
12404,53
12405,92
12406,73
12409,42
12410,42
12411,4
12412,36
12413,38
12414,0
12415,27
12416,84
12417,7
12418,12
12419,59
12420,26
12421,8
12422,13
12423,8
12424,13
12425,73
12426,11
12427,83
12428,14
12429,95
12430,11
12431,94
12433,42
12434,89
12436,59
12438,39
12439,79
12440,22
12441,1
12442,0
12443,77
12444,80
12445,7
12449,1
12450,37
12452,41
12453,37
12454,12
12455,88
12456,88
12458,87
12460,94
12461,0
12462,31
12463,31
12464,31
12465,30
12466,30
12467,30
12468,30
12469,30
12470,37
12471,13
12472,10
12473,49
12474,15
12475,98
12476,16
12477,39
12478,0
12480,20
12481,72
12482,59
12483,29
12484,16
12485,1
12486,35
12490,19
12491,85
12492,20
12493,92
12494,87
12495,59
12496,39
12497,39
12498,39
12504,10
12505,61
12506,28
12507,14
12508,20
12509,33
12510,38
12511,52
12512,76
12513,54
12514,42
12515,54
12516,16
12517,30
12518,27
12519,55
12520,37
12521,39
12522,79
12523,47
12524,99
12525,42
12526,17
12527,82
12528,42
12529,20
12530,39
12531,39
12532,59
12535,33
12536,30
12537,53
12538,53
12539,42
12540,31
12541,41
12542,53
12543,39
12544,13
12545,72
12548,67
12549,13
12550,39
12551,39
12552,39
12553,39
12554,39
12555,82
12556,7
12557,16
12558,22
12559,17
12560,59
12561,84
12563,2
12564,27
12565,4
12567,39
12568,39
12569,27
12570,59
12571,22
12572,13
12573,49
12574,39
12575,39
12576,39
12577,59
12578,10
12580,89
12581,15
12582,53
12583,39
12584,17
12585,60
12586,20
12587,80
12588,53
12589,61
12590,33
12591,17
12592,76
12593,36
12594,8
12595,39
12596,70
12597,39
12598,39
12599,39
12600,0
12601,39
12605,18
12606,31
12607,80
12608,80
12609,59
12610,57
12611,85
12614,30
12615,26
12616,76
12617,60
12618,39
12619,39
12621,20
12622,38
12623,7
12624,20
12625,51
12626,73
12628,2
12629,8
12630,3
12631,17
12632,13
12633,43
12634,39
12635,42
12638,53
12639,16
12640,45
12641,69
12642,51
12643,38
12644,12
12645,39
12647,76
12648,51
12649,11
12650,39
12651,80
12652,31
12653,31
12654,22
12655,68
12656,22
12657,51
12658,98
12659,70
12661,31
12662,17
12663,59
12664,98
12667,42
12668,46
12669,1
12670,47
12671,91
12672,37
12673,22
12674,20
12675,4
12676,39
12677,1
12678,33
12679,84
12680,43
12681,22
12682,22
12683,22
12684,76
12685,39
12686,33
12687,10
12689,17
12690,17
12691,17
12692,86
12693,60
12694,95
12696,98
12697,59
12699,11
12700,13
12701,38
12725,97
12728,17
12729,17
12730,17
12731,17
12732,56
12733,82
12734,17
12735,17
12736,85
12737,30
12738,30
12739,30
12740,41
12741,92
12742,29
12743,15
12744,20
12745,88
12746,18
12747,82
12748,13
12750,56
12753,72
12754,31
12755,31
12758,33
12759,38
12760,36
12761,52
12762,77
12763,15
12764,27
12765,29
12766,39
12767,31
12768,29
12769,8
12770,53
12771,2
12772,13
12773,85
12774,86
12775,86
12776,86
12777,17
12778,86
12779,94
12781,39
12784,48
12785,36
12786,84
12787,28
12788,69
12789,70
12790,63
12791,59
12792,76
12793,80
12794,10
12797,59
12798,7
12799,20
12800,41
12801,41
12803,85
12805,22
12806,86
12807,86
12808,41
12809,20
12810,22
12811,11
12813,20
12814,72
12815,55
12816,0
12817,13
12818,89
12819,86
12820,45
12821,76
12823,92
12825,30
12826,44
12827,91
12828,33
12830,41
12832,80
12833,93
12834,80
12835,94
12836,80
12839,86
12841,98
12842,10
12843,38
12845,67
12846,95
12847,91
12849,42
12850,69
12851,87
12852,26
12853,48
12854,20
12855,46
12856,34
12857,60
12858,37
12859,85
12860,30
12861,28
12863,83
12864,8
12866,30
12867,11
12868,20
12870,22
12871,48
12872,30
12873,39
12874,27
12875,53
12876,37
12877,22
12878,17
12879,74
12880,22
12881,57
12882,29
12883,27
12884,59
12885,27
12886,15
12887,11
12888,49
12890,18
12891,37
12892,18
12894,82
12895,27
12896,11
12897,39
12898,39
12899,39
12900,0
12901,90
12902,20
12903,34
12904,0
12905,30
12908,22
12909,49
12910,46
12911,95
12912,85
12913,11
12914,8
12915,37
12916,67
12917,30
12918,82
12919,59
12920,89
12922,46
12923,59
12924,38
12925,38
12926,4
12928,42
12929,42
12930,46
12931,37
12932,33
12933,13
12934,30
12935,37
12936,17
12937,92
12938,86
12939,86
12940,17
12941,17
12942,68
12943,17
12944,30
12945,17
12946,17
12947,86
12948,86
12951,30
12952,17
12953,95
12954,7
12955,63
12956,20
12957,22
12958,1
12959,85
12960,66
12961,48
12962,51
12963,92
12964,92
12965,39
12966,39
12967,47
12968,31
12970,42
12971,70
12972,37
12973,41
12974,57
12975,36
12976,84
12977,38
12978,75
12980,17
12981,29
12982,36
12983,87
12984,13
12985,13
12986,85
12988,10
12989,37
12990,53
12991,37
12992,42
12994,13
12995,85
12996,31
12997,17
12998,92
13000,83
13001,59
13002,23
13003,27
13004,8
13005,10
13006,10
13007,72
13008,72
13009,31
13010,7
13011,42
13012,31
13014,8
13015,72
13017,37
13018,13
13019,93
13020,22
13021,31
13022,68
13026,36
13028,69
13029,51
13030,49
13031,35
13032,80
13033,42
13034,93
13035,74
13037,99
13039,10
13040,99
13042,95
13043,67
13044,53
13045,12
13046,60
13047,31
13048,53
13049,13
13050,10
13051,4
13052,38
13053,36
13054,91
13055,42
13056,49
13057,37
13058,33
13060,49
13061,66
13062,52
13064,84
13065,34
13066,96
13067,30
13068,84
13069,18
13071,1
13072,11
13073,7
13074,30
13075,38
13076,13
13077,59
13080,98
13081,38
13084,82
13085,82
13086,38
13087,3
13088,13
13089,8
13090,39
13091,70
13094,59
13095,27
13097,33
13098,30
13102,16
13103,46
13104,20
13105,13
13106,13
13107,14
13108,39
13109,48
13110,92
13111,79
13112,48
13113,39
13114,51
13115,42
13116,66
13117,32
13118,38
13119,51
13120,42
13121,42
13123,15
13124,41
13125,74
13126,92
13127,35
13128,84
13130,42
13131,37
13132,48
13133,18
13135,59
13136,20
13137,20
13138,20
13139,13
13141,1
13142,20
13143,20
13144,88
13145,66
13146,16
13147,87
13148,91
13150,27
13151,20
13152,33
13154,66
13155,13
13157,48
13158,76
13159,0
13160,20
13161,63
13162,37
13163,83
13166,26
13167,38
13168,17
13169,15
13170,23
13172,33
13176,14
13177,21
13178,37
13179,99
13180,33
13181,86
13182,15
13183,91
13184,24
13185,30
13186,30
13188,8
13191,93
13193,20
13194,37
13195,66
13196,20
13197,11
13199,39
13200,18
13201,76
13202,41
13203,13
13204,18
13205,89
13206,18
13208,65
13209,43
13211,99
13212,94
13213,57
13215,91
13217,14
13218,43
13220,69
13222,27
13223,99
13224,99
13225,42
13226,69
13227,91
13228,26
13229,26
13232,59
13234,92
13235,9
13237,76
13238,37
13239,4
13240,13
13241,36
13242,66
13243,97
13244,30
13245,8
13246,91
13248,27
13249,40
13250,17
13251,17
13252,30
13253,30
13254,32
13255,42
13257,37
13260,49
13261,0
13262,13
13265,55
13266,95
13267,20
13268,26
13269,30
13270,30
13271,60
13272,34
13273,37
13274,74
13275,37
13276,43
13277,10
13278,93
13279,12
13280,42
13281,30
13282,16
13283,30
13285,20
13286,55
13287,27
13288,1
13289,25
13290,92
13291,34
13292,93
13293,85
13294,20
13295,67
13296,51
13297,30
13298,98
13300,20
13301,8
13302,3
13304,36
13305,91
13306,52
13307,85
13309,28
13310,98
13311,80
13312,37
13313,30
13314,85
13315,91
13316,18
13319,16
13321,27
13322,38
13323,30
13324,74
13325,40
13327,30
13329,10
13330,18
13331,75
13332,11
13333,96
13334,76
13335,26
13337,92
13340,82
13341,26
13342,13
13343,59
13344,92
13345,59
13347,64
13348,30
13349,20
13350,99
13351,13
13352,30
13353,26
13354,91
13355,3
13356,7
13357,64
13358,19
13359,39
13360,50
13361,61
13362,61
13363,18
13364,98
13365,89
13366,42
13367,60
13368,83
13369,33
13370,81
13372,33
13373,30
13375,91
13376,46
13377,53
13379,17
13381,27
13382,39
13384,59
13387,10
13388,18
13389,61
13390,30
13391,30
13392,42
13393,61
13395,51
13396,62
13397,79
13398,8
13399,19
13401,19
13402,20
13403,60
13404,85
13405,59
13406,61
13407,20
13408,10
13409,87
13410,15
13411,61
13412,87
13413,87
13414,87
13415,87
13416,87
13417,87
13418,87
13419,87
13420,27
13421,30
13422,30
13423,25
13424,74
13425,10
13426,61
13427,61
13430,54
13432,37
13433,18
13434,45
13435,8
13436,75
13437,87
13438,91
13439,18
13440,66
13441,15
13442,13
13443,19
13444,63
13446,30
13447,28
13448,80
13449,11
13450,17
13453,94
13454,15
13455,17
13457,15
13459,43
13460,20
13461,93
13462,61
13463,61
13464,51
13465,30
13466,30
13467,8
13468,84
13469,10
13470,94
13471,13
13472,48
13474,63
13476,77
13477,13
13480,61
13481,53
13482,8
13483,10
13484,80
13485,51
13486,82
13487,55
13488,88
13489,51
13491,30
13493,55
13494,72
13495,39
13496,22
13497,16
13498,43
13499,17
13500,47
13501,1
13502,30
13503,30
13504,34
13505,87
13506,74
13508,7
13509,89
13510,77
13511,87
13512,27
13513,61
13514,43
13515,80
13517,73
13518,27
13520,69
13521,61
13522,93
13526,44
13527,37
13528,44
13529,9
13530,85
13531,59
13532,59
13533,20
13534,45
13535,99
13536,61
13537,64
13538,30
13539,76
13540,61
13541,15
13542,17
13543,80
13544,61
13545,55
13546,37
13547,37
13548,8
13549,12
13550,61
13551,61
13552,42
13553,7
13554,94
13555,74
13556,92
13558,61
13559,62
13560,62
13561,13
13563,30
13567,1
13568,63
13569,63
13570,29
13571,61
13572,37
13573,22
13574,68
13575,84
13576,93
13577,17
13578,39
13579,14
13582,53
13583,13
13584,50
13586,99
13587,39
13588,74
13589,10
13597,85
13600,54
13601,26
13602,14
13603,82
13604,7
13605,27
13606,42
13609,28
13610,63
13611,63
13612,63
13613,63
13614,63
13615,63
13616,42
13617,31
13618,75
13619,85
13620,20
13621,99
13623,69
13624,46
13626,47
13631,36
13632,36
13633,52
13634,36
13635,12
13636,66
13637,36
13638,61
13639,30
13640,19
13641,50
13642,14
13643,36
13644,39
13645,45
13646,24
13647,24
13648,24
13649,38
13650,24
13651,54
13652,18
13655,66
13656,20
13660,13
13664,82
13665,12
13666,72
13667,29
13669,55
13670,59
13672,99
13673,82
13674,88
13675,74
13677,11
13678,26
13679,59
13680,36
13684,61
13685,74
13688,54
13689,84
13692,28
13693,28
13694,2
13695,93
13700,14
13701,42
13702,28
13706,89
13707,16
13708,15
13709,59
13710,30
13711,36
13712,61
13713,61
13714,58
13715,89
13716,25
13717,17
13718,42
13719,52
13720,7
13721,7
13722,63
13723,1
13724,59
13725,69
13726,69
13728,1
13729,61
13730,68
13731,16
13736,61
13738,0
13739,15
13740,33
13741,36
13742,42
13746,64
13747,61
13748,2
13749,27
13750,20
13751,46
13752,91
13753,17
13754,60
13755,75
13756,76
13757,43
13758,74
13759,89
13760,95
13761,36
13762,35
13763,85
13764,85
13766,20
13767,13
13770,66
13774,94
13775,21
13776,37
13777,83
13778,94
13781,29
13782,94
13783,86
13784,80
13785,99
13786,88
13788,36
13789,41
13790,13
13791,11
13796,36
13797,36
13799,85
13800,38
13801,37
13803,92
13806,27
13809,38
13811,6
13812,91
13813,70
13814,4
13815,3
13816,89
13817,91
13820,22
13821,44
13822,61
13823,62
13824,18
13826,86
13827,12
13828,66
13829,39
13830,38
13831,81
13832,59
13833,35
13835,91
13836,7
13840,85
13841,44
13842,70
13843,34
13844,70
13847,14
13851,0
13852,85
13853,74
13854,95
13858,45
13859,17
13860,26
13864,36
13865,52
13870,53
13871,20
13872,93
13876,82
13877,20
13878,37
13879,49
13880,33
13881,10
13882,33
13883,85
13884,85
13885,49
13886,12
13887,55
13888,73
13889,13
13890,75
13891,31
13893,31
13894,10
13895,17
13896,47
13897,17
13898,86
13899,39
13900,99
13903,30
13905,92
13906,63
13907,50
13908,38
13909,94
13910,8
13911,95
13912,92
13913,15
13916,73
13918,45
13922,82
13923,55
13924,36
13925,61
13926,60
13927,30
13928,10
13929,82
13930,89
13931,44
13932,43
13933,59
13934,20
13935,39
13936,61
13937,59
13939,19
13940,89
13941,18
13942,63
13943,45
13944,16
13945,53
13946,92
13954,30
13955,53
13956,66
13957,13
13958,13
13960,37
13961,30
13962,19
13963,48
13964,66
13966,30
13967,94
13968,46
13969,37
13970,59
13971,93
13972,93
13973,51
13974,98
13977,69
13978,76
13979,47
13980,3
13982,7
13983,38
13984,76
13985,15
13986,14
13987,14
13988,14
13989,14
13990,14
13992,17
13993,22
13994,30
13995,30
13996,85
13997,92
13998,48
14000,28
14001,94
14002,20
14003,73
14004,41
14005,99
14006,8
14007,39
14008,39
14009,19
14010,39
14011,39
14012,23
14013,82
14014,27
14015,20
14016,18
14017,18
14018,92
14019,38
14020,69
14021,44
14022,39
14023,95
14024,39
14025,48
14026,20
14029,53
14031,49
14032,2
14033,65
14034,91
14036,66
14037,6
14039,37
14040,10
14041,19
14044,22
14045,56
14046,30
14047,10
14048,91
14049,82
14051,37
14052,47
14053,30
14054,1
14055,55
14056,51
14057,30
14058,89
14060,22
14061,13
14062,73
14064,20
14065,13
14066,21
14067,30
14068,2
14070,8
14072,18
14074,30
14076,85
14077,24
14078,53
14079,59
14080,72
14081,24
14082,99
14083,17
14084,15
14085,59
14086,12
14087,85
14089,59
14090,8
14091,54
14092,74
14093,30
14094,99
14095,33
14096,33
14097,19
14098,82
14099,48
14100,99
14101,74
14102,50
14103,15
14104,31
14106,16
14107,37
14108,59
14109,13
14110,17
14111,74
14114,65
14115,49
14116,74
14117,63
14118,91
14119,93
14120,18
14122,30
14123,30
14124,39
14126,93
14127,74
14128,17
14129,99
14130,17
14131,36
14132,36
14133,29
14134,84
14135,30
14136,17
14137,31
14138,71
14139,18
14140,65
14141,30
14145,37
14146,30
14147,74
14148,74
14149,7
14150,70
14153,59
14154,76
14165,30
14166,30
14167,33
14168,76
14169,17
14170,71
14171,15
14172,7
14173,46
14174,1
14175,76
14176,76
14179,28
14180,74
14182,8
14183,11
14184,24
14185,13
14186,30
14187,93
14188,74
14189,84
14191,27
14193,85
14194,47
14195,76
14196,63
14197,63
14199,30
14200,76
14201,3
14202,92
14203,13
14204,16
14206,7
14209,20
14211,70
14213,13
14216,85
14217,30
14218,28
14219,47
14220,3
14222,7
14224,42
14226,40
14227,54
14228,85
14229,30
14230,39
14231,30
14232,48
14233,60
14234,62
14235,97
14237,20
14238,51
14239,11
14240,37
14241,72
14242,46
14243,13
14244,16
14245,91
14246,10
14248,51
14249,37
14250,30
14252,88
14253,37
14255,93
14256,70
14257,0
14260,67
14261,62
14262,91
14263,94
14264,51
14265,42
14266,42
14268,88
14272,30
14273,56
14274,41
14275,76
14276,53
14277,30
14278,86
14279,81
14280,17
14282,88
14283,74
14284,82
14289,96
14290,96
14291,27
14293,55
14294,35
14295,54
14297,84
14298,51
14299,83
14300,96
14301,43
14302,51
14303,15
14304,3
14305,49
14312,20
14313,91
14314,11
14315,60
14316,99
14317,76
14319,36
14320,24
14321,30
14322,69
14323,0
14324,66
14325,63
14326,48
14327,66
14328,20
14331,70
14332,33
14333,66
14334,16
14335,71
14338,88
14339,34
14341,30
14342,48
14344,30
14345,31
14346,42
14347,10
14348,59
14350,27
14352,17
14353,99
14355,95
14356,0
14357,11
14358,42
14359,13
14360,38
14361,33
14362,59
14363,27
14364,30
14365,30
14366,42
14367,59
14368,26
14369,86
14370,34
14371,46
14373,37
14374,13
14375,3
14376,59
14377,79
14378,20
14379,92
14380,88
14381,53
14382,37
14383,50
14384,42
14389,30
14390,30
14391,48
14392,13
14393,76
14394,62
14395,15
14396,70
14400,84
14402,3
14403,8
14405,84
14406,62
14407,3
14408,11
14409,1
14410,82
14411,74
14412,48
14413,52
14414,85
14415,60
14416,29
14417,69
14418,20
14419,8
14420,97
14421,29
14422,31
14423,42
14424,9
14425,37
14426,83
14427,37
14428,13
14429,41
14430,34
14431,36
14432,7
14436,22
14437,87
14441,34
14442,91
14443,75
14444,54
14445,63
14446,31
14447,12
14448,10
14449,82
14450,30
14451,84
14452,30
14453,18
14454,37
14455,30
14456,59
14457,12
14458,89
14459,89
14460,49
14461,20
14462,45
14463,10
14464,27
14465,48
14466,41
14467,10
14468,48
14469,85
14470,0
14471,76
14472,60
14473,32
14474,28
14475,92
14476,13
14477,12
14478,12
14479,42
14480,87
14481,38
14482,59
14483,30
14484,10
14485,26
14486,86
14487,0
14488,92
14489,22
14490,37
14491,82
14492,63
14493,71
14494,29
14495,69
14496,88
14497,41
14498,54
14499,20
14500,69
14501,4
14502,52
14504,51
14506,37
14508,57
14509,66
14510,48
14511,48
14513,94
14514,30
14515,11
14516,30
14517,47
14518,48
14519,10
14520,59
14521,67
14522,76
14523,37
14524,66
14525,37
14526,57
14527,85
14528,99
14529,88
14530,66
14531,38
14532,70
14533,91
14534,57
14535,57
14540,85
14542,59
14543,92
14544,30
14545,59
14546,17
14548,10
14549,10
14550,80
14551,20
14552,20
14553,18
14554,18
14555,14
14556,44
14557,20
14558,81
14562,48
14563,7
14565,28
14566,76
14567,8
14568,99
14571,94
14572,57
14573,57
14574,59
14575,85
14576,20
14577,8
14578,18
14579,22
14581,15
14582,31
14583,36
14584,31
14585,58
14586,20
14587,81
14588,10
14589,89
14590,23
14591,49
14592,30
14593,72
14594,55
14595,86
14596,20
14597,93
14598,94
14599,20
14600,77
14601,30
14602,22
14603,52
14604,4
14605,76
14606,57
14608,92
14610,92
14611,42
14612,52
14613,42
14614,76
14615,14
14616,98
14617,99
14618,99
14619,83
14623,33
14624,57
14625,83
14626,86
14627,17
14628,47
14629,57
14630,17
14631,50
14632,76
14633,15
14634,53
14635,92
14636,20
14637,16
14638,18
14639,30
14640,74
14641,28
14642,74
14643,74
14644,53
14645,70
14646,1
14647,17
14652,30
14653,57
14654,59
14655,74
14656,16
14657,20
14658,27
14659,48
14660,42
14661,18
14662,37
14663,36
14664,77
14665,86
14667,57
14668,74
14669,15
14671,94
14672,20
14673,54
14674,20
14675,20
14676,12
14678,22
14679,63
14680,36
14681,27
14682,43
14684,80
14685,42
14687,37
14689,36
14690,30
14691,66
14694,30
14695,30
14696,70
14697,2
14698,62
14699,88
14701,32
14706,80
14707,30
14708,94
14709,66
14710,92
14711,86
14712,37
14714,70
14715,51
14716,20
14717,2
14721,41
14723,57
14725,28
14726,69
14728,12
14729,31
14730,70
14731,94
14732,3
14734,10
14735,45
14739,76
14740,94
14742,60
14743,21
14744,93
14745,30
14746,69
14747,30
14748,76
14749,48
14750,40
14752,74
14753,52
14754,48
14755,1
14756,15
14757,99
14758,13
14759,74
14760,11
14761,88
14762,92
14763,62
14764,26
14766,74
14767,30
14769,30
14770,89
14771,10
14772,74
14776,68
14777,35
14778,52
14779,43
14780,18
14781,49
14782,98
14783,65
14784,3
14785,57
14786,57
14787,30
14797,3
14798,63
14800,99
14808,30
14809,53
14811,31
14812,60
14813,91
14814,3
14815,80
14817,59
14818,94
14821,98
14823,22
14824,51
14825,2
14829,57
14831,17
14832,7
14833,76
14834,81
14835,57
14836,42
14837,3
14838,3
14841,13
14842,66
14843,47
14844,59
14845,30
14846,30
14848,3
14849,20
14851,91
14852,15
14853,33
14854,1
14855,15
14856,30
14857,53
14858,37
14859,17
14860,13
14863,93
14865,99
14866,40
14867,20
14868,3
14869,38
14870,12
14871,38
14872,3
14873,77
14874,94
14875,17
14876,59
14877,92
14878,4
14879,17
14880,74
14881,16
14882,17
14883,76
14884,34
14885,37
14886,48
14887,38
14888,44
14889,17
14890,59
14891,62
14892,73
14893,4
14895,76
14896,33
14897,92
14898,35
14899,91
14900,14
14901,79
14902,16
14903,92
14906,38
14907,85
14908,95
14909,76
14910,17
14914,42
14916,74
14917,16
14919,30
14920,30
14921,30
14922,30
14923,30
14924,30
14925,30
14926,30
14927,30
14928,30
14929,30
14930,30
14931,30
14932,30
14933,30
14934,30
14935,30
14936,30
14937,30
14938,30
14939,30
14940,30
14941,30
14942,30
14943,13
14945,69
14946,57
14947,15
14948,59
14951,4
14952,99
14953,98
14954,37
14955,99
14957,93
14958,3
14959,69
14960,59
14961,85
14963,94
14964,41
14965,30
14966,30
14967,59
14968,34
14969,63
14970,69
14971,6
14972,53
14973,80
14974,30
14975,14
14976,14
14977,14
14978,59
14979,95
14980,11
14981,27
14984,42
14985,79
14986,28
14987,51
14988,69
14989,19
14990,19
14991,30
14992,13
14993,35
14994,69
14996,20
14998,17
14999,27
15000,11
15001,88
15002,86
15003,40
15004,79
15005,8
15006,41
15007,10
15011,20
15012,30
15013,37
15014,92
15015,63
15016,36
15017,69
15018,8
15019,21
15020,51
15021,30
15022,42
15025,15
15026,30
15029,17
15030,89
15031,18
15033,22
15034,92
15035,23
15036,14
15040,74
15041,14
15042,91
15043,46
15044,57
15045,13
15049,30
15050,19
15051,19
15052,19
15053,60
15055,59
15063,31
15064,30
15065,36
15067,37
15069,21
15072,17
15073,70
15074,46
15076,9
15077,3
15078,56
15079,98
15080,36
15081,69
15082,20
15084,53
15086,48
15087,39
15088,64
15089,22
15091,51
15092,51
15093,94
15094,37
15095,15
15096,14
15097,8
15098,18
15099,59
15100,42
15101,38
15102,75
15103,93
15106,83
15108,15
15109,94
15110,83
15111,17
15114,11
15116,80
15117,7
15118,14
15119,99
15120,98
15121,30
15122,17
15123,37
15124,92
15125,84
15126,95
15127,8
15128,14
15130,13
15131,83
15132,14
15133,17
15134,40
15135,70
15137,3
15138,59
15140,31
15141,34
15142,30
15143,76
15144,30
15145,72
15147,68
15148,59
15149,92
15151,10
15153,48
15154,11
15155,7
15156,37
15157,42
15158,83
15159,59
15160,83
15161,2
15162,29
15164,74
15165,99
15166,30
15167,60
15168,3
15169,17
15170,74
15171,84
15172,18
15173,84
15174,94
15175,83
15176,85
15177,1
15179,93
15180,1
15181,37
15182,94
15183,37
15184,42
15185,26
15186,72
15187,43
15188,92
15189,35
15190,27
15191,64
15192,93
15193,19
15194,12
15195,93
15196,30
15197,61
15198,46
15199,54
15200,51
15202,74
15204,63
15205,35
15207,28
15209,38
15210,14
15211,38
15214,82
15216,61
15218,63
15219,38
15220,13
15221,89
15222,27
15223,65
15224,83
15225,18
15227,3
15228,93
15229,23
15230,94
15231,50
15232,61
15233,96
15234,3
15237,21
15238,93
15240,84
15241,17
15242,82
15243,59
15244,37
15245,62
15246,96
15247,80
15248,89
15249,18
15250,72
15251,13
15252,93
15253,28
15254,96
15255,20
15256,62
15257,45
15258,76
15259,7
15260,18
15261,18
15262,97
15263,14
15265,94
15266,11
15268,13
15269,87
15270,51
15271,85
15272,99
15274,59
15275,94
15276,32
15277,48
15278,16
15279,31
15280,3
15281,3
15282,3
15283,79
15284,3
15285,22
15289,88
15290,10
15293,4
15294,59
15298,10
15299,96
15300,15
15301,9
15302,22
15304,18
15306,45
15307,62
15308,77
15309,82
15311,38
15313,99
15315,37
15317,93
15319,8
15320,82
15321,37
15322,36
15323,33
15325,71
15326,71
15327,54
15328,59
15329,88
15330,30
15331,71
15332,30
15333,13
15335,82
15336,42
15337,4
15338,80
15342,27
15343,57
15344,17
15345,67
15348,92
15349,15
15350,85
15351,15
15352,79
15353,8
15354,61
15355,17
15356,16
15357,10
15358,71
15359,14
15360,55
15362,50
15363,55
15364,54
15365,79
15366,30
15367,3
15368,38
15369,34
15370,99
15373,71
15374,71
15376,42
15377,30
15378,69
15379,18
15380,93
15381,94
15382,37
15383,51
15384,93
15385,70
15386,71
15387,16
15389,16
15390,98
15391,31
15392,31
15393,31
15394,31
15396,38
15398,14
15399,73
15400,53
15401,27
15402,41
15404,71
15405,61
15406,15
15407,55
15408,82
15409,99
15410,37
15411,42
15412,18
15413,80
15414,41
15415,13
15416,85
15417,19
15419,20
15420,89
15422,91
15424,94
15425,42
15426,92
15427,61
15428,71
15429,13
15430,37
15431,37
15432,15
15435,79
15436,27
15437,96
15438,59
15439,30
15441,30
15442,30
15443,94
15444,43
15445,42
15446,34
15447,99
15448,99
15449,37
15450,48
15451,71
15452,71
15453,30
15454,43
15455,85
15456,8
15457,71
15460,77
15461,99
15464,12
15465,0
15466,94
15467,76
15468,77
15469,96
15470,59
15471,71
15472,38
15473,16
15474,82
15475,82
15476,82
15477,82
15478,12
15479,12
15480,12
15481,52
15482,82
15483,35
15484,79
15485,76
15486,94
15487,89
15488,63
15489,20
15490,63
15491,28
15492,1
15493,85
15494,74
15495,2
15496,22
15498,37
15502,59
15503,59
15504,54
15506,2
15507,17
15508,31
15509,13
15510,63
15511,17
15512,30
15516,20
15517,21
15518,71
15519,10
15520,83
15521,3
15522,31
15523,12
15524,98
15525,94
15526,23
15527,37
15528,3
15529,38
15530,42
15532,97
15533,4
15534,2
15535,34
15536,39
15537,88
15538,92
15539,71
15540,17
15541,92
15542,59
15544,22
15545,20
15546,92
15547,13
15548,18
15549,52
15550,92
15551,72
15552,57
15553,98
15560,74
15561,4
15562,17
15563,18
15564,42
15565,91
15566,88
15567,4
15568,20
15569,3
15570,80
15571,17
15572,48
15573,59
15575,3
15576,77
15577,13
15578,16
15580,59
15581,35
15583,59
15585,80
15586,45
15587,29
15588,16
15590,23
15591,94
15592,74
15594,30
15595,63
15596,15
15597,17
15599,15
15600,43
15601,71
15602,42
15603,22
15604,34
15605,30
15606,73
15607,16
15608,2
15609,50
15610,97
15612,99
15613,71
15614,37
15615,30
15616,16
15617,54
15618,99
15619,71
15620,28
15621,3
15622,77
15623,8
15624,20
15625,59
15627,37
15629,41
15630,92
15631,71
15634,52
15636,28
15638,61
15639,61
15640,61
15641,61
15644,41
15647,50
15648,95
15649,69
15650,71
15651,94
15652,99
15653,17
15654,93
15655,17
15656,10
15657,30
15658,84
15659,74
15660,94
15661,3
15662,95
15663,84
15664,24
15665,8
15666,50
15667,80
15670,91
15671,37
15672,54
15673,16
15675,42
15677,30
15678,51
15679,46
15681,45
15683,8
15684,92
15685,42
15687,63
15688,30
15689,7
15691,63
15693,13
15694,65
15695,33
15696,20
15697,2
15698,14
15699,83
15700,46
15701,46
15702,46
15704,85
15705,80
15706,60
15707,81
15708,19
15709,57
15710,85
15712,15
15713,54
15714,17
15715,13
15716,71
15717,13
15718,54
15720,17
15721,65
15722,93
15723,17
15725,97
15726,17
15727,17
15728,15
15729,67
15730,18
15733,94
15735,14
15737,85
15738,93
15740,71
15741,17
15742,30
15743,37
15744,10
15745,49
15746,3
15747,8
15749,7
15750,17
15751,54
15752,95
15755,88
15758,80
15759,89
15760,22
15762,16
15763,0
15766,16
15767,59
15768,18
15769,91
15770,12
15771,26
15772,73
15773,86
15774,37
15775,1
15776,12
15777,42
15778,17
15779,93
15780,18
15781,97
15782,17
15784,84
15785,71
15788,10
15789,71
15790,82
15792,29
15793,37
15794,21
15795,17
15796,22
15797,37
15798,92
15799,37
15800,20
15801,86
15802,12
15803,33
15807,74
15808,91
15809,24
15810,88
15812,26
15817,94
15818,94
15819,36
15820,74
15822,18
15824,13
15825,74
15826,57
15827,71
15828,71
15829,41
15830,53
15831,68
15833,19
15834,24
15835,13
15836,26
15837,49
15838,36
15839,17
15840,66
15841,37
15843,90
15850,82
15851,80
15852,17
15853,43
15854,2
15855,10
15856,4
15857,15
15858,63
15859,43
15860,36
15861,18
15862,38
15863,31
15864,37
15865,82
15866,8
15867,17
15868,59
15869,42
15870,11
15872,95
15873,70
15874,26
15875,37
15876,36
15877,20
15878,10
15879,88
15880,36
15881,43
15883,63
15884,74
15886,59
15887,50
15888,35
15889,19
15892,63
15893,33
15894,33
15895,16
15896,12
15899,94
15900,0
15901,8
15902,59
15903,17
15904,17
15905,20
15906,70
15909,50
15910,79
15911,27
15912,30
15913,36
15914,50
15915,34
15916,71
15917,71
15918,71
15919,71
15920,17
15921,87
15922,37
15923,18
15924,36
15925,36
15926,36
15927,16
15928,71
15929,74
15930,13
15931,99
15932,65
15933,74
15934,37
15935,39
15936,57
15937,12
15938,31
15939,89
15940,62
15941,93
15944,39
15945,39
15946,49
15947,45
15948,16
15950,32
15951,7
15953,10
15954,92
15955,29
15956,91
15957,30
15958,0
15960,91
15961,92
15962,89
15963,38
15964,76
15965,33
15966,94
15968,26
15970,71
15971,17
15972,9
15973,30
15976,85
15977,92
15978,22
15979,94
15982,94
15983,10
15984,13
15985,59
15986,85
15989,37
15991,85
15992,91
15994,87
15996,61
15997,13
15998,13
15999,10
16000,85
16001,48
16002,48
16003,48
16004,48
16005,94
16006,85
16007,48
16008,94
16009,48
16010,48
16011,48
16012,48
16013,48
16014,48
16015,48
16016,48
16017,48
16018,48
16019,48
16024,71
16025,71
16026,87
16027,27
16028,36
16029,71
16030,71
16031,71
16032,71
16033,36
16035,21
16036,50
16037,95
16038,95
16039,37
16040,16
16041,37
16042,26
16044,28
16046,24
16047,63
16048,17
16049,91
16050,59
16051,33
16052,3
16053,76
16054,82
16055,88
16056,12
16057,36
16058,20
16059,97
16060,50
16064,98
16065,37
16070,67
16073,74
16074,70
16076,20
16077,3
16078,12
16079,75
16080,37
16081,14
16083,50
16084,50
16085,15
16086,42
16087,36
16088,20
16089,12
16090,59
16091,17
16092,37
16093,82
16094,37
16095,16
16096,93
16097,7
16098,39
16099,1
16100,43
16101,94
16103,50
16104,50
16106,89
16107,30
16108,38
16109,97
16112,91
16113,30
16114,91
16115,94
16116,64
16118,50
16119,18
16121,3
16123,71
16124,66
16125,29
16126,80
16127,33
16129,1
16130,23
16131,83
16133,42
16134,57
16135,63
16136,81
16137,37
16138,37
16139,71
16140,32
16141,50
16142,89
16143,37
16144,38
16145,27
16146,93
16147,50
16148,73
16150,1
16151,36
16152,30
16153,50
16154,50
16155,79
16156,2
16158,95
16159,50
16160,84
16161,84
16162,84
16163,84
16164,84
16165,84
16166,84
16167,84
16168,33
16169,10
16170,83
16171,24
16172,50
16173,71
16174,59
16175,71
16176,71
16177,71
16178,51
16179,71
16180,53
16181,91
16182,13
16183,35
16184,26
16185,3
16186,93
16187,38
16188,38
16189,38
16190,49
16191,71
16192,71
16193,61
16194,15
16195,95
16196,91
16197,80
16198,94
16199,13
16200,36
16202,42
16203,42
16204,33
16205,80
16206,80
16207,94
16208,15
16209,99
16213,30
16215,91
16216,50
16217,37
16220,23
16221,89
16222,76
16224,53
16225,34
16226,84
16227,28
16228,52
16229,99
16230,79
16231,22
16232,64
16233,80
16241,43
16242,18
16243,27
16244,80
16245,96
16246,69
16247,74
16248,34
16249,15
16250,34
16251,24
16252,37
16253,92
16254,89
16255,32
16256,11
16257,7
16258,82
16259,92
16261,82
16263,30
16265,98
16266,11
16267,10
16268,17
16269,20
16270,19
16271,30
16272,36
16273,54
16274,27
16275,13
16276,18
16277,95
16281,30
16282,12
16283,37
16284,13
16285,18
16287,11
16288,46
16289,62
16290,26
16291,76
16292,46
16293,52
16294,46
16295,20
16296,41
16297,42
16298,2
16299,69
16300,94
16303,41
16305,8
16306,73
16307,20
16308,15
16309,18
16310,94
16316,68
16317,8
16320,89
16321,70
16322,18
16323,36
16324,65
16325,23
16327,53
16328,99
16329,93
16330,20
16331,12
16332,41
16334,82
16335,10
16337,83
16338,69
16339,33
16340,80
16341,98
16342,34
16343,94
16344,62
16345,37
16346,88
16347,74
16348,92
16349,2
16350,15
16351,34
16352,67
16353,19
16354,19
16355,12
16356,60
16357,93
16358,4
16359,73
16360,19
16361,66
16362,38
16363,12
16364,30
16366,85
16367,92
16368,85
16369,68
16370,79
16371,62
16373,93
16375,46
16376,99
16377,68
16378,21
16379,74
16380,56
16381,37
16382,91
16383,17
16387,53
16389,43
16390,17
16394,30
16396,37
16397,17
16398,37
16399,42
16401,30
16402,15
16403,15
16404,61
16405,33
16406,11
16407,83
16408,85
16409,61
16410,40
16412,88
16414,70
16415,56
16416,88
16417,79
16418,63
16419,45
16420,99
16422,16
16423,18
16424,20
16426,42
16427,1
16430,36
16431,34
16432,8
16433,15
16434,13
16435,10
16436,24
16437,22
16438,13
16440,95
16441,55
16442,81
16444,45
16445,53
16447,16
16448,92
16449,28
16450,48
16451,42
16452,69
16453,37
16454,57
16455,18
16456,15
16457,90
16458,73
16459,34
16460,83
16461,26
16462,83
16463,22
16464,48
16466,83
16467,34
16468,85
16469,99
16470,20
16471,27
16472,92
16473,17
16474,20
16475,71
16476,7
16477,53
16478,94
16479,65
16480,98
16485,53
16486,13
16487,81
16488,34
16491,76
16493,59
16494,83
16495,12
16496,46
16497,37
16498,71
16500,38
16501,42
16502,76
16503,82
16504,53
16505,70
16506,99
16507,15
16508,2
16509,30
16510,8
16511,46
16512,20
16513,12
16514,55
16515,38
16516,14
16517,94
16518,60
16519,46
16520,20
16521,12
16522,71
16523,20
16524,71
16525,64
16526,84
16528,9
16529,15
16530,59
16531,75
16532,70
16534,18
16535,38
16536,46
16537,74
16538,29
16539,53
16540,74
16541,59
16542,31
16544,17
16545,46
16546,20
16547,11
16548,13
16549,13
16550,15
16551,59
16552,12
16553,22
16554,37
16555,88
16556,15
16557,59
16558,22
16559,48
16560,24
16563,30
16564,10
16565,27
16566,92
16567,22
16568,38
16570,13
16572,35
16573,16
16574,37
16575,45
16576,74
16577,63
16578,82
16579,8
16580,71
16581,26
16583,82
16585,76
16586,27
16587,0
16588,12
16589,15
16591,20
16592,30
16593,28
16594,64
16595,34
16596,3
16597,59
16598,83
16599,68
16600,96
16601,38
16602,83
16603,83
16604,37
16605,68
16606,13
16607,52
16608,59
16609,13
16610,88
16611,42
16612,37
16613,89
16614,81
16615,38
16616,38
16617,88
16619,30
16622,2
16623,95
16624,20
16626,12
16627,20
16628,30
16629,59
16630,59
16631,7
16632,12
16634,80
16635,37
16636,10
16637,38
16638,71
16639,80
16640,30
16643,11
16644,92
16645,18
16646,13
16647,46
16648,57
16650,55
16651,37
16653,72
16654,91
16655,51
16657,20
16658,34
16659,49
16660,9
16661,13
16662,37
16663,3
16664,4
16666,7
16667,74
16669,46
16671,19
16672,13
16673,30
16674,59
16675,12
16676,37
16677,33
16679,46
16680,54
16681,24
16682,37
16683,85
16684,30
16685,12
16686,24
16688,24
16690,12
16691,70
16692,93
16693,74
16695,9
16697,26
16698,91
16699,59
16700,18
16702,12
16703,37
16704,7
16705,53
16706,65
16707,30
16711,18
16712,11
16713,28
16714,62
16715,13
16716,76
16717,30
16719,37
16720,43
16721,44
16722,2
16724,62
16726,76
16727,30
16728,8
16729,81
16730,37
16731,3
16732,58
16733,62
16734,20
16735,98
16736,43
16737,8
16738,46
16739,20
16740,10
16741,1
16742,7
16744,64
16745,13
16746,15
16747,47
16748,46
16749,46
16750,83
16751,74
16752,85
16753,97
16756,17
16757,13
16759,18
16760,46
16761,46
16762,46
16763,74
16764,67
16765,65
16766,48
16767,28
16768,42
16769,18
16770,24
16771,37
16772,47
16773,19
16775,81
16776,98
16777,59
16778,20
16779,20
16780,31
16781,31
16782,31
16783,31
16784,31
16785,88
16786,38
16787,13
16788,37
16790,46
16791,18
16792,19
16793,27
16797,18
16798,15
16799,37
16800,89
16801,73
16802,63
16803,37
16804,16
16805,82
16807,44
16808,46
16809,13
16810,14
16811,87
16821,38
16822,41
16823,85
16831,11
16833,73
16834,44
16835,11
16836,37
16839,38
16840,34
16844,54
16845,88
16847,20
16853,1
16855,92
16856,18
16857,20
16858,80
16859,83
16860,62
16861,59
16863,13
16864,27
16865,3
16866,20
16867,69
16868,22
16869,35
16870,17
16871,59
16872,13
16873,31
16877,30
16878,26
16879,38
16889,59
16890,13
16891,2
16892,13
16894,13
16895,13
16896,47
16897,70
16898,38
16900,64
16902,37
16903,15
16904,12
16905,3
16906,13
16907,4
16908,37
16909,37
16910,47
16911,7
16912,96
16913,96
16914,96
16915,96
16916,10
16917,51
16918,92
16919,33
16921,90
16923,8
16924,52
16925,93
16926,80
16927,65
16928,13
16929,80
16930,87
16931,31
16932,35
16933,88
16935,13
16936,74
16937,73
16938,77
16939,20
16940,20
16941,20
16942,20
16943,0
16945,12
16946,3
16947,35
16948,19
16949,82
16950,38
16951,13
16953,52
16954,92
16955,26
16956,3
16957,7
16958,48
16959,85
16960,31
16962,47
16963,22
16964,8
16965,96
16966,10
16967,54
16968,37
16969,92
16971,1
16972,19
16973,38
16974,12
16975,76
16976,59
16977,79
16978,73
16979,12
16981,87
16982,3
16983,20
16984,20
16985,18
16986,20
16987,8
16990,69
16991,17
16992,12
16993,62
16994,53
16995,98
16996,20
16997,84
16998,33
16999,53
17000,8
17001,28
17002,18
17003,13
17006,57
17008,79
17009,20
17011,76
17012,91
17014,83
17016,54
17017,13
17018,13
17019,89
17020,76
17021,28
17022,42
17024,13
17026,44
17027,44
17028,16
17029,44
17030,44
17031,15
17032,9
17034,72
17037,46
17038,46
17039,95
17040,33
17041,89
17042,35
17043,59
17045,85
17047,37
17048,37
17049,95
17050,20
17051,54
17052,36
17053,7
17054,86
17055,86
17056,86
17057,86
17058,86
17059,86
17060,24
17061,94
17062,59
17063,33
17064,3
17065,38
17066,33
17067,96
17068,24
17069,92
17071,72
17074,34
17075,20
17081,38
17083,7
17084,15
17085,13
17086,94
17087,20
17088,59
17089,3
17090,31
17091,88
17093,40
17094,74
17095,3
17096,3
17097,3
17099,17
17100,91
17101,88
17102,24
17103,33
17104,24
17107,53
17108,82
17109,12
17110,11
17111,12
17112,38
17113,76
17115,18
17117,24
17118,17
17119,98
17120,85
17122,18
17124,84
17125,92
17126,74
17128,81
17129,15
17131,15
17132,96
17133,92
17134,82
17135,57
17136,83
17137,77
17138,44
17141,37
17144,76
17145,57
17146,92
17147,20
17148,35
17149,28
17150,84
17151,17
17152,76
17154,14
17155,64
17156,59
17157,82
17158,12
17159,47
17160,74
17162,74
17163,74
17164,42
17165,17
17166,18
17167,19
17168,7
17170,23
17171,95
17172,13
17173,70
17174,47
17175,74
17176,76
17178,59
17179,79
17180,33
17181,37
17182,20
17183,82
17185,3
17187,10
17188,7
17189,98
17190,76
17191,94
17192,38
17194,18
17195,11
17196,13
17197,33
17198,64
17199,71
17200,94
17201,20
17202,74
17203,76
17204,28
17205,59
17206,12
17207,52
17208,3
17209,20
17210,80
17211,12
17212,51
17213,84
17214,17
17215,51
17216,30
17217,36
17218,10
17220,62
17221,85
17222,18
17224,89
17226,94
17227,17
17228,2
17229,38
17237,41
17239,20
17241,37
17243,40
17244,51
17245,52
17246,89
17247,54
17249,76
17250,3
17253,83
17254,24
17255,37
17256,52
17259,70
17260,43
17262,35
17263,85
17265,26
17266,17
17268,8
17269,4
17270,99
17272,33
17273,18
17274,20
17275,35
17276,3
17277,3
17278,63
17279,18
17280,89
17282,24
17283,24
17284,53
17286,35
17287,47
17288,84
17289,51
17290,53
17291,12
17292,12
17293,47
17294,45
17296,60
17297,60
17299,60
17300,13
17301,70
17302,95
17303,52
17306,45
17307,20
17308,37
17309,20
17310,20
17314,85
17315,41
17316,12
17318,8
17320,2
17321,84
17322,84
17323,84
17324,84
17325,84
17326,84
17327,84
17328,84
17329,84
17330,84
17331,84
17332,84
17333,16
17334,11
17342,1
17343,29
17346,77
17347,99
17348,52
17349,92
17350,87
17351,47
17352,16
17354,23
17355,44
17356,33
17357,59
17358,95
17359,93
17361,53
17364,99
17365,3
17366,79
17367,79
17368,20
17369,9
17370,95
17371,17
17373,51
17374,95
17375,49
17376,49
17377,49
17378,8
17381,33
17382,57
17384,28
17385,70
17386,46
17387,57
17388,13
17389,94
17390,37
17391,1
17392,34
17393,38
17394,44
17395,74
17396,92
17397,30
17398,33
17400,99
17402,37
17403,91
17404,4
17405,22
17407,6
17408,51
17409,71
17411,46
17412,17
17414,7
17415,95
17416,89
17417,31
17418,82
17421,34
17422,34
17423,34
17424,38
17427,31
17428,85
17429,3
17433,31
17434,37
17435,76
17436,17
17437,79
17438,55
17439,21
17440,10
17442,29
17444,31
17445,49
17446,37
17448,29
17449,23
17450,42
17451,35
17452,15
17453,85
17455,82
17456,57
17460,91
17461,34
17462,34
17463,34
17464,34
17465,34
17466,71
17467,74
17469,80
17470,8
17471,30
17472,80
17474,34
17475,40
17476,8
17477,59
17478,51
17480,45
17481,22
17483,95
17485,95
17487,23
17488,23
17490,11
17492,17
17495,37
17496,92
17497,92
17498,91
17499,20
17500,16
17502,51
17504,15
17506,92
17507,93
17508,13
17510,57
17511,83
17512,64
17513,71
17514,64
17520,13
17521,44
17522,20
17530,17
17531,64
17532,62
17535,17
17536,71
17545,1
17546,43
17547,83
17548,99
17556,11
17558,13
17559,37
17560,94
17562,57
17563,45
17564,37
17566,70
17567,32
17568,98
17569,77
17570,20
17571,34
17572,59
17574,38
17575,4
17576,77
17579,96
17581,10
17582,74
17584,12
17585,68
17587,12
17588,8
17592,84
17594,8
17595,83
17596,30
17597,91
17598,94
17601,15
17603,17
17604,14
17606,95
17607,20
17608,99
17609,89
17611,18
17612,60
17613,4
17614,59
17615,82
17616,92
17617,70
17618,42
17619,38
17620,22
17621,10
17624,53
17625,77
17626,26
17627,76
17629,30
17630,57
17633,95
17634,30
17635,73
17636,17
17642,37
17645,64
17647,33
17648,2
17649,38
17650,5
17652,46
17653,30
17654,30
17655,12
17658,62
17663,36
17666,43
17667,15
17669,93
17672,64
17677,41
17678,18
17679,3
17680,43
17681,1
17682,79
17683,64
17684,13
17689,12
17690,93
17694,42
17695,45
17697,93
17698,37
17699,63
17700,14
17701,49
17702,49
17703,49
17704,49
17705,49
17710,22
17711,38
17712,28
17718,1
17719,10
17720,84
17721,36
17722,36
17723,36
17724,36
17725,36
17726,36
17727,68
17728,39
17730,51
17731,16
17732,15
17733,91
17735,24
17737,67
17740,77
17741,7
17742,35
17743,57
17744,22
17745,37
17748,40
17749,20
17750,24
17751,89
17753,28
17754,99
17755,19
17756,86
17759,28
17760,47
17761,17
17762,33
17763,33
17764,38
17765,37
17766,62
17767,17
17768,99
17769,85
17770,57
17771,11
17772,94
17773,14
17774,51
17775,63
17776,77
17777,77
17778,96
17779,38
17780,85
17781,11
17782,24
17783,77
17784,94
17785,7
17789,94
17790,94
17792,70
17793,70
17797,13
17799,80
17800,37
17801,33
17802,20
17803,88
17804,51
17806,37
17807,3
17811,17
17813,12
17815,20
17816,13
17817,19
17820,14
17821,37
17823,27
17824,17
17825,37
17826,13
17827,41
17829,11
17833,46
17835,49
17841,34
17842,85
17843,82
17844,59
17845,76
17848,4
17851,91
17854,16
17855,77
17856,15
17857,24
17860,72
17861,12
17862,82
17863,7
17864,14
17865,17
17866,33
17867,93
17870,90
17871,14
17872,98
17873,99
17875,14
17877,42
17878,3
17881,89
17882,13
17884,98
17885,70
17886,70
17887,92
17888,74
17890,59
17891,1
17892,17
17893,76
17894,53
17897,18
17898,38
17901,27
17902,17
17903,51
17910,4
17913,17
17917,33
17918,12
17919,88
17920,28
17921,79
17922,37
17923,99
17926,72
17928,99
17929,9
17932,15
17933,99
17934,20
17935,77
17936,38
17937,57
17938,37
17939,18
17943,85
17944,10
17946,82
17948,98
17952,37
17953,76
17954,13
17955,41
17956,11
17957,38
17958,44
17959,33
17960,10
17961,40
17964,80
17965,85
17966,40
17967,86
17968,4
17969,23
17970,95
17971,14
17972,53
17973,93
17976,13
17977,13
17978,12
17979,64
17981,59
17982,17
17985,25
17987,23
17988,94
17993,97
17994,30
17997,35
17998,12
17999,33
18000,48
18001,50
18002,62
18004,22
18007,38
18009,38
18010,94
18011,70
18012,95
18013,35
18018,89
18019,17
18020,45
18021,89
18022,37
18025,41
18031,84
18032,89
18033,40
18035,17
18036,8
18037,27
18038,27
18039,18
18040,20
18041,48
18042,12
18044,69
18045,13
18047,65
18048,68
18049,53
18050,40
18051,82
18052,15
18053,97
18054,37
18056,22
18057,16
18058,92
18060,85
18062,7
18063,15
18065,95
18068,27
18070,48
18071,63
18076,17
18077,74
18078,12
18079,85
18080,60
18086,37
18087,96
18091,94
18093,70
18094,47
18095,8
18096,89
18097,55
18099,73
18100,53
18102,42
18103,12
18104,16
18105,44
18107,18
18109,56
18110,43
18113,96
18114,30
18116,59
18117,12
18118,51
18119,8
18122,62
18124,13
18125,12
18126,7
18127,2
18129,27
18131,74
18132,62
18134,12
18135,64
18136,18
18137,90
18138,34
18139,25
18140,85
18145,94
18146,74
18149,62
18150,22
18151,44
18153,92
18154,90
18155,3
18156,74
18158,70
18160,12
18161,46
18163,74
18164,70
18165,87
18168,20
18170,18
18171,76
18172,90
18173,85
18174,23
18175,85
18176,85
18177,12
18180,17
18181,16
18182,91
18183,64
18184,23
18185,70
18187,26
18188,69
18189,64
18190,17
18191,18
18192,46
18193,32
18194,20
18195,71
18196,31
18202,89
18204,89
18206,35
18207,16
18209,46
18210,38
18212,51
18213,12
18214,32
18216,27
18217,74
18218,46
18219,93
18222,65
18223,20
18224,90
18225,93
18226,92
18227,23
18229,95
18230,10
18233,20
18234,63
18237,32
18238,38
18239,82
18240,53
18241,76
18242,38
18247,90
18248,20
18249,27
18250,48
18251,8
18252,60
18253,88
18254,46
18256,92
18257,44
18259,94
18260,85
18261,56
18264,22
18265,19
18266,20
18267,8
18268,98
18269,26
18270,20
18273,42
18274,32
18275,17
18276,15
18277,8
18278,52
18279,35
18280,37
18281,31
18283,13
18284,34
18285,72
18286,16
18287,99
18288,64
18290,35
18292,12
18293,71
18297,59
18298,64
18299,88
18300,80
18304,27
18307,82
18309,59
18310,35
18314,9
18315,46
18316,26
18318,94
18320,40
18323,8
18324,79
18325,12
18327,47
18328,82
18329,18
18332,16
18333,12
18334,12
18335,81
18336,37
18337,52
18338,98
18341,74
18342,56
18343,24
18344,24
18345,19
18346,90
18347,89
18349,92
18350,40
18351,38
18352,35
18355,20
18356,48
18357,91
18359,2
18360,24
18361,90
18362,54
18364,12
18366,62
18369,18
18370,79
18371,51
18372,54
18373,54
18374,54
18375,54
18376,79
18377,20
18378,18
18379,41
18380,12
18382,52
18383,51
18384,15
18385,1
18387,29
18388,13
18390,12
18391,18
18392,20
18394,11
18395,71
18396,29
18397,81
18398,11
18399,7
18400,73
18405,7
18408,77
18409,74
18410,62
18413,1
18414,71
18417,74
18418,85
18419,45
18420,17
18421,3
18422,8
18423,82
18424,38
18426,37
18428,49
18430,1
18431,25
18432,55
18434,37
18435,55
18437,92
18438,18
18439,63
18440,11
18441,74
18442,74
18443,37
18444,26
18445,0
18448,23
18449,37
18450,72
18451,8
18452,64
18453,36
18458,90
18459,43
18460,44
18461,17
18462,15
18464,80
18465,80
18466,69
18467,79
18468,9
18469,7
18470,93
18472,47
18477,11
18478,1
18479,83
18480,18
18482,18
18483,12
18484,14
18485,14
18486,20
18487,21
18488,37
18489,37
18492,90
18493,89
18495,35
18496,92
18497,12
18498,91
18499,17
18500,13
18501,71
18502,13
18503,26
18504,63
18505,17
18506,84
18507,20
18508,15
18509,15
18510,45
18511,85
18513,26
18514,62
18515,33
18517,99
18520,90
18521,81
18522,92
18523,99
18524,38
18525,74
18526,80
18527,23
18529,1
18530,79
18531,74
18533,74
18534,28
18538,35
18539,20
18540,41
18541,27
18542,55
18544,42
18545,37
18546,24
18547,94
18548,95
18549,70
18550,10
18553,31
18554,36
18555,16
18556,42
18557,41
18558,74
18559,79
18560,34
18561,74
18562,28
18563,62
18564,65
18565,53
18566,13
18567,34
18569,54
18570,57
18571,42
18572,37
18573,41
18574,38
18575,49
18576,17
18577,85
18578,20
18579,86
18581,70
18582,17
18584,44
18587,17
18588,13
18589,79
18590,69
18591,31
18592,31
18593,31
18594,31
18595,31
18596,24
18597,13
18598,13
18599,3
18601,14
18602,90
18603,89
18604,3
18605,15
18606,17
18607,42
18608,57
18609,57
18612,93
18613,33
18614,74
18615,13
18616,79
18617,92
18618,2
18619,29
18621,95
18622,86
18625,2
18626,3
18629,32
18630,3
18631,47
18632,56
18633,2
18634,27
18635,35
18636,27
18637,31
18638,89
18639,85
18640,16
18641,44
18642,63
18643,27
18644,85
18645,13
18646,92
18647,84
18648,3
18649,2
18650,12
18651,37
18652,3
18653,51
18654,92
18655,3
18656,3
18657,49
18658,38
18659,12
18660,82
18661,94
18662,3
18663,71
18664,4
18665,93
18666,92
18667,3
18668,44
18670,60
18671,33
18673,99
18674,72
18675,18
18676,83
18677,76
18678,41
18679,33
18680,64
18681,17
18682,46
18683,17
18684,43
18685,53
18686,92
18687,92
18688,92
18689,16
18690,92
18691,92
18696,2
18698,8
18699,17
18700,85
18701,76
18702,74
18703,35
18705,37
18707,13
18708,37
18709,59
18712,20
18713,94
18714,70
18719,90
18720,57
18721,41
18722,95
18725,57
18726,99
18728,49
18729,20
18730,76
18732,72
18734,80
18735,3
18736,35
18739,38
18740,47
18741,28
18742,92
18743,10
18745,71
18746,71
18747,77
18748,77
18750,85
18751,79
18752,76
18753,86
18754,40
18755,18
18756,16
18757,88
18758,85
18759,4
18760,3
18761,33
18762,99
18763,19
18764,84
18765,41
18766,99
18767,3
18768,44
18769,10
18770,57
18772,14
18774,62
18775,52
18776,80
18777,92
18778,4
18779,79
18780,88
18781,69
18782,99
18785,77
18786,86
18787,18
18788,11
18789,85
18790,40
18791,28
18792,82
18794,83
18795,95
18796,52
18799,10
18800,44
18801,70
18803,41
18804,15
18807,44
18809,13
18810,76
18811,72
18813,91
18814,44
18815,76
18816,41
18817,16
18818,35
18819,13
18820,36
18821,60
18822,37
18823,8
18824,48
18827,99
18828,20
18829,37
18831,56
18832,49
18833,85
18834,93
18835,81
18838,22
18839,99
18840,85
18841,99
18842,99
18843,11
18844,17
18845,53
18846,25
18847,1
18848,36
18851,96
18852,51
18853,52
18854,53
18855,44
18856,82
18857,25
18859,72
18860,10
18861,44
18862,15
18863,17
18866,19
18867,69
18868,92
18869,35
18871,99
18872,37
18873,49
18874,17
18875,62
18876,93
18878,77
18879,88
18880,12
18881,80
18882,15
18883,16
18884,32
18885,66
18886,93
18891,3
18892,37
18893,53
18894,37
18895,1
18896,17
18897,69
18898,52
18900,51
18901,51
18902,7
18903,2
18905,12
18906,80
18907,74
18908,57
18909,24
18910,12
18911,81
18912,14
18913,64
18914,36
18915,99
18916,44
18917,13
18926,59
18927,16
18930,50
18931,23
18932,63
18933,59
18934,80
18935,79
18936,13
18937,74
18938,54
18939,17
18941,83
18943,17
18945,85
18946,36
18947,69
18948,80
18949,44
18950,59
18951,41
18952,17
18953,3
18954,86
18956,13
18957,48
18958,70
18959,12
18960,44
18961,37
18963,12
18964,59
18965,33
18967,62
18968,17
18969,15
18970,82
18971,68
18972,82
18973,95
18975,27
18977,36
18978,4
18979,27
18980,71
18981,17
18984,37
18985,27
18986,81
18987,94
18988,99
18989,93
18990,3
18991,94
18992,72
18993,12
18997,47
18999,52
19000,56
19001,7
19002,3
19003,20
19004,88
19005,7
19006,64
19007,59
19009,51
19010,16
19011,94
19012,59
19014,57
19015,17
19016,17
19017,16
19018,10
19019,79
19020,33
19022,77
19023,35
19025,17
19026,15
19027,25
19028,10
19029,56
19031,21
19032,66
19033,92
19036,67
19037,95
19038,64
19041,59
19042,35
19043,17
19044,13
19049,75
19050,64
19051,20
19052,72
19053,79
19055,59
19056,8
19057,92
19058,83
19061,53
19063,92
19064,59
19065,68
19066,44
19067,44
19068,3
19069,33
19070,85
19071,59
19073,21
19074,12
19076,90
19077,55
19078,17
19079,3
19080,28
19081,71
19082,20
19083,17
19084,57
19085,33
19087,76
19089,59
19090,44
19092,3
19093,66
19094,10
19096,35
19097,91
19098,57
19099,36
19100,18
19101,94
19102,56
19103,28
19104,89
19105,30
19107,59
19108,43
19109,98
19110,36
19111,44
19113,59
19114,37
19115,53
19116,34
19117,95
19118,42
19119,69
19120,17
19121,37
19122,15
19123,64
19126,73
19127,30
19129,59
19130,53
19131,12
19132,74
19133,77
19134,20
19135,41
19136,91
19138,34
19139,42
19140,93
19141,25
19142,33
19143,51
19144,95
19145,44
19146,16
19147,33
19148,70
19150,89
19151,30
19153,20
19154,41
19155,35
19156,36
19157,74
19158,44
19160,48
19162,37
19164,51
19165,95
19166,59
19167,3
19168,11
19169,74
19170,38
19171,17
19172,27
19173,37
19174,44
19175,93
19177,24
19179,12
19180,19
19181,52
19185,18
19188,38
19190,18
19191,16
19192,81
19193,20
19194,41
19195,92
19196,70
19197,3
19198,89
19199,63
19200,89
19202,17
19203,71
19204,37
19205,10
19206,92
19207,74
19208,68
19209,42
19211,46
19212,46
19213,46
19214,46
19215,46
19216,46
19217,46
19218,46
19220,48
19221,38
19222,85
19223,41
19224,37
19225,37
19226,38
19229,81
19230,27
19231,90
19235,92
19236,73
19237,20
19238,20
19239,20
19240,20
19241,18
19242,20
19243,20
19244,20
19245,20
19246,92
19247,17
19250,20
19251,82
19252,20
19253,20
19254,18
19255,9
19256,92
19257,15
19258,86
19259,37
19261,79
19262,51
19263,47
19264,82
19265,80
19267,20
19268,20
19269,63
19270,20
19271,20
19272,15
19273,7
19274,18
19275,20
19276,20
19277,18
19278,20
19279,18
19280,20
19281,20
19282,18
19283,20
19284,20
19285,20
19286,20
19287,20
19288,43
19289,20
19290,20
19291,20
19292,20
19294,17
19295,17
19296,20
19297,18
19298,20
19299,18
19300,20
19301,27
19302,23
19303,17
19304,93
19307,82
19308,18
19309,13
19310,94
19311,17
19312,20
19313,98
19314,51
19315,38
19316,24
19317,12
19318,17
19319,64
19321,81
19322,76
19323,80
19324,80
19325,80
19328,53
19329,48
19330,35
19331,35
19332,73
19333,3
19334,30
19335,33
19336,74
19337,57
19338,44
19339,12
19340,74
19341,33
19342,20
19343,1
19346,54
19347,72
19348,59
19349,30
19350,30
19351,74
19352,79
19353,16
19354,34
19355,2
19356,56
19357,59
19358,98
19359,11
19360,92
19361,24
19362,56
19363,24
19364,51
19365,82
19366,24
19367,85
19368,35
19369,33
19370,44
19371,16
19373,64
19376,20
19377,18
19378,84
19379,12
19381,92
19382,30
19383,36
19384,57
19385,29
19386,15
19387,3
19388,59
19389,24
19390,74
19391,27
19392,55
19393,44
19394,34
19395,28
19396,97
19397,18
19398,97
19399,71
19400,84
19401,37
19402,17
19403,33
19404,41
19405,15
19406,19
19407,15
19408,64
19409,74
19410,47
19411,1
19412,16
19413,12
19414,54
19415,88
19416,95
19417,52
19418,13
19419,59
19420,75
19421,47
19422,18
19423,51
19424,75
19425,3
19432,11
19434,29
19435,59
19436,70
19438,82
19441,0
19443,38
19444,51
19445,44
19446,14
19447,18
19448,64
19449,35
19451,16
19452,27
19453,87
19457,97
19458,46
19459,37
19461,74
19462,33
19463,13
19464,4
19465,79
19468,89
19469,24
19470,99
19471,44
19472,16
19473,92
19474,44
19475,27
19476,44
19477,17
19478,25
19479,80
19480,94
19481,10
19482,69
19484,80
19485,0
19486,48
19487,75
19488,88
19489,92
19491,1
19492,36
19493,34
19494,75
19495,86
19498,82
19499,34
19500,85
19501,17
19502,17
19503,97
19507,59
19509,37
19510,37
19511,75
19512,37
19518,89
19521,12
19522,17
19523,33
19525,29
19526,25
19527,59
19528,34
19529,38
19531,24
19533,13
19534,87
19535,15
19537,24
19538,86
19539,7
19541,24
19542,36
19547,73
19548,13
19549,11
19550,40
19551,92
19552,83
19553,46
19554,92
19555,3
19557,34
19559,69
19560,89
19561,17
19562,96
19564,7
19565,3
19566,76
19567,20
19568,20
19569,16
19570,51
19584,69
19586,80
19587,57
19589,42
19590,17
19592,92
19593,82
19594,81
19595,63
19597,18
19598,79
19599,62
19600,73
19601,17
19602,51
19603,36
19605,20
19606,23
19607,17
19608,76
19609,45
19610,69
19612,18
19613,18
19614,22
19615,92
19628,35
19630,35
19642,70
19644,74
19645,32
19647,15
19648,43
19649,7
19651,90
19652,68
19654,73
19655,12
19656,93
19658,93
19659,8
19660,90
19661,74
19665,95
19666,20
19667,79
19668,80
19669,53
19671,92
19672,33
19676,88
19687,20
19690,18
19691,88
19692,60
19693,12
19694,53
19695,33
19696,20
19697,46
19699,54
19701,79
19702,18
19703,43
19704,54
19705,41
19706,76
19707,70
19708,7
19709,90
19710,12
19711,15
19713,72
19714,91
19715,75
19717,70
19718,70
19719,8
19721,74
19722,24
19723,23
19724,68
19725,53
19726,44
19728,64
19730,4
19731,7
19732,43
19734,72
19735,33
19736,92
19737,75
19739,2
19740,77
19742,1
19743,17
19745,13
19746,16
19747,16
19748,34
19750,82
19751,85
19752,85
19753,73
19754,49
19757,77
19758,77
19759,77
19761,17
19762,79
19763,59
19764,59
19765,27
19766,92
19767,13
19768,15
19769,51
19770,28
19771,1
19772,3
19775,55
19776,59
19777,54
19779,36
19780,54
19781,37
19798,85
19799,77
19800,46
19801,92
19802,90
19804,54
19805,3
19806,22
19807,8
19809,3
19810,1
19811,8
19812,14
19813,80
19814,12
19815,17
19816,17
19817,11
19818,37
19819,38
19821,71
19822,12
19824,59
19825,63
19826,57
19827,36
19828,13
19829,80
19830,18
19831,41
19833,11
19834,17
19846,54
19848,63
19849,9
19850,40
19851,80
19852,4
19853,17
19855,17
19856,23
19857,12
19859,74
19860,72
19861,1
19863,51
19867,17
19868,24
19869,17
19870,51
19871,12
19872,47
19874,44
19875,74
19876,12
19877,17
19878,95
19879,18
19880,34
19881,75
19882,53
19889,3
19890,50
19892,3
19893,67
19895,83
19896,17
19897,98
19899,7
19900,20
19901,33
19902,38
19903,50
19904,10
19905,64
19906,12
19907,86
19908,82
19909,57
19910,22
19911,28
19912,47
19913,95
19914,84
19915,24
19916,59
19921,95
19922,81
19923,74
19924,63
19925,51
19926,8
19927,36
19928,59
19929,33
19930,17
19931,10
19932,14
19933,79
19935,2
19936,17
19937,99
19938,15
19939,50
19941,12
19942,76
19943,43
19944,72
19945,72
19946,43
19948,70
19949,14
19950,18
19951,59
19952,59
19953,51
19957,22
19958,34
19959,72
19961,23
19962,3
19963,90
19964,44
19965,79
19966,80
19967,82
19968,59
19969,17
19970,82
19973,72
19975,68
19976,72
19977,46
19978,38
19979,57
19980,51
19981,0
19983,53
19985,77
19986,12
19987,13
19988,57
19989,56
19990,18
19991,24
19993,24
19994,3
19995,36
19996,36
19997,73
19998,64
19999,41
20001,80
20002,91
20003,93
20004,76
20005,14
20007,96
20008,1
20009,69
20010,33
20012,60
20014,27
20015,37
20016,48
20017,24
20018,57
20019,51
20022,17
20023,96
20024,80
20025,7
20031,22
20032,64
20033,22
20034,29
20040,17
20041,31
20043,92
20044,59
20052,92
20053,86
20054,7
20055,47
20057,70
20058,0
20059,62
20063,67
20064,13
20065,31
20066,11
20067,23
20068,92
20069,34
20070,22
20071,92
20072,98
20073,28
20074,4
20075,92
20076,59
20078,1
20080,92
20081,1
20082,35
20083,84
20084,7
20085,16
20086,53
20087,17
20088,36
20090,15
20091,0
20092,47
20093,50
20095,15
20096,72
20097,3
20098,20
20101,16
20102,36
20104,59
20105,2
20106,17
20107,27
20109,31
20110,62
20111,12
20112,57
20113,24
20115,12
20116,20
20117,71
20119,33
20120,18
20121,25
20122,47
20123,12
20124,53
20125,89
20126,59
20127,93
20130,36
20131,82
20132,7
20133,3
20134,57
20135,38
20136,9
20137,20
20138,18
20139,34
20141,15
20144,73
20146,77
20147,25
20150,15
20151,11
20152,33
20153,95
20154,44
20155,59
20156,85
20157,43
20158,99
20160,18
20161,89
20163,17
20164,73
20165,51
20168,64
20170,72
20171,15
20172,10
20173,44
20174,98
20176,10
20177,10
20179,99
20180,57
20181,57
20183,31
20184,59
20185,38
20186,59
20187,57
20189,42
20190,54
20191,75
20192,0
20193,17
20194,83
20195,77
20196,45
20197,92
20198,43
20200,57
20201,1
20202,64
20203,31
20204,99
20205,35
20206,18
20207,91
20208,86
20209,95
20210,57
20212,44
20213,57
20214,77
20215,12
20216,79
20217,10
20218,42
20219,22
20220,11
20221,64
20222,79
20223,17
20224,89
20225,93
20226,98
20229,80
20230,1
20231,82
20232,95
20233,20
20235,37
20236,80
20237,75
20238,85
20239,51
20240,38
20241,49
20242,7
20243,0
20245,76
20247,93
20248,20
20249,72
20250,9
20251,57
20255,37
20256,13
20257,37
20258,17
20259,17
20260,92
20261,16
20263,13
20264,34
20279,79
20280,92
20281,36
20282,77
20283,63
20286,24
20287,4
20288,88
20289,20
20290,31
20291,37
20292,59
20293,34
20294,79
20295,76
20296,47
20297,2
20298,67
20299,82
20300,46
20301,74
20303,59
20304,53
20305,59
20306,53
20307,92
20308,37
20309,3
20310,60
20311,17
20312,20
20314,92
20315,3
20317,77
20318,34
20319,30
20320,3
20321,35
20322,61
20323,1
20324,17
20326,17
20327,17
20328,46
20329,84
20330,47
20332,17
20333,30
20334,30
20335,12
20336,37
20337,9
20338,30
20340,94
20341,17
20342,17
20343,59
20345,62
20346,75
20347,17
20348,17
20349,17
20350,36
20351,85
20352,80
20353,38
20354,86
20355,82
20356,69
20357,43
20358,43
20359,37
20360,14
20361,77
20362,63
20363,36
20364,61
20365,59
20366,72
20367,76
20368,61
20369,61
20370,38
20373,38
20374,54
20375,80
20377,9
20378,57
20379,76
20380,0
20381,85
20382,27
20383,93
20384,59
20385,2
20386,68
20387,76
20388,60
20389,31
20390,64
20392,30
20393,46
20394,84
20395,9
20399,29
20400,83
20402,18
20403,82
20404,24
20405,17
20406,88
20407,61
20408,61
20409,61
20410,61
20411,20
20416,54
20417,81
20418,62
20419,43
20420,76
20421,64
20423,15
20424,37
20425,57
20426,40
20427,98
20428,20
20429,37
20430,18
20431,38
20432,86
20433,63
20434,86
20435,12
20436,17
20437,3
20438,16
20439,13
20442,95
20443,93
20444,36
20445,33
20446,31
20447,20
20448,32
20449,37
20450,18
20451,33
20452,13
20453,57
20455,95
20456,23
20458,37
20459,15
20460,41
20461,67
20462,37
20463,35
20464,12
20467,64
20468,83
20469,99
20470,11
20471,17
20472,17
20473,94
20474,94
20475,7
20476,18
20477,15
20478,18
20480,20
20481,36
20483,83
20484,85
20485,0
20486,85
20487,88
20488,46
20489,46
20491,82
20492,17
20493,15
20494,33
20496,53
20497,33
20499,17
20500,69
20503,95
20504,38
20505,36
20506,68
20509,41
20510,80
20511,24
20512,37
20513,89
20515,22
20516,57
20519,90
20520,13
20521,12
20522,11
20523,69
20524,92
20525,1
20526,15
20527,9
20528,60
20529,1
20531,89
20532,80
20533,70
20534,18
20535,85
20537,49
20538,30
20539,13
20540,29
20541,92
20543,13
20544,7
20546,33
20547,3
20548,70
20549,72
20551,44
20552,72
20553,90
20555,8
20556,81
20557,8
20558,99
20559,33
20560,13
20561,74
20563,82
20565,36
20566,80
20567,3
20569,91
20571,34
20572,49
20575,24
20576,13
20578,26
20579,3
20580,96
20583,35
20584,80
20585,0
20586,57
20587,83
20588,17
20590,51
20606,92
20607,51
20608,11
20609,98
20610,15
20611,33
20612,2
20614,17
20615,37
20616,12
20617,59
20618,86
20619,9
20620,17
20622,76
20624,29
20625,27
20626,70
20627,70
20628,22
20629,70
20630,33
20631,67
20632,17
20633,80
20634,76
20636,83
20638,31
20641,92
20642,26
20643,35
20644,4
20645,89
20646,0
20647,36
20648,15
20649,44
20650,17
20651,92
20652,24
20653,23
20654,20
20655,12
20656,57
20657,88
20659,44
20660,20
20661,37
20662,11
20663,77
20666,73
20667,27
20668,35
20669,8
20678,2
20693,3
20694,12
20695,59
20696,60
20697,59
20698,74
20699,92
20702,60
20704,30
20707,90
20708,17
20709,74
20710,17
20711,20
20712,59
20713,17
20714,59
20715,63
20716,3
20717,7
20718,15
20719,16
20721,17
20722,17
20723,74
20724,44
20726,44
20727,44
20728,90
20729,91
20730,92
20731,20
20732,69
20733,73
20734,69
20735,55
20736,17
20737,92
20738,97
20739,25
20740,72
20741,92
20742,99
20743,73
20744,13
20745,16
20746,43
20747,18
20748,74
20749,16
20750,40
20751,13
20752,14
20753,17
20754,80
20755,85
20756,76
20758,84
20759,30
20762,83
20763,68
20764,38
20765,95
20766,80
20767,82
20768,20
20769,28
20770,21
20772,64
20774,7
20775,35
20776,77
20777,24
20778,64
20779,30
20781,82
20782,25
20784,95
20785,14
20787,54
20788,44
20789,17
20791,2
20792,52
20793,52
20795,85
20796,44
20797,52
20798,36
20800,20
20801,18
20803,31
20804,73
20805,13
20806,52
20807,16
20808,92
20809,17
20810,13
20811,63
20812,46
20813,38
20814,11
20815,0
20816,89
20817,79
20818,81
20819,63
20820,82
20821,92
20822,17
20826,35
20827,35
20828,35
20830,63
20831,56
20832,17
20833,3
20834,22
20835,37
20836,74
20837,92
20838,56
20839,35
20840,16
20842,20
20843,37
20844,13
20845,36
20846,77
20847,8
20848,28
20849,35
20850,74
20851,10
20853,82
20856,90
20857,44
20859,44
20860,24
20861,20
20862,92
20863,0
20866,83
20868,3
20869,90
20870,17
20871,21
20872,59
20873,13
20877,3
20878,73
20879,13
20880,87
20885,31
20887,13
20888,59
20889,21
20890,10
20891,53
20892,43
20893,8
20896,74
20897,46
20898,25
20899,36
20900,88
20901,37
20902,29
20903,64
20904,85
20906,14
20907,69
20909,24
20910,42
20911,70
20912,33
20913,42
20914,29
20915,51
20916,72
20917,21
20918,29
20919,44
20920,22
20921,51
20922,17
20923,14
20924,75
20925,31
20926,75
20927,22
20928,41
20929,43
20932,8
20933,60
20934,60
20935,44
20936,89
20938,8
20939,98
20941,18
20945,17
20946,46
20947,46
20948,46
20952,24
20953,57
20954,61
20955,36
20956,57
20958,88
20959,23
20961,31
20962,74
20963,92
20967,75
20978,43
20979,1
20980,87
20981,43
20982,46
20983,76
20984,92
20985,17
20986,17
20987,83
20988,25
20989,10
20990,46
20991,92
20992,92
20993,46
20994,48
20995,22
20996,42
20997,74
21002,31
21003,75
21004,3
21005,80
21006,53
21007,32
21008,86
21009,36
21010,52
21012,31
21014,74
21015,3
21016,28
21019,81
21020,10
21022,64
21024,26
21025,38
21027,45
21028,30
21029,38
21032,68
21033,35
21034,17
21035,92
21036,92
21037,17
21038,92
21039,74
21040,72
21041,76
21042,92
21043,92
21044,92
21045,8
21046,74
21047,71
21048,92
21049,3
21050,92
21051,90
21052,7
21053,49
21054,27
21055,62
21056,34
21057,7
21058,7
21059,82
21060,86
21061,59
21062,7
21063,7
21064,7
21065,7
21066,59
21067,7
21068,86
21069,7
21070,86
21071,7
21072,7
21073,7
21074,17
21075,7
21076,28
21077,11
21078,3
21079,7
21080,20
21081,19
21083,77
21084,80
21085,7
21086,7
21087,7
21088,7
21089,86
21090,2
21091,96
21092,7
21093,14
21094,56
21095,93
21096,93
21097,7
21098,1
21099,1
21101,17
21102,17
21103,1
21104,7
21105,92
21106,17
21107,7
21108,92
21109,82
21110,1
21111,32
21112,26
21113,59
21114,53
21116,1
21117,1
21118,17
21119,94
21120,92
21121,17
21122,17
21123,85
21125,86
21126,52
21127,76
21128,31
21129,16
21130,69
21131,17
21132,17
21133,76
21134,92
21135,76
21136,22
21137,17
21138,32
21187,92
21188,86
21189,24
21190,26
21193,52
21196,80
21197,8
21198,51
21200,65
21201,42
21202,7
21203,92
21204,77
21205,59
21206,85
21208,35
21210,99
21211,38
21212,51
21213,8
21214,45
21216,92
21217,92
21218,60
21219,16
21220,61
21222,91
21223,85
21224,77
21225,19
21226,92
21227,62
21228,92
21229,17
21230,92
21231,92
21232,3
21233,91
21234,94
21235,91
21236,92
21237,92
21238,92
21239,17
21240,92
21241,92
21242,86
21243,37
21244,27
21245,92
21246,92
21247,94
21248,17
21249,85
21250,13
21251,31
21252,21
21253,53
21254,4
21255,59
21256,53
21258,20
21259,16
21260,27
21261,31
21262,99
21263,51
21264,33
21266,32
21267,41
21268,92
21270,1
21271,21
21272,13
21273,36
21274,41
21275,3
21276,31
21278,92
21279,56
21280,79
21281,14
21284,45
21285,2
21286,3
21288,36
21291,89
21292,17
21293,92
21294,92
21295,17
21296,7
21297,92
21298,91
21299,17
21300,59
21301,92
21302,22
21303,92
21304,91
21305,86
21306,92
21307,17
21308,92
21309,86
21310,92
21311,86
21312,92
21313,91
21314,7
21315,91
21316,92
21317,92
21318,92
21319,92
21320,17
21321,41
21322,3
21323,18
21324,60
21325,79
21326,17
21327,49
21328,20
21329,0
21330,13
21331,82
21332,13
21333,29
21334,10
21335,82
21336,7
21337,85
21338,13
21339,10
21340,59
21341,8
21342,8
21344,92
21345,22
21346,27
21348,31
21350,88
21351,18
21352,45
21353,79
21354,17
21355,7
21356,92
21357,92
21358,7
21359,92
21360,92
21361,92
21362,83
21363,92
21364,92
21365,17
21366,7
21367,92
21368,59
21371,86
21372,17
21373,7
21374,86
21375,92
21376,92
21377,59
21378,59
21379,65
21380,62
21381,95
21382,17
21383,92
21384,92
21385,92
21386,7
21387,92
21388,47
21389,7
21390,91
21391,42
21392,7
21393,59
21394,43
21395,92
21396,7
21397,35
21398,3
21399,3
21400,34
21401,62
21402,9
21403,7
21404,7
21405,7
21407,88
21408,36
21410,27
21411,60
21412,3
21414,21
21415,74
21416,92
21417,83
21418,81
21419,8
21421,73
21426,3
21427,80
21428,92
21430,42
21431,94
21432,92
21434,13
21442,64
21443,37
21445,61
21446,24
21447,7
21448,92
21449,92
21450,7
21451,92
21452,92
21453,92
21454,20
21455,92
21456,7
21457,7
21458,7
21459,59
21460,15
21461,87
21462,59
21463,7
21464,3
21465,2
21466,59
21467,92
21468,7
21469,7
21470,7
21471,92
21472,92
21473,7
21474,3
21475,7
21476,7
21477,7
21478,92
21479,7
21480,92
21481,7
21482,2
21483,92
21484,7
21485,82
21486,91
21487,91
21488,7
21489,90
21490,92
21491,92
21492,2
21493,7
21494,82
21495,62
21496,20
21497,3
21498,53
21499,53
21500,46
21501,31
21502,89
21503,61
21504,7
21505,7
21506,17
21507,17
21508,14
21509,99
21510,44
21511,75
21512,84
21513,15
21514,15
21515,10
21516,64
21528,36
21529,85
21530,33
21531,77
21532,8
21533,20
21534,68
21536,15
21537,31
21538,13
21539,17
21540,43
21541,56
21542,34
21543,27
21546,3
21547,92
21549,85
21550,91
21551,92
21552,7
21553,7
21554,7
21555,43
21556,0
21557,85
21558,92
21559,7
21560,79
21561,51
21562,83
21565,46
21566,83
21568,56
21569,84
21570,10
21571,82
21572,91
21573,7
21574,16
21575,7
21576,7
21577,37
21578,7
21579,16
21580,7
21582,56
21583,70
21590,30
21591,75
21592,21
21594,86
21595,50
21596,36
21597,70
21598,30
21599,3
21600,88
21607,17
21608,81
21609,89
21610,26
21611,17
21612,48
21613,37
21614,92
21615,15
21616,15
21617,33
21618,16
21619,3
21620,35
21621,41
21622,89
21623,89
21624,13
21625,16
21626,92
21627,25
21628,38
21629,65
21630,88
21632,70
21633,76
21634,59
21635,92
21636,92
21637,37
21638,44
21639,94
21640,76
21641,37
21642,68
21643,60
21644,62
21645,75
21646,11
21647,44
21648,60
21649,99
21650,24
21652,17
21653,34
21654,53
21655,49
21656,74
21657,89
21659,85
21660,45
21661,83
21662,38
21663,17
21664,92
21665,46
21666,92
21667,92
21668,20
21670,25
21671,22
21672,75
21674,37
21675,95
21676,80
21677,88
21678,3
21679,15
21681,41
21682,64
21685,3
21686,15
21687,17
21688,75
21689,37
21690,15
21691,35
21692,92
21693,17
21694,92
21695,92
21696,92
21697,92
21698,92
21699,92
21700,97
21701,92
21702,92
21703,92
21704,74
21705,92
21706,92
21707,92
21708,74
21709,59
21710,7
21711,92
21712,17
21713,92
21714,7
21715,92
21716,92
21717,7
21718,92
21719,92
21720,92
21721,92
21722,18
21723,59
21724,21
21725,92
21726,17
21727,17
21728,92
21729,92
21730,92
21731,7
21732,59
21733,92
21734,92
21735,92
21736,92
21737,85
21738,92
21739,92
21740,92
21741,92
21742,92
21743,86
21744,92
21745,92
21746,92
21747,7
21748,92
21749,7
21750,92
21751,82
21752,92
21753,92
21754,74
21755,15
21756,7
21757,92
21758,27
21759,94
21760,17
21761,40
21762,8
21763,93
21764,74
21765,69
21766,38
21767,37
21768,82
21769,38
21770,43
21771,1
21772,85
21773,15
21774,20
21775,91
21776,18
21777,98
21778,36
21781,81
21782,82
21783,8
21784,57
21785,99
21787,22
21788,91
21789,65
21790,73
21791,77
21793,15
21794,17
21795,17
21796,82
21797,92
21802,97
21806,22
21807,76
21808,94
21809,37
21810,17
21811,99
21812,7
21813,92
21814,18
21815,13
21816,16
21817,48
21818,30
21819,73
21820,10
21821,37
21822,80
21823,3
21824,33
21826,55
21828,18
21829,89
21830,74
21832,17
21833,12
21834,29
21835,89
21836,92
21837,89
21838,0
21839,1
21840,63
21841,17
21842,17
21843,64
21844,3
21845,3
21846,17
21847,1
21849,10
21850,59
21851,14
21852,72
21853,41
21854,33
21857,17
21858,37
21859,53
21861,17
21863,17
21864,74
21865,74
21866,4
21867,37
21868,93
21869,13
21870,37
21871,92
21872,26
21873,25
21874,24
21876,17
21877,12
21879,33
21880,31
21881,20
21882,70
21883,16
21884,3
21885,69
21886,2
21887,37
21888,17
21889,96
21890,98
21891,33
21892,33
21893,94
21894,86
21895,60
21897,33
21898,71
21899,82
21900,81
21901,92
21902,36
21903,16
21904,33
21905,26
21907,79
21908,17
21909,41
21910,74
21913,35
21914,3
21915,27
21917,49
21918,20
21919,8
21920,38
21921,4
21927,7
21928,16
21929,16
21930,7
21931,7
21932,37
21933,80
21934,37
21935,3
21936,10
21937,10
21938,18
21939,52
21941,83
21942,92
21943,37
21944,70
21948,40
21949,76
21952,50
21953,65
21955,86
21956,77
21957,34
21958,17
21959,13
21960,17
21962,2
21963,17
21964,37
21965,79
21967,10
21968,2
21969,16
21970,90
21971,7
21972,31
21973,32
21975,17
21976,41
21977,41
21978,77
21979,92
21980,86
21981,20
21982,34
21983,36
21984,4
21985,9
21986,84
21987,18
21988,44
21990,31
21991,12
21992,20
21993,0
21994,74
21995,20
21996,53
21997,92
21998,82
21999,37
22000,16
22001,99
22002,1
22003,69
22004,93
22005,79
22008,62
22010,35
22012,86
22013,62
22014,24
22017,18
22018,91
22019,69
22021,12
22022,74
22023,29
22028,9
22029,74
22030,13
22031,86
22032,38
22033,7
22034,76
22035,24
22036,31
22037,31
22038,69
22040,64
22041,1
22042,57
22043,3
22046,13
22047,93
22049,85
22050,20
22051,30
22052,2
22053,91
22055,24
22056,35
22057,59
22058,73
22059,49
22060,0
22061,92
22062,28
22063,59
22064,70
22066,41
22067,41
22069,49
22071,17
22072,72
22073,56
22074,12
22075,18
22076,62
22079,86
22080,74
22081,99
22082,41
22083,35
22084,41
22085,13
22086,91
22087,3
22088,18
22089,14
22090,63
22091,59
22093,88
22094,84
22095,22
22096,72
22097,84
22098,18
22099,16
22100,41
22101,32
22102,56
22103,9
22104,35
22105,20
22106,13
22107,51
22108,11
22109,59
22110,25
22112,74
22113,86
22114,55
22115,53
22116,27
22117,84
22118,84
22120,88
22121,43
22124,16
22125,51
22126,61
22127,61
22128,94
22129,40
22130,36
22131,62
22132,44
22133,30
22134,13
22135,20
22136,54
22138,61
22140,93
22141,11
22142,29
22143,31
22144,22
22145,80
22146,43
22147,73
22148,76
22149,14
22150,81
22151,18
22152,44
22153,53
22154,44
22155,33
22156,86
22157,28
22158,15
22161,52
22162,74
22163,17
22164,17
22165,81
22166,14
22168,72
22169,42
22170,11
22171,56
22172,36
22173,33
22174,13
22175,24
22176,44
22177,20
22178,52
22179,95
22180,59
22181,24
22182,48
22183,17
22184,24
22185,7
22186,2
22187,52
22188,10
22189,26
22190,54
22191,37
22193,12
22194,70
22195,92
22196,7
22197,74
22198,15
22199,52
22200,13
22201,24
22202,37
22203,15
22204,13
22205,37
22206,15
22207,43
22208,94
22210,84
22211,29
22212,33
22213,20
22214,37
22215,7
22216,44
22217,13
22218,56
22219,17
22220,62
22221,15
22222,54
22223,99
22224,65
22225,17
22226,44
22227,56
22228,54
22229,29
22230,13
22231,59
22232,92
22233,59
22234,74
22236,98
22237,26
22238,13
22239,44
22240,14
22241,31
22242,71
22243,92
22244,17
22245,17
22246,76
22247,44
22248,72
22249,80
22250,66
22251,8
22252,7
22254,95
22255,53
22256,14
22257,53
22258,91
22259,69
22260,75
22261,99
22263,51
22264,48
22265,17
22267,93
22269,73
22270,82
22271,15
22272,15
22273,37
22274,93
22275,43
22276,37
22277,7
22278,33
22279,17
22280,15
22281,88
22282,59
22283,20
22284,37
22285,93
22286,88
22287,59
22288,51
22289,38
22290,92
22291,92
22292,92
22293,92
22294,13
22295,18
22297,43
22298,77
22300,36
22301,25
22302,27
22303,85
22304,91
22305,83
22306,11
22307,74
22308,74
22309,17
22310,59
22311,3
22312,64
22313,30
22314,20
22315,85
22316,85
22317,85
22318,85
22319,44
22320,70
22321,91
22322,38
22323,83
22324,12
22325,51
22326,38
22327,40
22328,59
22329,13
22331,76
22332,90
22334,0
22335,74
22336,36
22337,97
22338,90
22339,61
22342,90
22343,63
22344,21
22345,96
22346,56
22347,27
22350,2
22351,54
22352,86
22353,49
22354,3
22357,56
22358,70
22359,11
22362,15
22363,95
22364,20
22365,92
22366,18
22369,61
22370,94
22371,20
22372,13
22373,72
22374,24
22375,36
22376,26
22377,74
22379,51
22380,30
22381,69
22382,69
22387,48
22390,15
22392,34
22396,72
22397,10
22398,17
22399,80
22400,18
22401,59
22402,66
22403,99
22404,92
22405,95
22406,74
22407,3
22408,3
22409,27
22410,17
22411,37
22414,53
22415,38
22417,11
22418,89
22419,36
22420,72
22421,38
22422,20
22423,38
22424,17
22425,11
22426,56
22427,51
22428,81
22430,81
22431,86
22432,20
22433,17
22455,43
22456,69
22457,8
22458,73
22459,26
22460,12
22461,31
22462,56
22463,88
22464,35
22466,56
22467,44
22470,56
22471,95
22472,28
22474,38
22475,38
22476,15
22477,15
22478,43
22479,76
22480,49
22482,18
22483,42
22484,64
22485,60
22486,30
22487,95
22488,39
22489,11
22490,13
22495,80
22496,62
22497,59
22500,75
22510,35
22511,53
22512,56
22513,90
22515,29
22518,80
22519,57
22520,64
22521,92
22522,1
22523,12
22524,56
22525,88
22526,44
22527,44
22529,69
22530,37
22531,38
22532,17
22533,87
22534,13
22535,38
22536,13
22537,80
22538,44
22539,74
22540,44
22541,7
22542,26
22544,44
22545,56
22546,46
22547,17
22549,44
22550,95
22553,46
22554,7
22557,31
22559,44
22560,44
22561,3
22563,30
22564,51
22565,70
22566,92
22567,31
22568,43
22569,38
22571,17
22573,30
22574,51
22576,30
22577,8
22578,8
22579,56
22581,34
22582,24
22583,59
22584,41
22585,44
22586,83
22587,64
22588,9
22589,56
22590,25
22591,31
22593,20
22594,95
22595,97
22596,56
22597,56
22598,95
22599,28
22600,8
22601,35
22602,30
22603,68
22604,74
22605,54
22606,54
22607,75
22608,54
22609,2
22610,30
22611,24
22612,30
22617,52
22619,54
22620,77
22621,36
22623,56
22624,61
22625,61
22626,2
22627,28
22629,44
22631,84
22636,8
22637,38
22638,37
22639,61
22644,17
22645,30
22646,35
22650,99
22651,89
22652,17
22653,30
22654,33
22655,73
22656,74
22657,77
22660,37
22661,76
22662,15
22663,43
22664,15
22665,57
22666,59
22667,94
22668,99
22669,92
22670,86
22671,30
22672,30
22673,14
22674,86
22675,95
22676,31
22677,12
22680,14
22681,31
22682,12
22683,77
22684,77
22685,77
22687,30
22688,30
22689,80
22690,51
22691,30
22692,38
22693,72
22694,36
22695,10
22696,57
22697,30
22698,30
22699,15
22700,60
22701,70
22702,2
22703,59
22704,70
22705,70
22706,94
22707,2
22708,94
22709,59
22710,2
22711,94
22712,59
22713,70
22714,70
22715,70
22716,37
22717,98
22718,47
22719,95
22720,87
22721,64
22724,30
22725,30
22726,38
22727,74
22728,81
22731,70
22732,38
22733,89
22734,38
22735,26
22736,38
22737,85
22739,20
22740,74
22743,17
22744,17
22745,7
22746,89
22747,89
22748,40
22749,60
22750,3
22752,7
22754,44
22755,24
22756,3
22757,37
22758,36
22759,7
22762,53
22763,90
22764,81
22765,60
22766,74
22767,44
22770,36
22771,40
22774,92
22775,11
22776,53
22777,31
22778,3
22779,47
22781,37
22782,10
22783,36
22784,77
22790,55
22791,88
22792,42
22793,34
22794,7
22795,74
22796,31
22797,54
22799,84
22800,13
22803,38
22804,37
22805,30
22806,33
22807,33
22808,33
22809,33
22810,33
22811,33
22812,95
22814,20
22815,42
22816,3
22818,24
22819,94
22820,33
22821,12
22822,20
22825,38
22827,82
22829,55
22831,27
22832,75
22833,98
22834,42
22835,85
22836,85
22837,85
22838,1
22839,85
22840,94
22841,59
22842,1
22843,94
22844,94
22845,93
22846,74
22847,95
22848,38
22849,4
22865,73
22866,56
22867,56
22869,56
22871,27
22872,1
22873,30
22874,17
22875,90
22876,56
22877,43
22878,43
22879,43
22880,75
22881,90
22882,25
22883,15
22884,82
22885,20
22886,72
22887,24
22888,24
22890,56
22891,24
22892,44
22893,56
22895,56
22896,74
22897,56
22900,88
22902,2
22903,42
22904,37
22905,30
22906,41
22910,69
22911,8
22912,92
22913,41
22914,28
22915,70
22916,92
22921,24
22922,24
22924,17
22925,41
22926,36
22927,36
22928,37
22938,17
22939,4
22940,30
22941,30
22942,97
22943,16
22944,92
22948,17
22955,20
22956,53
22957,30
22958,56
22959,31
22960,41
22961,94
22965,27
22966,56
22967,56
22972,17
22973,64
22974,10
22976,14
22988,30
22989,30
22990,75
22991,86
22992,30
22993,30
22994,31
22995,17
22996,17
22997,90
22998,7
22999,93
23000,1
23001,85
23002,48
23003,85
23004,85
23005,85
23006,70
23007,85
23008,15
23009,37
23010,37
23011,15
23012,37
23013,2
23014,22
23015,59
23016,59
23017,2
23022,92
23023,61
23024,80
23025,11
23026,17
23027,61
23028,44
23029,32
23030,37
23031,94
23032,30
23033,47
23034,14
23036,86
23037,38
23038,26
23040,36
23041,10
23042,10
23043,10
23044,10
23045,10
23046,10
23048,7
23049,92
23050,62
23051,7
23052,9
23053,16
23054,37
23055,15
23056,87
23057,22
23058,87
23059,33
23060,47
23061,76
23062,15
23063,0
23064,30
23066,27
23067,3
23068,92
23069,92
23070,92
23071,17
23072,7
23073,47
23074,17
23086,54
23087,30
23090,7
23091,56
23092,20
23094,17
23095,66
23096,18
23097,41
23099,56
23100,28
23101,11
23102,44
23103,56
23104,56
23106,37
23107,27
23108,70
23111,98
23112,74
23113,20
23114,74
23115,29
23116,17
23117,17
23118,7
23119,91
23120,92
23121,94
23122,15
23123,35
23124,93
23125,17
23126,74
23127,15
23128,47
23129,92
23130,92
23131,92
23132,76
23135,79
23136,20
23137,31
23138,31
23139,82
23140,16
23141,7
23142,82
23144,59
23146,56
23147,56
23148,56
23149,56
23150,33
23152,29
23153,56
23154,92
23155,59
23157,93
23159,56
23160,25
23161,16
23162,44
23163,22
23164,44
23165,15
23166,94
23167,15
23168,59
23169,90
23170,74
23171,70
23172,76
23173,94
23174,15
23175,15
23176,15
23177,15
23178,35
23179,15
23180,59
23181,15
23182,41
23183,47
23184,0
23185,56
23186,75
23187,91
23188,92
23189,92
23190,92
23191,0
23192,59
23193,59
23194,44
23195,92
23196,38
23197,56
23198,56
23200,14
23204,61
23205,61
23207,59
23208,92
23209,13
23210,56
23212,61
23213,3
23214,59
23215,37
23216,15
23217,7
23218,37
23219,15
23220,76
23221,47
23222,15
23223,37
23224,23
23225,61
23226,52
23227,49
23229,82
23230,20
23231,16
23232,44
23233,13
23234,10
23235,61
23240,52
23241,20
23242,82
23244,59
23245,38
23246,37
23247,70
23248,70
23249,70
23250,70
23251,70
23252,59
23253,94
23254,70
23255,70
23256,70
23257,10
23258,95
23259,68
23260,7
23261,35
23262,92
23263,92
23264,92
23265,17
23266,1
23267,7
23268,59
23269,7
23270,35
23271,7
23272,7
23273,13
23274,92
23275,47
23276,91
23277,82
23278,17
23280,95
23281,24
23282,61
23283,2
23284,31
23286,86
23287,43
23288,74
23290,3
23291,60
23292,92
23293,79
23295,13
23296,59
23299,73
23300,28
23301,90
23302,3
23303,3
23304,63
23305,24
23307,3
23308,56
23310,3
23311,82
23312,8
23314,24
23315,86
23316,24
23317,46
23318,24
23319,77
23320,8
23321,14
23322,3
23323,74
23324,85
23325,82
23326,82
23327,70
23328,82
23329,93
23330,93
23331,30
23332,98
23334,20
23335,44
23336,74
23337,44
23338,38
23339,90
23340,41
23343,4
23344,3
23347,11
23348,24
23349,18
23350,24
23351,92
23352,85
23353,24
23354,64
23355,74
23356,70
23357,94
23358,94
23359,59
23360,59
23361,94
23362,43
23363,91
23364,93
23365,59
23366,93
23367,93
23368,94
23369,94
23370,86
23371,82
23372,59
23373,92
23374,92
23375,7
23376,92
23377,7
23378,7
23379,56
23380,92
23381,92
23382,92
23383,92
23384,7
23385,7
23386,92
23387,7
23388,92
23389,27
23390,48
23391,94
23392,38
23394,38
23395,8
23397,24
23398,3
23399,74
23401,3
23402,61
23403,40
23404,24
23405,74
23406,3
23407,24
23408,25
23409,27
23410,93
23411,82
23412,82
23413,82
23414,82
23415,0
23416,59
23417,59
23418,82
23419,76
23420,15
23421,15
23422,11
23424,35
23426,56
23427,81
23428,89
23429,56
23430,43
23431,24
23432,33
23433,24
23434,40
23435,64
23436,24
23438,26
23439,56
23440,7
23441,7
23443,25
23445,59
23446,51
23447,86
23448,93
23449,80
23450,88
23451,3
23452,74
23453,74
23454,24
23455,24
23456,24
23457,24
23458,94
23459,24
23460,74
23462,72
23464,88
23465,3
23466,73
23467,24
23468,79
23469,46
23470,46
23471,46
23472,46
23473,83
23474,33
23475,99
23476,18
23477,74
23478,76
23479,51
23480,24
23481,15
23482,24
23483,74
23485,92
23487,59
23488,29
23489,33
23490,13
23491,92
23492,92
23493,7
23494,27
23495,69
23496,45
23497,92
23498,7
23499,16
23500,97
23501,92
23502,17
23503,17
23504,7
23505,92
23506,7
23507,95
23509,25
23510,59
23511,57
23512,59
23513,93
23514,59
23515,59
23516,59
23517,16
23518,30
23519,95
23521,24
23522,3
23523,3
23524,47
23527,74
23528,92
23529,52
23530,17
23531,74
23533,12
23534,56
23535,56
23536,92
23537,36
23538,99
23539,7
23540,92
23541,37
23542,37
23544,79
23545,24
23546,89
23547,89
23548,59
23549,59
23550,59
23551,59
23552,59
23553,57
23554,59
23555,59
23556,59
23557,59
23558,13
23559,20
23560,74
23561,44
23562,35
23563,56
23564,91
23565,41
23568,56
23569,57
23570,35
23571,56
23572,52
23573,83
23574,89
23575,82
23576,40
23577,92
23579,64
23580,26
23581,77
23584,17
23587,95
23588,56
23591,44
23592,56
23593,51
23594,74
23595,27
23597,99
23598,24
23599,90
23601,12
23602,92
23603,16
23604,30
23605,60
23606,37
23607,76
23608,22
23609,63
23611,80
23612,56
23613,42
23614,80
23619,80
23622,17
23623,94
23624,41
23625,92
23626,28
23627,92
23629,15
23630,15
23631,15
23632,15
23633,15
23634,43
23635,35
23636,44
23637,59
23638,13
23639,11
23640,20
23641,33
23642,46
23643,59
23644,17
23645,17
23646,65
23647,85
23648,82
23649,74
23650,86
23651,56
23652,24
23653,1
23655,52
23656,64
23657,90
23658,30
23659,20
23660,20
23661,3
23662,62
23663,22
23664,15
23665,24
23666,77
23667,3
23668,75
23669,56
23671,74
23673,18
23674,7
23675,16
23677,17
23678,16
23680,63
23681,80
23682,64
23683,92
23684,99
23686,3
23688,56
23689,36
23690,52
23691,23
23692,83
23693,92
23694,93
23695,94
23696,15
23697,15
23698,15
23699,82
23700,43
23701,15
23702,7
23703,43
23725,92
23726,30
23727,1
23728,86
23729,79
23730,59
23731,25
23732,59
23733,41
23734,36
23735,74
23736,37
23737,37
23738,76
23739,82
23741,37
23742,74
23743,36
23744,86
23745,82
23746,30
23747,41
23748,31
23749,72
23750,51
23751,17
23752,37
23753,99
23754,77
23755,32
23757,37
23758,92
23760,30
23761,4
23762,56
23763,17
23764,56
23765,7
23766,92
23767,56
23768,59
23769,79
23770,77
23771,16
23772,20
23773,92
23776,68
23777,79
23778,37
23779,92
23780,94
23781,94
23782,94
23783,80
23784,93
23785,17
23786,17
23788,15
23789,15
23790,44
23791,25
23792,38
23794,24
23795,93
23797,37
23798,95
23799,25
23800,34
23802,36
23803,2
23804,7
23805,0
23806,70
23807,94
23808,70
23809,70
23810,16
23811,17
23813,79
23815,30
23819,49
23820,20
23821,7
23826,13
23829,17
23831,44
23832,16
23836,91
23845,44
23846,41
23847,24
23852,54
23853,92
23856,74
23857,95
23858,80
23859,43
23860,11
23861,12
23866,3
23868,56
23869,3
23870,68
23871,86
23872,56
23874,22
23875,83
23880,40
23881,30
23882,44
23884,56
23885,33
23886,93
23887,74
23888,3
23889,44
23892,7
23893,43
23894,17
23895,24
23916,17
23918,74
23920,56
23921,77
23922,59
23923,80
23924,74
23926,71
23927,70
23928,56
23929,90
23930,56
23931,56
23941,74
23942,56
23943,3
23944,92
23946,93
23952,37
23955,92
23956,14
23958,99
23959,53
23960,56
23963,52
23971,15
23972,80
23973,70
23984,8
23985,76
23986,7
23987,17
23988,37
23989,92
23990,16
23991,77
23992,76
23993,56
23994,65
23995,17
23996,93
23997,87
23998,27
23999,17
24000,1
24001,63
24002,26
24003,15
24005,90
24006,35
24010,0
24011,24
24012,74
24013,92
24014,59
24015,74
24016,51
24018,38
24019,99
24020,43
24022,57
24023,31
24024,70
24025,17
24030,74
24033,17
24034,37
24035,90
24044,57
24046,35
24053,3
24054,90
24055,20
24061,3
24062,31
24063,64
24064,44
24065,24
24066,13
24067,20
24069,11
24070,17
24071,41
24073,48
24076,64
24077,68
24078,62
24080,64
24082,8
24083,38
24084,52
24085,91
24086,59
24088,41
24089,44
24091,44
24092,73
24093,76
24094,85
24095,30
24096,16
24097,59
24101,25
24102,33
24103,1
24104,90
24105,85
24107,20
24108,24
24109,56
24117,24
24118,90
24119,90
24120,0
24121,56
24122,56
24124,74
24125,55
24126,59
24128,52
24130,92
24131,82
24132,94
24133,93
24134,20
24135,90
24140,48
24146,69
24147,35
24148,22
24149,90
24150,56
24151,56
24152,90
24153,18
24155,94
24157,30
24158,52
24159,95
24160,92
24161,56
24163,32
24165,51
24166,56
24167,24
24168,17
24171,63
24177,76
24179,20
24180,44
24181,0
24182,17
24186,89
24187,90
24188,36
24189,56
24191,69
24192,56
24194,14
24195,83
24196,44
24197,93
24198,90
24199,73
24200,2
24201,33
24202,22
24203,66
24204,41
24205,55
24207,30
24210,85
24211,62
24215,10
24216,38
24218,13
24219,51
24220,76
24221,56
24222,74
24235,17
24236,25
24237,3
24238,18
24241,17
24242,20
24244,0
24246,44
24247,56
24248,17
24251,17
24252,92
24253,4
24254,46
24256,18
24258,38
24259,80
24261,52
24262,99
24263,32
24265,30
24267,7
24268,92
24269,69
24270,85
24271,24
24274,25
24275,56
24276,56
24277,44
24278,56
24280,99
24281,41
24282,44
24283,92
24284,18
24285,80
24286,57
24287,59
24290,56
24293,20
24296,48
24297,82
24298,24
24299,62
24301,37
24302,90
24303,36
24304,18
24306,37
24307,83
24308,98
24309,62
24310,57
24311,18
24312,99
24313,80
24314,20
24315,18
24317,41
24318,30
24321,95
24322,19
24323,19
24324,71
24326,15
24328,18
24329,92
24330,77
24331,38
24332,13
24333,85
24334,99
24335,94
24336,24
24337,93
24340,89
24341,41
24342,59
24343,52
24345,42
24346,81
24347,74
24348,93
24349,22
24350,76
24351,22
24352,95
24353,93
24354,74
24356,18
24357,30
24358,30
24359,76
24360,96
24361,17
24362,4
24363,38
24364,99
24365,27
24366,79
24368,12
24370,90
24372,20
24373,18
24374,1
24375,90
24376,70
24378,3
24379,37
24380,56
24382,90
24384,55
24385,41
24387,55
24388,40
24389,32
24391,95
24392,90
24393,48
24394,0
24395,90
24396,18
24397,90
24398,30
24399,56
24400,73
24402,64
24403,92
24404,18
24405,38
24406,20
24407,55
24408,30
24409,40
24410,92
24414,30
24415,74
24416,13
24417,59
24418,56
24419,53
24420,72
24421,72
24423,95
24426,44
24427,82
24428,47
24430,16
24431,17
24432,80
24433,80
24434,80
24435,2
24436,90
24437,74
24438,41
24439,7
24440,79
24441,77
24442,95
24443,17
24444,90
24446,7
24449,24
24450,59
24451,90
24452,53
24453,30
24454,7
24456,81
24457,31
24458,16
24459,92
24460,3
24461,45
24465,24
24469,83
24470,15
24471,64
24472,18
24473,72
24474,71
24475,71
24476,71
24477,71
24478,71
24479,71
24482,3
24483,47
24484,14
24485,24
24487,95
24488,43
24489,3
24491,36
24492,73
24493,3
24494,31
24495,90
24496,64
24497,13
24498,13
24499,85
24500,88
24502,7
24503,43
24504,46
24505,4
24506,32
24507,20
24509,92
24510,21
24513,17
24516,17
24517,90
24518,76
24519,47
24520,62
24521,56
24522,16
24524,63
24526,48
24527,28
24528,50
24529,44
24530,24
24531,36
24532,74
24534,18
24535,85
24537,41
24538,12
24539,83
24540,16
24541,41
24542,55
24543,70
24544,92
24545,3
24547,92
24548,41
24550,62
24551,60
24552,64
24553,73
24554,92
24556,10
24557,92
24558,56
24559,64
24560,24
24561,31
24562,84
24563,0
24564,79
24565,17
24566,56
24567,56
24568,35
24569,72
24570,22
24574,76
24576,20
24577,93
24578,17
24579,68
24580,7
24581,9
24582,92
24583,64
24584,7
24585,41
24586,62
24587,15
24588,21
24589,3
24590,3
24591,28
24592,3
24593,72
24594,18
24595,80
24596,31
24597,68
24598,53
24599,17
24600,14
24602,82
24603,93
24604,0
24605,38
24606,83
24607,10
24608,92
24609,74
24610,74
24611,24
24612,83
24613,14
24614,72
24615,7
24616,75
24617,59
24621,59
24622,34
24623,24
24624,37
24626,27
24627,14
24628,3
24629,64
24631,17
24632,17
24633,18
24634,83
24635,60
24637,77
24639,7
24640,94
24641,59
24642,7
24643,51
24644,24
24645,17
24647,34
24648,81
24650,51
24651,60
24652,53
24653,83
24654,84
24655,56
24656,55
24658,31
24659,96
24660,17
24662,74
24663,17
24664,82
24665,41
24666,7
24667,28
24668,12
24669,74
24670,64
24671,64
24672,91
24673,24
24674,26
24676,4
24678,86
24679,69
24680,65
24681,77
24682,51
24683,17
24684,20
24685,13
24686,20
24688,8
24689,53
24690,16
24692,74
24693,18
24694,24
24695,62
24696,1
24697,92
24698,92
24699,13
24700,47
24702,10
24703,74
24704,15
24705,94
24706,13
24707,90
24708,63
24709,72
24711,92
24712,14
24713,95
24714,72
24715,42
24716,94
24717,70
24718,96
24719,68
24720,30
24721,90
24722,41
24723,90
24724,62
24725,74
24726,51
24727,8
24728,95
24730,35
24731,3
24732,72
24734,24
24735,56
24736,24
24737,72
24738,74
24739,45
24740,83
24741,31
24742,1
24744,16
24745,95
24749,90
24750,43
24751,74
24752,27
24753,92
24754,97
24755,42
24756,46
24757,20
24758,59
24759,20
24760,24
24761,10
24762,23
24764,44
24765,83
24767,33
24769,33
24770,22
24771,1
24772,17
24775,17
24776,51
24777,27
24778,24
24779,44
24780,96
24781,53
24783,7
24784,43
24785,65
24786,68
24787,53
24788,35
24789,65
24790,4
24791,56
24792,56
24793,7
24794,45
24795,24
24797,9
24798,2
24799,33
24800,81
24803,61
24804,15
24805,70
24806,7
24807,7
24808,27
24810,12
24811,72
24812,43
24813,91
24814,59
24815,99
24816,27
24818,27
24819,98
24821,59
24822,1
24825,46
24826,17
24827,7
24828,1
24829,54
24831,74
24832,7
24834,24
24835,59
24836,7
24837,43
24838,43
24839,33
24840,38
24841,89
24842,83
24849,24
24851,66
24852,3
24854,81
24855,77
24856,69
24857,74
24858,3
24859,7
24860,13
24862,12
24864,56
24865,56
24866,41
24868,95
24869,69
24870,44
24871,37
24872,3
24873,94
24874,94
24875,94
24876,94
24877,94
24878,94
24879,76
24880,7
24881,3
24882,42
24883,28
24884,8
24885,36
24886,79
24889,12
24890,26
24891,27
24892,52
24893,84
24894,24
24895,42
24896,7
24897,42
24898,76
24900,54
24901,31
24902,36
24903,17
24904,71
24906,83
24907,7
24909,17
24910,93
24911,86
24912,74
24913,44
24914,7
24916,7
24917,10
24918,92
24920,37
24921,92
24922,45
24923,40
24926,17
24927,25
24928,56
24929,33
24930,53
24931,64
24932,95
24933,33
24934,18
24935,74
24936,37
24937,17
24938,71
24939,71
24940,71
24941,71
24942,71
24943,71
24944,21
24945,22
24946,85
24947,88
24948,72
24949,56
24950,95
24951,83
24952,82
24953,82
24954,7
24955,56
24956,92
24958,25
24959,63
24963,94
24964,51
24965,56
24966,90
24968,14
24970,3
24971,84
24972,41
24973,82
24974,8
24975,90
24976,85
24977,56
24978,35
24979,18
24980,9
24981,12
24982,36
24984,18
24985,93
24986,1
24987,74
24989,20
24990,95
24991,17
24992,30
24993,74
24994,64
24995,42
24996,82
24997,42
24998,59
24999,7
25000,54
25001,1
25002,17
25003,17
25004,41
25005,74
25006,11
25007,55
25008,99
25009,11
25010,30
25012,34
25013,77
25014,0
25015,69
25016,76
25017,16
25018,20
25020,11
25021,72
25022,7
25023,62
25024,44
25025,74
25026,13
25027,8
25028,33
25029,46
25030,66
25031,82
25032,7
25033,54
25034,54
25035,56
25037,22
25038,22
25040,8
25041,80
25042,51
25043,59
25044,81
25045,57
25046,63
25047,52
25049,83
25050,21
25051,44
25053,76
25055,49
25056,7
25057,7
25058,94
25059,62
25060,7
25061,90
25062,23
25063,34
25064,36
25065,52
25066,52
25067,25
25068,68
25070,1
25071,85
25072,36
25073,73
25075,13
25076,12
25077,53
25078,56
25079,92
25080,84
25081,92
25082,37
25083,36
25084,75
25085,12
25086,25
25087,95
25088,83
25090,3
25091,13
25092,65
25093,36
25094,56
25095,86
25096,65
25098,74
25099,45
25100,95
25101,36
25102,1
25103,2
25104,77
25105,82
25106,7
25107,82
25108,7
25109,82
25110,20
25111,15
25112,46
25115,48
25116,36
25117,83
25118,92
25119,27
25122,83
25126,20
25127,59
25129,80
25132,93
25133,20
25135,83
25136,76
25140,35
25141,20
25143,92
25144,7
25145,17
25150,33
25151,17
25152,22
25153,98
25154,14
25155,77
25156,28
25158,70
25159,62
25163,37
25164,7
25165,17
25166,44
25170,48
25171,76
25172,8
25174,29
25184,79
25185,64
25186,59
25188,22
25189,36
25190,27
25191,36
25193,52
25200,52
25201,3
25203,92
25205,74
25206,74
25207,52
25208,52
25212,60
25213,34
25215,89
25216,36
25220,77
25221,26
25222,77
25224,20
25230,62
25232,46
25234,44
25235,48
25244,12
25254,20
25256,85
25261,46
25264,95
25266,75
25267,28
25268,74
25269,77
25270,44
25272,17
25274,17
25275,46
25277,14
25278,64
25281,99
25282,67
25283,16
25290,51
25291,20
25292,32
25293,18
25294,51
25295,82
25299,76
25300,48
25301,3
25302,49
25303,15
25304,15
25305,94
25306,8
25307,85
25308,89
25309,74
25316,15
25322,80
25325,36
25326,51
25333,33
25334,59
25337,20
25338,20
25339,20
25340,99
25341,83
25342,12
25344,1
25345,49
25351,67
25353,20
25354,11
25355,43
25356,92
25357,49
25358,17
25359,74
25361,30
25363,26
25371,27
25372,36
25373,64
25383,74
25384,17
25387,28
25388,33
25389,64
25390,17
25395,20
25396,92
25398,10
25400,8
25404,17
25405,3
25406,49
25407,49
25408,0
25409,49
25410,49
25411,1
25412,26
25413,27
25415,92
25416,35
25418,24
25419,17
25420,77
25424,33
25426,38
25427,17
25428,40
25429,92
25430,70
25432,24
25433,3
25438,90
25439,70
25440,41
25441,2
25442,74
25444,17
25446,92
25447,20
25448,17
25449,91
25450,3
25451,72
25452,22
25453,3
25454,77
25455,99
25456,92
25457,89
25458,3
25459,26
25461,3
25462,74
25463,85
25464,82
25465,15
25466,92
25467,74
25468,73
25469,3
25470,12
25472,7
25473,86
25474,70
25475,36
25476,74
25477,92
25478,17
25480,99
25481,92
25482,83
25483,35
25484,41
25485,17
25486,26
25487,80
25488,80
25489,80
25490,86
25491,71
25492,41
25493,1
25494,17
25496,17
25497,17
25499,94
25500,85
25502,72
25504,83
25505,17
25506,17
25507,92
25508,60
25509,28
25510,17
25511,99
25512,69
25513,72
25514,17
25516,92
25519,3
25520,21
25522,45
25523,15
25524,17
25525,15
25527,21
25528,12
25529,3
25531,10
25532,45
25533,46
25534,71
25535,88
25536,46
25538,35
25540,74
25541,31
25542,15
25544,77
25545,74
25546,98
25547,44
25548,74
25549,56
25550,90
25551,17
25552,74
25553,24
25555,72
25556,95
25560,30
25562,62
25563,53
25564,3
25565,10
25566,64
25567,44
25568,40
25569,42
25570,15
25571,95
25572,7
25573,22
25574,73
25577,92
25578,17
25579,1
25581,92
25582,13
25583,64
25584,15
25585,88
25586,59
25588,31
25589,13
25590,72
25591,30
25592,3
25595,33
25596,59
25597,64
25598,31
25599,98
25600,3
25601,63
25603,41
25604,8
25607,37
25608,24
25609,24
25610,24
25611,24
25612,99
25617,24
25618,9
25619,20
25620,82
25621,24
25622,73
25623,22
25624,80
25625,87
25626,17
25627,56
25628,56
25629,56
25630,92
25631,55
25632,51
25633,52
25634,24
25637,33
25638,20
25639,24
25642,69
25643,38
25644,25
25645,27
25646,79
25647,92
25648,3
25650,3
25651,92
25652,94
25653,14
25654,74
25655,17
25656,17
25657,24
25658,94
25659,74
25660,68
25661,15
25662,8
25663,54
25664,88
25665,59
25666,7
25670,7
25672,41
25673,65
25674,77
25675,64
25676,30
25677,95
25678,51
25681,24
25682,75
25683,22
25684,44
25685,30
25686,12
25688,59
25689,22
25691,85
25692,79
25693,42
25695,33
25698,24
25699,83
25700,46
25701,29
25702,22
25703,64
25706,28
25708,41
25709,18
25710,74
25711,81
25712,67
25713,44
25714,24
25717,65
25718,32
25719,7
25720,8
25723,27
25724,33
25725,85
25726,1
25727,43
25728,59
25729,84
25730,82
25731,77
25732,73
25733,38
25735,51
25737,44
25738,44
25739,44
25740,56
25741,44
25742,56
25743,44
25744,56
25745,82
25746,56
25747,82
25748,43
25749,7
25750,59
25751,49
25753,86
25754,59
25757,84
25758,67
25759,51
25760,43
25761,18
25762,17
25763,32
25764,83
25765,17
25766,47
25767,51
25768,43
25769,80
25770,17
25771,87
25772,70
25773,64
25774,62
25775,64
25776,44
25778,17
25779,59
25780,44
25781,33
25782,50
25784,42
25785,43
25786,27
25787,86
25788,45
25789,13
25792,20
25793,73
25794,35
25795,9
25797,8
25798,86
25799,94
25800,75
25801,17
25802,17
25803,16
25804,74
25805,95
25808,67
25809,70
25810,70
25811,17
25813,7
25814,41
25815,42
25816,86
25817,7
25818,7
25819,36
25820,70
25821,67
25822,74
25823,74
25824,92
25825,70
25826,20
25827,92
25828,42
25829,22
25830,11
25831,64
25832,30
25833,20
25834,91
25835,15
25836,22
25837,70
25838,0
25842,53
25847,92
25848,46
25849,17
25851,13
25852,13
25853,13
25854,13
25855,53
25856,20
25857,92
25858,86
25859,92
25860,30
25862,44
25864,11
25865,92
25866,93
25867,93
25868,17
25869,92
25870,17
25872,92
25873,17
25874,32
25875,33
25876,85
25877,3
25878,69
25879,29
25880,98
25882,7
25883,74
25884,43
25885,7
25886,41
25887,40
25888,4
25889,31
25890,36
25891,20
25892,70
25893,94
25894,18
25895,60
25896,57
25897,51
25899,29
25900,18
25901,26
25902,46
25903,45
25904,26
25905,64
25906,50
25907,35
25908,13
25909,36
25910,62
25911,9
25912,9
25913,72
25914,55
25915,13
25916,62
25917,37
25918,32
25919,93
25920,17
25921,22
25922,16
25923,86
25926,95
25927,57
25928,92
25929,20
25930,42
25931,20
25932,9
25933,80
25935,64
25937,76
25938,94
25939,99
25940,15
25941,18
25942,88
25943,92
25944,79
25947,93
25948,92
25950,11
25951,12
25952,52
25953,38
25954,43
25955,96
25957,36
25958,50
25959,92
25960,59
25961,24
25962,12
25963,12
25965,38
25966,92
25967,1
25968,8
25969,55
25970,95
25971,16
25972,92
25973,32
25974,20
25975,20
25976,27
25977,13
25978,16
25979,99
25980,59
25982,7
25983,32
25984,10
25985,91
25986,76
25989,93
25990,32
25991,3
25992,73
25993,13
25994,83
25995,7
25997,86
25998,59
26000,7
26001,85
26002,94
26003,20
26004,42
26005,36
26006,27
26007,27
26008,79
26009,27
26010,44
26011,1
26012,30
26013,64
26014,68
26015,57
26016,70
26018,74
26019,72
26020,79
26021,35
26022,50
26023,12
26024,15
26026,83
26027,85
26029,73
26030,53
26031,9
26032,55
26033,20
26034,43
26035,18
26036,41
26037,51
26038,79
26039,74
26040,46
26041,74
26042,53
26043,70
26044,37
26045,85
26046,32
26047,36
26048,95
26049,12
26050,43
26051,89
26052,13
26053,80
26054,51
26056,8
26057,7
26058,21
26059,27
26060,24
26061,59
26062,20
26063,33
26064,31
26065,88
26066,56
26067,13
26068,77
26069,13
26070,72
26071,20
26072,29
26073,69
26074,11
26075,59
26076,32
26077,36
26079,50
26080,16
26081,89
26083,16
26084,95
26085,92
26086,13
26087,17
26088,85
26089,30
26090,87
26093,25
26094,65
26095,69
26097,18
26098,37
26104,17
26105,14
26106,77
26107,80
26108,2
26109,44
26111,92
26112,16
26113,68
26114,18
26115,13
26116,68
26117,63
26119,30
26120,68
26121,61
26122,17
26123,14
26125,92
26126,13
26128,36
26129,18
26130,76
26131,13
26132,64
26133,45
26134,26
26135,85
26136,18
26137,59
26138,12
26139,64
26140,56
26142,64
26144,48
26145,84
26146,13
26147,28
26149,17
26150,29
26151,51
26152,63
26153,91
26154,82
26155,33
26156,93
26157,80
26158,64
26159,13
26160,17
26162,89
26163,81
26164,74
26165,94
26167,75
26168,44
26170,13
26172,26
26173,95
26174,44
26175,33
26176,33
26177,72
26178,39
26180,56
26181,74
26182,17
26183,13
26184,77
26185,66
26186,15
26187,55
26189,59
26190,56
26191,90
26192,4
26193,17
26194,7
26195,50
26196,36
26197,24
26198,83
26199,24
26204,18
26205,90
26206,56
26207,70
26208,17
26209,55
26210,55
26215,17
26216,91
26217,2
26218,17
26232,17
26233,94
26234,59
26235,15
26236,93
26237,93
26238,93
26239,59
26240,14
26241,15
26242,16
26243,28
26244,59
26254,20
26255,17
26256,17
26257,17
26258,94
26259,37
26260,80
26262,28
26275,69
26276,83
26277,93
26278,18
26279,20
26280,79
26281,80
26282,16
26283,62
26292,44
26294,69
26295,71
26306,33
26307,1
26308,20
26309,76
26310,92
26311,55
26312,8
26313,64
26315,88
26316,1
26317,36
26318,68
26319,51
26320,10
26321,81
26322,92
26323,55
26324,33
26327,43
26328,18
26329,18
26330,89
26331,74
26332,44
26333,98
26334,20
26335,85
26337,67
26339,20
26340,28
26341,69
26342,29
26344,93
26345,17
26346,32
26348,92
26354,75
26355,92
26356,59
26357,18
26358,72
26360,49
26361,26
26364,20
26365,79
26366,79
26367,17
26368,63
26369,76
26372,33
26373,28
26374,55
26377,12
26378,54
26379,3
26380,23
26381,86
26382,23
26383,13
26384,26
26385,30
26386,3
26388,80
26389,92
26390,96
26391,16
26392,17
26393,64
26396,33
26397,20
26398,99
26399,3
26401,36
26405,15
26407,59
26408,28
26409,92
26410,37
26412,68
26413,88
26414,74
26416,83
26417,85
26419,46
26420,93
26421,73
26422,73
26423,73
26424,73
26425,43
26426,35
26427,34
26429,59
26430,11
26431,24
26433,52
26434,59
26437,80
26438,81
26439,54
26440,77
26441,18
26442,2
26445,98
26446,14
26447,33
26448,3
26449,73
26450,53
26451,44
26454,30
26455,83
26457,40
26473,84
26474,12
26475,17
26477,34
26478,3
26481,28
26482,33
26484,52
26485,59
26486,60
26487,17
26490,83
26491,85
26492,21
26493,46
26494,37
26495,11
26496,51
26497,92
26498,13
26499,59
26500,32
26501,31
26505,38
26507,14
26509,27
26512,40
26513,8
26514,7
26516,32
26517,17
26518,41
26519,93
26520,59
26521,25
26522,18
26523,93
26524,47
26526,85
26527,94
26528,70
26529,35
26532,17
26533,17
26534,17
26535,77
26536,56
26537,17
26538,17
26539,17
26540,17
26541,85
26542,23
26543,17
26544,35
26548,12
26549,17
26550,16
26551,54
26552,64
26553,82
26556,28
26557,16
26558,55
26560,17
26561,41
26563,44
26565,35
26568,35
26569,56
26572,49
26593,1
26595,8
26596,1
26597,11
26598,77
26599,43
26600,89
26601,84
26602,42
26603,74
26604,37
26606,56
26610,59
26611,38
26612,7
26613,33
26615,40
26616,92
26617,92
26618,92
26619,92
26620,92
26621,45
26622,20
26623,65
26624,92
26625,86
26626,98
26627,17
26628,39
26629,40
26630,92
26631,41
26632,95
26633,20
26635,93
26637,44
26638,51
26639,26
26640,80
26641,86
26642,22
26643,26
26644,59
26645,22
26646,74
26647,95
26649,80
26650,24
26651,33
26652,20
26653,92
26654,16
26656,32
26657,17
26658,27
26659,11
26660,87
26661,87
26662,87
26663,87
26664,87
26665,87
26666,87
26667,7
26668,7
26669,7
26670,77
26671,47
26672,54
26673,37
26674,13
26675,38
26677,15
26678,0
26679,99
26682,36
26683,63
26684,7
26687,76
26688,35
26690,42
26691,20
26692,91
26693,30
26695,92
26697,23
26698,91
26699,63
26700,69
26702,76
26703,74
26704,33
26705,84
26706,83
26707,27
26708,30
26709,20
26711,72
26713,9
26714,7
26715,99
26716,69
26718,64
26719,89
26723,94
26725,41
26726,18
26727,46
26728,1
26730,82
26732,93
26733,15
26734,46
26735,74
26736,74
26740,85
26741,56
26742,1
26743,56
26744,20
26745,42
26747,83
26750,41
26751,56
26752,28
26753,61
26754,54
26755,60
26760,18
26761,90
26767,61
26768,37
26769,30
26770,61
26772,56
26774,79
26775,95
26778,86
26779,57
26781,42
26782,44
26783,41
26785,99
26787,99
26788,99
26789,87
26790,99
26791,38
26792,99
26793,99
26794,50
26795,44
26796,38
26797,80
26798,40
26799,35
26800,64
26801,89
26802,99
26803,99
26805,99
26828,37
26829,76
26830,76
26831,38
26832,38
26833,99
26834,99
26835,22
26836,79
26837,63
26838,47
26839,28
26840,21
26841,89
26842,51
26843,25
26844,42
26847,37
26849,18
26851,15
26852,44
26853,80
26854,7
26855,56
26856,56
26857,74
26858,27
26860,51
26861,38
26862,7
26864,98
26865,37
26867,56
26869,85
26870,33
26874,76
26875,86
26878,34
26879,12
26880,48
26881,26
26882,44
26883,56
26884,12
26885,74
26889,43
26890,16
26892,41
26893,20
26895,16
26896,61
26897,61
26898,61
26899,61
26900,95
26901,53
26902,17
26903,64
26905,62
26906,90
26907,60
26908,28
26909,18
26910,2
26911,59
26912,45
26916,98
26917,82
26918,98
26919,8
26923,79
26924,84
26925,33
26928,93
26930,12
26933,15
26934,62
26935,64
26936,56
26937,4
26938,20
26939,46
26940,45
26941,44
26942,51
26944,3
26945,66
26946,9
26948,63
26950,80
26951,59
26952,7
26953,17
26954,39
26955,56
26956,25
26957,56
26958,9
26960,7
26962,29
26963,36
26965,35
26966,56
26967,56
26968,56
26969,30
26973,17
26974,89
26975,64
26977,17
26978,18
26980,13
26981,20
26982,22
26984,59
26985,92
26986,76
26987,59
26989,44
26990,20
26991,8
26992,16
26993,17
26994,17
26995,82
26996,50
26998,85
26999,85
27000,72
27001,92
27002,95
27003,61
27004,61
27005,61
27006,61
27007,61
27008,61
27009,61
27010,61
27011,61
27012,31
27013,44
27014,42
27015,81
27019,7
27020,52
27021,27
27022,40
27024,98
27025,13
27027,46
27028,54
27030,54
27032,77
27035,77
27039,58
27045,58
27050,32
27051,59
27052,17
27053,56
27055,30
27056,47
27057,48
27058,35
27061,82
27063,22
27065,64
27066,64
27067,16
27068,97
27069,38
27070,63
27071,1
27072,49
27074,47
27075,74
27076,31
27077,27
27078,31
27079,49
27080,2
27083,63
27085,3
27086,43
27089,44
27090,7
27093,17
27094,17
27095,17
27096,17
27097,17
27098,77
27099,4
27101,41
27102,75
27103,87
27106,77
27109,39
27110,56
27111,27
27112,74
27113,85
27114,84
27115,59
27116,85
27117,95
27118,36
27125,28
27126,12
27127,42
27128,21
27129,99
27130,51
27135,4
27136,42
27137,77
27138,39
27139,38
27141,40
27143,44
27146,89
27147,33
27149,53
27150,59
27151,9
27152,42
27153,13
27154,80
27157,74
27160,75
27161,1
27162,17
27163,15
27164,35
27168,70
27169,94
27173,42
27174,22
27175,24
27176,24
27177,35
27179,38
27180,85
27181,79
27182,38
27183,51
27187,91
27188,44
27189,22
27190,3
27192,63
27193,12
27194,51
27195,24
27196,89
27197,20
27198,1
27199,38
27200,72
27201,10
27202,76
27203,11
27209,33
27210,13
27211,92
27212,70
27213,23
27221,38
27222,92
27223,17
27224,15
27225,1
27226,48
27228,72
27229,12
27230,83
27231,35
27232,59
27233,84
27234,13
27235,68
27237,20
27238,77
27239,3
27240,65
27243,20
27244,9
27245,55
27246,22
27248,44
27250,27
27251,92
27252,97
27253,31
27256,95
27257,77
27258,14
27259,83
27260,84
27261,37
27262,36
27264,88
27265,34
27266,18
27268,51
27270,20
27271,10
27272,17
27273,10
27274,64
27275,38
27277,32
27279,2
27280,18
27284,85
27285,32
27286,77
27287,71
27288,76
27289,96
27293,31
27297,98
27298,77
27299,38
27300,59
27305,48
27306,95
27307,44
27312,65
27316,20
27317,7
27318,68
27320,8
27321,74
27322,45
27323,37
27324,7
27325,0
27327,64
27333,38
27336,38
27337,37
27338,86
27339,16
27340,51
27341,36
27342,76
27343,17
27344,20
27346,3
27347,84
27348,84
27349,20
27351,26
27352,59
27353,35
27354,4
27355,59
27356,60
27357,2
27360,30
27362,13
27363,76
27365,44
27366,87
27367,51
27368,89
27370,38
27371,31
27372,31
27373,37
27374,59
27375,80
27377,94
27378,28
27382,22
27383,56
27384,47
27385,47
27386,18
27391,57
27392,56
27393,44
27394,27
27395,33
27396,99
27400,25
27401,99
27404,42
27405,99
27406,99
27407,99
27408,99
27409,99
27410,96
27411,15
27421,30
27422,42
27423,70
27424,24
27425,49
27426,92
27430,31
27431,95
27432,91
27434,44
27435,20
27436,15
27437,59
27438,59
27439,59
27440,30
27441,24
27442,53
27444,44
27445,43
27447,59
27448,35
27449,76
27450,46
27452,84
27453,59
27454,94
27455,86
27456,3
27457,38
27458,69
27460,26
27461,93
27462,56
27463,3
27464,56
27465,32
27466,84
27467,72
27468,77
27469,77
27471,16
27472,3
27473,38
27474,38
27475,59
27476,82
27477,28
27478,54
27479,54
27480,54
27481,27
27482,95
27484,53
27485,88
27488,47
27491,44
27492,56
27493,30
27494,98
27495,92
27496,36
27499,72
27500,20
27501,36
27502,34
27503,42
27504,62
27505,59
27506,63
27507,37
27508,47
27509,84
27510,26
27511,59
27513,27
27514,26
27515,45
27516,4
27517,63
27518,4
27519,89
27520,9
27521,59
27522,59
27523,33
27524,60
27525,85
27526,89
27527,79
27528,79
27529,83
27530,24
27531,11
27533,85
27534,38
27537,0
27538,61
27547,75
27548,21
27549,33
27550,37
27551,65
27552,10
27553,46
27554,85
27556,42
27557,68
27558,84
27559,84
27560,84
27561,3
27562,67
27563,20
27564,71
27567,74
27568,42
27569,13
27570,36
27571,18
27572,60
27575,0
27576,71
27577,38
27578,42
27579,13
27580,46
27583,54
27584,92
27585,13
27586,12
27587,65
27588,56
27589,45
27591,37
27594,42
27595,25
27597,45
27600,81
27601,62
27602,53
27603,91
27604,89
27605,61
27606,54
27607,17
27609,56
27611,52
27612,57
27613,94
27614,61
27615,57
27616,35
27618,92
27620,13
27621,15
27622,15
27624,63
27629,46
27630,17
27631,56
27632,77
27633,25
27635,28
27638,84
27639,55
27642,77
27643,0
27645,56
27646,34
27647,36
27648,36
27649,18
27650,74
27651,95
27654,26
27660,2
27661,93
27662,19
27663,99
27665,56
27666,92
27667,19
27669,23
27670,10
27673,69
27674,86
27675,84
27676,84
27677,38
27678,92
27679,86
27680,86
27681,35
27682,44
27683,11
27684,22
27687,77
27688,45
27690,1
27692,65
27693,71
27696,56
27697,57
27698,89
27699,36
27700,38
27701,27
27702,17
27703,36
27704,46
27705,33
27706,18
27707,18
27709,37
27710,95
27711,0
27712,85
27713,79
27714,50
27716,95
27717,36
27718,76
27722,33
27724,65
27726,10
27727,98
27728,4
27730,44
27731,38
27732,70
27733,27
27735,38
27737,49
27739,99
27740,11
27741,57
27742,8
27743,27
27744,94
27745,95
27746,8
27747,13
27748,79
27749,84
27750,13
27751,86
27752,63
27754,3
27755,20
27756,56
27758,36
27759,73
27761,91
27763,9
27764,74
27765,22
27766,53
27767,14
27770,47
27771,44
27776,98
27777,47
27778,21
27779,57
27780,7
27781,99
27784,82
27785,45
27786,22
27787,31
27789,33
27790,8
27792,35
27793,74
27794,33
27795,11
27796,11
27797,56
27798,7
27799,6
27801,4
27802,84
27804,17
27805,16
27810,72
27811,41
27812,11
27813,85
27814,11
27815,52
27817,10
27818,52
27819,68
27821,20
27823,71
27824,33
27826,74
27827,82
27829,18
27830,20
27832,77
27834,74
27838,37
27839,48
27842,23
27848,69
27849,99
27850,17
27851,57
27852,20
27853,83
27856,37
27857,37
27860,85
27861,42
27862,21
27863,8
27864,99
27865,45
27866,12
27867,19
27868,40
27869,20
27870,38
27872,0
27873,53
27874,27
27877,51
27879,31
27880,94
27881,53
27882,73
27884,82
27885,82
27886,35
27887,32
27888,1
27889,69
27890,17
27893,30
27894,82
27897,22
27901,26
27902,32
27903,74
27906,7
27907,7
27908,86
27909,7
27910,22
27911,59
27912,98
27913,59
27916,74
27917,80
27918,17
27920,2
27921,56
27922,3
27923,17
27924,85
27925,70
27926,27
27929,94
27930,62
27932,79
27933,32
27934,37
27935,85
27939,51
27942,28
27943,79
27944,79
27947,79
27948,89
27949,92
27950,82
27951,92
27952,3
27953,31
27954,8
27957,89
27958,91
27962,85
27963,8
27965,33
27966,22
27967,30
27968,56
27969,83
27971,38
27975,40
27977,54
27978,26
27980,59
27981,59
27982,7
27983,92
27984,17
27985,17
27986,7
27987,17
27988,53
27990,37
27991,3
27993,16
27995,46
27996,59
27997,76
27998,33
27999,88
28000,31
28001,31
28003,30
28004,60
28006,85
28007,71
28008,16
28010,31
28011,21
28012,36
28013,60
28015,51
28016,84
28017,1
28019,32
28020,63
28021,92
28022,16
28023,51
28024,51
28025,7
28026,34
28027,59
28028,29
28030,56
28031,56
28032,48
28033,59
28034,27
28036,8
28037,91
28038,17
28039,63
28040,91
28041,99
28043,38
28045,56
28046,46
28047,56
28048,25
28050,63
28051,10
28052,95
28053,31
28054,87
28056,34
28057,60
28058,23
28059,59
28060,12
28062,56
28063,56
28064,41
28065,21
28066,18
28067,31
28069,82
28070,70
28071,33
28072,84
28073,27
28074,37
28075,18
28076,49
28077,3
28079,2
28084,33
28087,14
28088,94
28089,22
28090,68
28091,37
28092,30
28093,33
28094,72
28096,74
28097,8
28098,57
28099,35
28101,70
28102,93
28103,20
28104,18
28105,80
28107,68
28108,60
28109,77
28110,57
28111,56
28112,94
28115,35
28116,12
28117,84
28118,44
28119,56
28123,70
28125,57
28126,18
28129,71
28130,71
28131,71
28132,71
28133,71
28134,71
28135,71
28136,71
28137,71
28138,71
28139,71
28140,71
28141,71
28142,71
28143,71
28145,12
28146,8
28147,79
28148,14
28149,80
28152,41
28156,56
28157,46
28158,83
28160,95
28161,33
28162,93
28163,20
28164,33
28165,3
28166,77
28167,85
28169,96
28170,14
28171,12
28172,20
28173,2
28174,54
28177,40
28178,83
28179,92
28180,70
28183,14
28184,38
28185,71
28186,71
28187,88
28188,88
28189,4
28190,65
28191,95
28192,3
28193,3
28194,61
28196,71
28197,14
28198,57
28199,96
28203,74
28204,3
28205,31
28208,20
28209,63
28213,71
28214,61
28215,44
28216,79
28218,99
28219,34
28221,92
28222,42
28223,95
28225,54
28226,12
28228,70
28229,33
28232,10
28234,62
28235,22
28236,93
28237,37
28239,95
28240,43
28241,12
28242,14
28244,44
28245,63
28246,71
28247,28
28248,20
28250,71
28251,63
28252,34
28253,95
28255,4
28256,20
28257,12
28260,38
28261,71
28262,20
28263,74
28264,33
28265,71
28266,47
28267,43
28268,73
28269,51
28270,69
28271,16
28272,29
28273,60
28274,28
28275,71
28276,62
28277,83
28278,45
28282,65
28283,46
28284,89
28285,36
28287,99
28288,53
28289,2
28291,59
28292,59
28293,3
28294,53
28295,0
28297,18
28298,83
28299,74
28300,71
28301,37
28302,3
28303,70
28304,71
28305,94
28306,57
28307,57
28308,57
28309,15
28311,61
28312,20
28313,71
28314,72
28315,2
28316,60
28318,71
28319,12
28320,53
28322,79
28323,27
28324,30
28326,85
28327,80
28328,2
28329,27
28330,8
28331,92
28333,76
28334,65
28335,77
28336,52
28337,33
28338,8
28339,20
28340,27
28342,52
28344,71
28345,16
28346,25
28347,71
28349,74
28350,31
28351,3
28352,24
28353,71
28356,59
28357,91
28359,11
28360,30
28361,45
28362,71
28363,76
28365,89
28366,94
28367,60
28369,26
28375,99
28376,1
28377,12
28378,94
28379,59
28380,81
28381,70
28382,30
28383,59
28384,31
28385,92
28386,41
28387,7
28388,4
28389,80
28390,79
28391,41
28392,30
28393,31
28394,95
28395,71
28396,53
28398,47
28399,10
28400,43
28401,18
28402,63
28404,71
28405,61
28406,63
28407,64
28409,89
28410,71
28413,69
28415,10
28416,20
28417,71
28418,59
28419,55
28420,73
28421,73
28422,51
28423,71
28424,29
28425,17
28426,43
28428,79
28431,17
28432,53
28433,46
28434,88
28435,62
28436,8
28437,25
28438,56
28439,1
28440,16
28441,3
28442,86
28443,93
28444,37
28445,96
28446,7
28447,80
28448,17
28449,86
28450,56
28451,25
28452,55
28453,56
28454,59
28455,73
28456,73
28457,68
28458,63
28459,37
28460,56
28461,1
28462,1
28463,37
28464,26
28465,37
28466,74
28467,70
28468,50
28470,30
28471,81
28472,95
28474,61
28475,61
28476,61
28477,61
28478,61
28479,26
28480,33
28481,83
28482,59
28483,62
28484,11
28486,44
28487,38
28488,10
28489,85
28490,74
28491,55
28492,16
28493,74
28495,15
28496,89
28497,72
28498,34
28499,95
28500,21
28501,8
28502,59
28503,80
28504,17
28505,70
28506,53
28507,20
28508,3
28509,37
28510,53
28511,95
28512,1
28513,75
28514,62
28515,43
28516,43
28517,1
28518,56
28521,93
28522,93
28524,92
28527,2
28528,37
28529,48
28530,32
28531,86
28532,52
28533,46
28535,44
28536,26
28537,85
28538,93
28540,43
28541,50
28543,56
28544,16
28545,76
28546,46
28547,26
28548,4
28549,79
28550,56
28551,59
28552,92
28553,74
28554,56
28555,46
28556,63
28557,24
28558,84
28561,46
28562,23
28563,68
28564,17
28565,92
28566,17
28567,15
28569,77
28570,28
28571,83
28572,95
28573,4
28574,17
28575,89
28576,89
28577,42
28579,62
28580,42
28583,56
28585,59
28586,92
28587,53
28589,94
28590,16
28591,38
28593,43
28594,64
28595,33
28596,30
28597,7
28598,20
28599,85
28600,53
28601,18
28607,89
28608,44
28609,60
28612,68
28613,28
28614,53
28615,76
28616,91
28617,56
28618,31
28619,44
28621,69
28625,86
28627,95
28628,44
28629,1
28630,36
28631,93
28632,45
28633,13
28634,18
28635,13
28636,85
28637,93
28638,59
28641,8
28642,17
28643,56
28644,56
28645,56
28646,25
28647,56
28648,94
28649,96
28650,56
28651,94
28652,17
28653,15
28654,17
28655,17
28656,7
28657,49
28659,45
28660,74
28662,37
28663,59
28665,38
28666,38
28667,67
28668,18
28669,18
28670,95
28671,3
28672,18
28673,18
28674,84
28675,59
28676,65
28677,18
28678,18
28679,92
28680,92
28681,55
28682,92
28683,16
28684,69
28686,68
28687,24
28688,62
28689,76
28690,84
28693,59
28694,17
28695,74
28696,11
28697,92
28698,56
28699,20
28700,91
28701,15
28703,74
28704,95
28705,44
28706,98
28708,8
28709,8
28710,18
28711,34
28712,50
28713,37
28716,74
28717,37
28719,27
28720,49
28721,49
28722,24
28723,74
28724,92
28725,37
28726,74
28727,17
28728,86
28729,27
28730,64
28735,86
28736,20
28740,17
28741,17
28742,75
28743,17
28744,99
28745,24
28747,58
28748,7
28749,17
28750,95
28752,28
28757,17
28758,46
28760,58
28763,80
28764,64
28765,43
28766,8
28767,44
28768,3
28769,17
28770,87
28771,24
28772,99
28773,46
28774,38
28775,81
28776,17
28777,71
28778,71
28780,33
28783,27
28784,13
28790,71
28791,2
28796,98
28802,3
28803,58
28804,92
28805,92
28812,63
28813,74
28814,13
28815,35
28816,29
28817,38
28818,38
28819,17
28820,16
28821,58
28822,58
28823,58
28824,38
28825,99
28826,38
28830,38
28831,31
28832,44
28833,71
28834,87
28835,99
28846,3
28847,24
28848,59
28849,7
28850,6
28851,10
28852,40
28853,74
28854,17
28855,17
28856,92
28857,7
28858,49
28859,31
28860,31
28861,17
28862,1
28864,40
28870,17
28871,84
28873,59
28874,40
28875,11
28876,84
28877,29
28878,17
28879,47
28880,60
28881,71
28882,71
28883,44
28884,46
28885,3
28886,17
28887,92
28889,17
28890,8
28892,56
28893,56
28894,56
28895,71
28896,48
28897,40
28898,58
28899,42
28900,54
28901,89
28903,38
28905,58
28906,82
28915,17
28921,11
28922,56
28923,71
28924,56
28925,37
28926,41
28931,74
28932,72
28933,56
28934,96
28935,0
28936,44
28948,85
28950,12
28951,83
28952,74
28953,56
28954,56
28955,7
28956,59
28957,29
28958,62
28959,75
28960,62
28961,43
28964,62
28966,17
28969,58
28970,58
28972,58
28973,14
28974,17
28975,71
28976,35
28979,74
28980,13
28981,96
28982,16
28983,63
28984,71
28985,99
28986,38
28987,59
28988,93
28989,59
28990,26
28991,89
28992,31
28994,8
28995,20
28996,92
28997,73
28998,11
28999,1
29000,48
29001,3
29002,71
29003,31
29004,49
29005,92
29007,55
29008,3
29009,71
29010,20
29016,71
29018,45
29019,56
29020,13
29021,3
29022,80
29023,62
29024,27
29025,97
29026,71
29027,44
29028,59
29029,33
29030,29
29031,13
29033,73
29034,71
29038,25
29041,85
29042,28
29043,71
29045,12
29046,44
29047,7
29048,64
29050,71
29051,42
29053,44
29054,20
29055,95
29056,63
29057,64
29058,64
29059,44
29060,44
29063,4
29064,68
29065,95
29066,71
29067,26
29068,8
29069,44
29070,4
29071,37
29072,30
29073,53
29074,50
29076,43
29077,53
29080,20
29083,70
29084,55
29085,15
29086,40
29087,71
29088,17
29089,99
29090,99
29091,99
29092,99
29093,59
29096,20
29098,40
29099,71
29100,48
29103,38
29104,82
29106,43
29107,46
29108,71
29109,18
29110,52
29111,3
29112,77
29113,59
29115,71
29116,99
29117,89
29118,44
29119,59
29121,88
29122,40
29123,38
29124,38
29125,47
29128,85
29129,17
29130,17
29131,59
29132,56
29133,56
29134,71
29135,56
29136,71
29138,56
29139,56
29140,56
29141,40
29142,25
29143,18
29145,15
29146,44
29147,8
29148,71
29149,56
29150,73
29151,20
29152,51
29153,74
29154,71
29155,62
29156,58
29157,42
29158,66
29159,56
29160,56
29162,33
29163,8
29165,50
29166,68
29167,67
29168,56
29170,56
29171,17
29172,95
29173,33
29174,71
29177,25
29178,29
29180,71
29181,25
29183,62
29184,66
29185,83
29186,83
29187,36
29188,79
29189,15
29190,25
29193,56
29194,56
29195,56
29196,56
29197,97
29198,56
29199,31
29200,71
29201,40
29202,44
29203,17
29204,25
29205,56
29206,56
29207,37
29209,56
29210,38
29211,89
29212,23
29214,47
29215,35
29217,30
29218,36
29219,34
29220,85
29221,10
29222,10
29223,2
29224,2
29225,83
29226,2
29227,2
29228,10
29229,31
29230,82
29231,94
29232,55
29233,84
29234,51
29236,36
29237,80
29238,71
29239,36
29240,56
29241,77
29242,82
29244,35
29245,59
29246,36
29247,69
29248,32
29249,71
29250,47
29252,12
29253,63
29254,3
29255,56
29256,89
29257,70
29258,45
29259,8
29260,79
29261,73
29262,36
29263,9
29264,41
29265,12
29266,59
29268,18
29269,42
29270,12
29271,56
29272,56
29273,98
29274,37
29276,89
29277,27
29278,43
29280,34
29281,28
29283,44
29284,37
29285,27
29286,63
29287,72
29288,26
29290,56
29291,7
29292,89
29293,44
29294,95
29295,92
29296,20
29297,92
29298,44
29299,44
29300,41
29303,56
29304,91
29305,82
29306,27
29307,79
29308,56
29309,44
29310,44
29311,48
29312,27
29313,41
29314,84
29315,37
29316,97
29317,90
29318,61
29319,93
29321,44
29322,44
29323,7
29324,99
29326,44
29328,56
29329,55
29331,33
29333,12
29334,95
29335,27
29337,72
29338,12
29339,11
29340,12
29341,12
29343,8
29344,36
29345,98
29346,68
29348,46
29349,32
29350,23
29351,30
29352,73
29353,90
29354,56
29355,56
29356,56
29357,74
29358,69
29360,92
29361,34
29362,79
29363,80
29364,89
29365,99
29366,37
29367,74
29368,31
29370,51
29372,89
29373,8
29374,3
29375,77
29378,24
29379,95
29380,92
29381,58
29382,68
29383,42
29384,56
29385,12
29386,74
29387,41
29388,35
29389,44
29390,56
29391,70
29393,89
29395,66
29399,20
29400,33
29401,44
29402,47
29403,54
29404,74
29405,25
29406,59
29407,59
29408,44
29410,44
29411,19
29412,20
29413,7
29414,79
29415,92
29416,44
29418,56
29419,80
29420,27
29421,44
29422,81
29423,52
29424,58
29425,80
29426,20
29427,4
29430,58
29431,58
29432,25
29433,64
29434,58
29437,25
29438,31
29439,0
29440,58
29441,20
29443,12
29444,28
29445,56
29446,56
29447,3
29448,90
29449,20
29450,20
29451,20
29452,43
29453,33
29454,30
29455,44
29456,80
29457,44
29458,56
29459,58
29460,31
29461,77
29462,7
29463,60
29466,44
29467,58
29468,97
29469,97
29470,69
29471,90
29472,80
29473,67
29475,90
29477,38
29478,18
29479,59
29480,26
29481,37
29482,31
29483,3
29485,59
29486,59
29487,56
29488,44
29489,31
29491,30
29492,56
29493,31
29494,46
29496,95
29498,33
29499,89
29500,85
29501,14
29502,27
29503,56
29504,25
29505,89
29508,89
29509,56
29510,69
29512,43
29513,31
29515,38
29516,36
29517,60
29518,30
29519,55
29521,38
29522,30
29524,33
29525,56
29527,20
29528,17
29531,38
29532,51
29533,48
29534,23
29535,56
29540,20
29541,60
29542,82
29543,27
29544,94
29545,97
29546,89
29547,99
29548,56
29551,72
29552,69
29554,95
29555,79
29556,50
29557,20
29558,86
29559,56
29560,75
29561,59
29562,89
29563,40
29564,42
29566,76
29568,37
29569,33
29570,37
29571,59
29572,59
29573,85
29574,88
29575,66
29577,97
29578,56
29579,56
29580,37
29581,93
29582,45
29583,41
29586,64
29587,38
29588,62
29589,41
29591,97
29593,92
29594,86
29595,3
29596,92
29597,17
29598,17
29599,56
29600,8
29601,56
29602,59
29603,88
29604,8
29605,52
29606,98
29607,56
29608,41
29609,42
29611,88
29612,79
29614,56
29615,13
29616,35
29617,16
29618,56
29619,56
29620,56
29621,7
29622,18
29623,56
29624,13
29625,56
29626,71
29628,59
29629,33
29630,8
29631,84
29632,56
29633,77
29634,34
29635,8
29637,53
29638,59
29639,89
29641,89
29642,59
29643,56
29644,22
29646,37
29647,75
29649,38
29650,62
29652,30
29653,95
29654,70
29655,36
29656,59
29657,37
29658,53
29659,64
29660,41
29662,56
29664,61
29665,64
29666,18
29667,7
29668,59
29669,30
29670,33
29671,37
29672,72
29673,89
29674,89
29675,56
29676,56
29678,26
29679,30
29680,56
29681,95
29682,10
29683,17
29684,10
29685,12
29686,62
29687,46
29688,40
29689,46
29690,60
29691,40
29692,2
29693,92
29694,59
29695,37
29696,16
29697,59
29698,56
29699,37
29700,98
29701,79
29702,25
29704,33
29705,17
29710,48
29711,15
29713,29
29714,14
29715,37
29716,45
29717,44
29718,77
29720,56
29721,33
29722,57
29723,23
29724,64
29725,76
29726,37
29727,90
29728,55
29729,37
29730,55
29732,38
29733,89
29734,28
29735,25
29736,36
29737,45
29739,81
29741,36
29742,56
29743,37
29744,74
29745,10
29747,42
29748,59
29749,56
29750,56
29751,37
29752,29
29753,37
29754,95
29756,65
29757,77
29759,51
29760,37
29761,38
29762,24
29763,70
29764,86
29765,54
29766,37
29767,36
29768,56
29771,25
29773,72
29774,22
29776,94
29777,73
29778,42
29779,28
29782,28
29784,28
29785,28
29786,41
29787,60
29788,28
29789,56
29790,56
29791,56
29792,59
29793,56
29794,56
29795,95
29797,18
29798,42
29801,54
29807,28
29808,37
29809,56
29810,63
29811,74
29812,74
29813,92
29815,31
29816,40
29817,62
29818,59
29820,53
29821,88
29822,25
29824,85
29827,93
29828,91
29829,7
29832,56
29838,28
29839,32
29840,24
29841,89
29842,79
29847,37
29848,56
29849,2
29850,31
29851,37
29852,33
29853,95
29854,15
29855,20
29858,52
29859,17
29860,37
29861,63
29862,37
29863,3
29865,37
29866,93
29867,61
29868,37
29869,89
29870,63
29875,43
29876,56
29877,33
29878,63
29879,99
29880,37
29881,89
29882,56
29883,52
29885,27
29886,27
29888,80
29889,56
29890,37
29891,37
29892,17
29893,18
29894,7
29895,89
29896,63
29897,56
29899,63
29902,37
29903,63
29904,51
29906,51
29907,51
29908,56
29909,85
29910,56
29911,36
29912,20
29913,28
29914,28
29915,21
29916,97
29917,20
29919,56
29921,72
29926,77
29927,12
29928,75
29929,13
29930,30
29931,56
29932,7
29934,77
29936,56
29938,52
29939,72
29940,56
29942,14
29945,37
29947,56
29948,56
29949,31
29951,64
29952,2
29953,89
29954,56
29958,62
29959,36
29962,56
29963,56
29964,94
29965,44
29966,44
29969,52
29970,55
29971,26
29972,31
29973,31
29975,25
29976,56
29978,13
29980,3
29981,63
29982,55
29983,71
29984,9
29987,56
29988,52
29989,56
29990,25
29991,86
29992,30
29993,98
29994,56
30000,32
30001,77
30002,44
30003,80
30004,56
30006,37
30007,92
30010,56
30011,12
30012,73
30014,56
30015,25
30016,46
30017,3
30018,30
30019,56
30020,72
30022,91
30023,38
30024,72
30025,51
30026,13
30028,59
30029,56
30031,37
30033,30
30034,56
30035,56
30036,8
30037,37
30038,38
30039,27
30040,95
30041,49
30044,56
30045,25
30047,12
30048,36
30050,3
30051,63
30054,95
30055,77
30056,30
30057,7
30058,31
30059,43
30061,20
30062,56
30063,56
30064,84
30065,79
30066,77
30072,47
30073,54
30074,37
30075,37
30076,36
30081,36
30082,60
30083,73
30085,18
30086,56
30087,37
30088,17
30089,37
30090,37
30092,37
30093,16
30094,17
30095,37
30096,33
30098,51
30099,79
30100,1
30101,38
30102,26
30103,32
30105,36
30106,15
30107,89
30108,37
30109,87
30110,37
30111,37
30112,77
30113,59
30114,12
30115,15
30116,36
30118,18
30119,20
30120,74
30121,21
30123,25
30124,56
30125,35
30126,20
30127,15
30128,7
30129,72
30130,42
30131,80
30132,26
30133,61
30134,20
30135,15
30136,18
30137,93
30138,7
30139,27
30140,44
30141,36
30142,90
30143,17
30145,47
30146,92
30147,92
30148,92
30149,92
30150,89
30151,53
30152,11
30153,11
30154,11
30155,28
30157,36
30158,50
30159,45
30160,20
30162,79
30166,56
30167,46
30168,8
30169,3
30170,56
30172,75
30173,18
30174,11
30177,56
30178,63
30179,12
30180,51
30181,40
30182,30
30183,37
30184,38
30185,99
30186,67
30187,33
30188,91
30189,56
30190,93
30191,15
30192,72
30193,37
30194,18
30197,27
30198,38
30199,56
30200,20
30201,15
30202,20
30203,20
30204,20
30205,45
30206,18
30207,20
30208,20
30209,26
30210,26
30212,59
30214,25
30215,51
30216,20
30217,40
30218,26
30219,20
30220,51
30221,32
30222,36
30223,77
30224,3
30225,38
30227,88
30228,37
30230,95
30231,31
30233,72
30234,56
30235,99
30236,37
30238,89
30239,74
30240,56
30241,20
30242,44
30243,68
30244,42
30245,37
30246,64
30247,37
30248,51
30249,32
30250,20
30251,56
30252,26
30253,42
30254,93
30255,56
30256,20
30257,96
30258,95
30259,56
30260,40
30261,37
30262,13
30263,7
30264,12
30265,36
30266,15
30267,59
30269,13
30270,37
30271,10
30272,74
30273,94
30274,15
30276,98
30278,43
30279,98
30282,99
30283,56
30284,46
30285,12
30286,37
30287,2
30288,56
30290,75
30291,85
30292,77
30293,21
30294,15
30295,89
30296,8
30297,40
30298,27
30299,16
30300,0
30301,79
30302,37
30303,44
30304,90
30305,56
30306,20
30307,44
30308,44
30309,8
30310,40
30311,44
30312,76
30313,59
30314,73
30315,75
30316,51
30318,59
30319,59
30320,27
30321,40
30322,44
30323,18
30324,16
30325,51
30326,15
30327,69
30328,3
30329,56
30330,56
30332,38
30333,17
30334,44
30335,17
30336,15
30337,76
30338,90
30339,44
30340,16
30342,98
30343,80
30344,94
30347,42
30348,56
30349,62
30350,42
30351,22
30352,59
30353,90
30354,85
30356,17
30357,38
30358,88
30361,25
30362,26
30364,84
30365,16
30366,37
30367,62
30368,57
30370,26
30371,56
30372,85
30373,69
30374,15
30375,89
30376,74
30377,27
30378,17
30379,56
30380,56
30381,25
30382,25
30383,25
30384,46
30385,23
30386,56
30387,92
30388,52
30389,26
30390,75
30391,38
30392,33
30393,15
30394,17
30396,15
30397,42
30398,56
30399,56
30400,92
30401,17
30402,37
30403,20
30405,56
30406,31
30408,44
30409,26
30410,26
30411,80
30412,34
30414,30
30415,36
30416,56
30417,73
30418,24
30419,8
30420,98
30421,88
30422,54
30426,24
30427,44
30428,92
30429,81
30431,90
30432,45
30433,8
30434,90
30435,94
30436,37
30437,56
30438,56
30439,1
30440,76
30441,21
30442,0
30443,36
30444,51
30445,74
30446,17
30447,70
30448,37
30449,20
30450,33
30451,99
30452,56
30453,86
30454,25
30455,99
30457,87
30458,44
30459,50
30463,17
30464,37
30466,37
30468,56
30469,92
30470,31
30471,59
30472,51
30474,56
30475,56
30476,56
30477,33
30478,21
30479,17
30480,80
30481,38
30482,22
30483,37
30485,59
30486,1
30487,11
30488,99
30489,73
30490,91
30491,56
30492,30
30493,44
30494,24
30495,81
30496,7
30497,90
30498,92
30499,20
30500,56
30501,38
30502,85
30503,27
30504,38
30505,88
30506,89
30507,12
30508,8
30509,27
30511,32
30522,63
30523,32
30524,37
30526,51
30527,15
30528,56
30529,89
30530,7
30531,18
30532,56
30533,40
30534,30
30537,3
30538,89
30539,25
30540,76
30541,79
30542,33
30545,18
30546,31
30547,3
30548,53
30549,2
30550,82
30551,80
30552,32
30554,17
30555,92
30556,11
30557,8
30558,59
30559,74
30560,34
30561,26
30562,51
30563,89
30564,96
30565,8
30567,59
30568,24
30569,30
30572,59
30573,20
30574,59
30575,30
30576,14
30577,72
30578,59
30579,26
30580,72
30581,84
30583,56
30584,10
30585,0
30586,33
30588,17
30589,2
30590,46
30591,46
30593,30
30594,61
30595,61
30596,22
30597,41
30598,15
30599,38
30600,37
30601,11
30606,16
30607,42
30608,26
30609,20
30610,89
30611,36
30612,13
30617,37
30618,37
30619,26
30620,23
30621,23
30622,15
30623,41
30624,69
30625,30
30626,32
30627,37
30629,17
30630,63
30632,31
30634,53
30635,72
30636,33
30637,2
30639,43
30640,37
30641,61
30642,37
30643,15
30644,61
30645,74
30646,63
30647,33
30648,7
30649,56
30650,15
30651,53
30652,48
30653,37
30656,38
30657,18
30659,99
30660,79
30661,8
30662,70
30664,97
30665,45
30666,32
30667,3
30668,37
30669,38
30670,56
30671,13
30672,38
30673,56
30674,95
30675,18
30676,77
30677,32
30678,80
30679,44
30680,56
30681,74
30682,60
30683,56
30684,83
30685,54
30686,17
30687,38
30688,77
30689,44
30690,80
30691,56
30692,37
30693,51
30694,30
30697,27
30698,22
30700,15
30701,81
30704,15
30705,44
30706,28
30707,84
30708,53
30709,20
30710,45
30711,29
30712,44
30713,37
30714,13
30715,56
30717,60
30718,20
30720,24
30721,29
30722,56
30723,87
30724,37
30726,80
30727,86
30728,56
30729,15
30730,38
30731,89
30732,37
30733,37
30734,21
30736,37
30737,8
30739,30
30740,26
30742,44
30743,81
30744,15
30745,15
30746,33
30747,95
30749,29
30750,63
30752,84
30754,53
30755,53
30756,53
30758,20
30759,76
30760,32
30761,56
30763,56
30764,90
30765,8
30767,56
30768,20
30769,36
30770,44
30772,31
30773,25
30775,28
30776,37
30778,38
30780,31
30791,22
30792,43
30794,82
30795,35
30796,44
30797,44
30798,56
30799,20
30800,74
30802,45
30803,54
30804,51
30807,15
30808,64
30809,69
30810,17
30811,33
30812,12
30813,61
30815,90
30816,44
30817,37
30818,30
30819,60
30820,12
30822,83
30823,13
30824,17
30825,17
30826,59
30827,33
30828,44
30829,71
30830,98
30832,70
30833,33
30834,72
30835,93
30836,33
30837,17
30838,33
30840,17
30841,17
30842,98
30844,70
30845,17
30846,65
30847,54
30848,7
30849,15
30850,77
30851,88
30852,3
30853,94
30854,34
30855,93
30860,92
30861,55
30862,36
30863,97
30864,17
30865,12
30866,11
30867,25
30868,33
30869,44
30870,29
30871,47
30872,31
30873,82
30874,62
30875,96
30876,20
30877,51
30879,18
30880,18
30881,92
30882,18
30884,56
30885,25
30887,13
30888,18
30889,34
30891,16
30893,95
30894,13
30895,51
30896,37
30897,74
30898,40
30899,26
30900,20
30901,25
30902,43
30905,17
30907,43
30908,26
30909,18
30910,33
30911,56
30914,17
30916,40
30924,23
30925,62
30927,44
30931,4
30932,25
30934,10
30935,54
30937,30
30938,17
30939,91
30940,2
30941,0
30942,40
30943,36
30944,2
30948,98
30950,92
30951,22
30952,41
30953,74
30954,7
30955,92
30956,31
30957,8
30958,17
30959,13
30960,44
30961,17
30962,94
30963,16
30964,44
30965,32
30966,92
30967,14
30968,17
30969,86
30970,16
30971,44
30972,90
30973,72
30974,16
30975,64
30976,54
30979,48
30980,93
30981,53
30982,88
30983,77
30985,17
30987,42
30988,44
30989,33
30990,29
30991,49
30992,54
30993,17
30995,18
30997,40
30998,40
30999,40
31003,75
31004,37
31005,1
31006,54
31007,92
31008,44
31009,56
31011,40
31012,7
31015,99
31016,54
31017,51
31018,74
31019,76
31020,40
31021,33
31023,77
31024,23
31025,40
31026,96
31027,98
31028,30
31029,10
31031,91
31033,91
31034,15
31035,40
31036,38
31037,7
31038,56
31039,30
31040,40
31041,13
31043,42
31044,48
31045,51
31046,40
31048,83
31049,83
31050,40
31051,36
31053,88
31055,14
31056,97
31057,16
31061,28
31062,44
31063,40
31064,59
31065,17
31067,8
31068,31
31071,30
31072,15
31073,89
31075,83
31076,28
31078,15
31081,49
31082,7
31083,37
31084,40
31085,36
31086,12
31087,41
31088,40
31089,40
31090,18
31091,62
31092,2
31094,56
31095,59
31096,92
31097,74
31098,40
31099,49
31100,85
31101,13
31102,55
31103,57
31104,89
31105,64
31106,94
31108,89
31109,40
31110,27
31111,27
31112,10
31113,83
31115,12
31116,44
31118,70
31119,30
31121,29
31122,59
31123,56
31124,12
31125,13
31127,51
31128,92
31130,35
31131,35
31132,15
31133,13
31134,59
31135,33
31136,40
31138,80
31139,59
31140,17
31141,40
31142,11
31143,11
31146,59
31147,40
31148,40
31149,40
31151,85
31152,40
31153,90
31155,8
31156,54
31157,26
31158,31
31159,89
31160,70
31161,12
31162,36
31163,89
31165,18
31167,3
31168,56
31169,50
31171,89
31172,99
31173,17
31174,25
31175,40
31177,18
31178,14
31179,77
31180,76
31181,98
31183,51
31184,38
31185,45
31186,68
31187,36
31188,35
31189,16
31191,14
31192,41
31193,89
31194,59
31195,75
31196,45
31200,92
31201,74
31202,76
31203,79
31205,11
31206,83
31207,56
31208,56
31209,72
31210,35
31211,12
31212,62
31214,68
31215,56
31217,1
31219,14
31220,40
31221,40
31222,33
31223,44
31224,40
31225,18
31226,84
31227,59
31228,33
31229,99
31230,79
31231,92
31232,83
31234,18
31235,40
31236,44
31237,40
31238,8
31240,40
31241,44
31242,13
31243,77
31244,17
31245,95
31246,28
31247,34
31248,22
31249,40
31250,23
31251,64
31252,76
31253,60
31254,14
31255,14
31256,83
31257,1
31258,83
31259,17
31261,14
31262,44
31263,4
31265,92
31266,10
31267,40
31268,14
31269,32
31270,2
31271,31
31272,38
31273,42
31274,1
31275,20
31277,8
31278,2
31279,14
31280,40
31282,25
31283,99
31286,90
31287,56
31288,96
31289,96
31290,14
31291,15
31292,32
31293,40
31296,4
31298,14
31299,14
31300,95
31301,14
31302,14
31303,88
31304,88
31305,38
31306,56
31307,25
31308,15
31311,20
31312,86
31313,12
31314,38
31315,14
31316,81
31317,42
31318,35
31319,41
31320,93
31322,14
31323,14
31324,44
31325,40
31326,25
31327,90
31328,14
31329,54
31330,14
31331,14
31332,12
31333,14
31334,40
31335,31
31338,79
31339,83
31340,63
31341,20
31342,24
31343,90
31344,28
31345,53
31349,76
31350,26
31351,35
31352,63
31353,83
31354,20
31355,56
31356,44
31357,56
31358,36
31359,61
31360,8
31361,33
31362,16
31363,96
31364,56
31365,66
31366,92
31367,64
31368,95
31369,89
31370,91
31371,92
31372,93
31373,64
31374,10
31375,37
31377,49
31378,61
31380,59
31381,1
31382,11
31383,95
31384,27
31385,67
31386,85
31387,17
31388,24
31389,17
31390,94
31391,48
31392,56
31393,86
31394,45
31395,27
31396,17
31397,10
31398,61
31399,85
31406,59
31407,77
31408,8
31409,49
31410,43
31411,51
31412,60
31413,35
31414,59
31415,51
31416,93
31417,20
31418,97
31419,17
31420,88
31421,35
31422,15
31423,64
31424,14
31425,14
31426,86
31427,18
31428,28
31429,35
31430,18
31431,72
31439,49
31447,54
31448,40
31449,27
31451,74
31452,17
31453,41
31454,36
31455,36
31456,74
31457,12
31458,40
31462,13
31463,10
31466,24
31467,38
31468,83
31469,76
31470,2
31471,33
31472,1
31473,1
31476,98
31477,98
31478,80
31479,27
31480,15
31481,72
31482,73
31483,3
31484,91
31485,16
31486,24
31487,17
31488,41
31489,93
31490,18
31491,40
31492,37
31493,94
31494,89
31495,3
31496,49
31497,7
31498,17
31499,17
31500,63
31501,44
31502,35
31503,87
31504,89
31506,10
31507,17
31508,79
31510,1
31511,88
31512,37
31513,40
31514,98
31515,98
31516,56
31517,96
31518,82
31519,44
31520,45
31521,92
31522,7
31523,44
31524,59
31525,73
31526,34
31528,82
31529,63
31532,97
31534,55
31535,33
31540,47
31542,0
31543,54
31545,63
31546,63
31547,90
31548,79
31549,83
31550,63
31551,7
31553,48
31554,87
31555,17
31556,92
31557,42
31558,40
31561,37
31563,49
31565,49
31566,83
31567,10
31568,49
31569,36
31570,40
31571,82
31572,96
31574,40
31577,44
31578,33
31579,82
31581,33
31582,34
31583,25
31584,83
31585,56
31586,56
31587,90
31588,56
31589,33
31590,17
31591,38
31592,10
31593,29
31594,98
31595,37
31596,75
31597,56
31598,3
31599,56
31601,25
31602,62
31603,26
31604,18
31605,55
31606,34
31607,62
31608,20
31609,84
31610,35
31611,90
31612,90
31615,89
31616,74
31618,77
31619,25
31620,0
31621,40
31622,11
31623,51
31624,28
31626,90
31627,23
31629,45
31630,68
31632,58
31635,16
31639,54
31640,59
31641,54
31642,16
31643,21
31644,90
31645,45
31646,35
31647,20
31648,25
31650,31
31651,44
31652,44
31655,17
31659,80
31661,44
31662,97
31663,44
31664,90
31665,56
31666,15
31667,10
31668,37
31670,18
31671,63
31672,48
31673,7
31674,40
31675,60
31676,49
31677,13
31678,60
31679,40
31680,56
31681,33
31682,13
31683,40
31684,36
31685,2
31686,25
31687,59
31688,20
31689,56
31690,61
31691,21
31692,44
31697,76
31698,2
31699,15
31700,63
31701,25
31703,56
31704,77
31705,81
31706,99
31708,32
31709,4
31710,4
31711,96
31712,98
31714,51
31715,91
31716,90
31717,70
31718,1
31719,92
31721,73
31722,17
31723,43
31726,99
31728,62
31729,21
31730,40
31731,72
31732,63
31734,18
31735,44
31736,25
31737,56
31738,47
31739,47
31745,70
31747,11
31748,17
31749,78
31750,66
31751,32
31752,91
31754,76
31755,56
31756,77
31758,44
31759,91
31760,54
31761,29
31762,56
31763,48
31764,98
31765,85
31766,8
31767,56
31768,11
31769,41
31770,41
31771,41
31772,41
31773,41
31774,41
31775,41
31776,41
31777,2
31778,56
31779,18
31780,27
31781,13
31782,91
31783,83
31784,62
31785,15
31786,17
31787,3
31788,33
31789,31
31790,63
31791,20
31792,15
31793,54
31794,20
31795,74
31796,11
31798,56
31799,34
31801,59
31804,49
31806,70
31807,79
31809,13
31810,14
31811,42
31813,37
31814,70
31815,90
31816,79
31819,14
31820,37
31821,97
31822,27
31823,41
31824,1
31825,37
31826,15
31827,23
31828,8
31829,26
31830,40
31831,41
31832,62
31833,56
31835,29
31836,76
31837,59
31838,36
31839,14
31840,56
31841,56
31843,88
31844,14
31845,51
31847,3
31848,8
31851,36
31855,54
31857,85
31858,1
31859,52
31860,33
31861,63
31862,87
31864,46
31866,91
31867,83
31868,72
31869,16
31870,59
31871,13
31872,18
31873,0
31874,98
31875,20
31876,26
31877,38
31878,98
31879,93
31880,34
31884,80
31885,26
31886,43
31887,83
31888,45
31889,95
31890,38
31891,31
31892,44
31893,56
31895,41
31896,98
31897,16
31898,43
31899,23
31900,91
31901,0
31902,47
31903,89
31907,95
31908,27
31909,74
31910,9
31912,49
31913,98
31914,41
31915,33
31916,29
31919,98
31920,20
31921,27
31922,90
31923,42
31924,93
31925,18
31926,35
31927,37
31928,68
31929,56
31930,59
31932,56
31933,89
31934,73
31935,26
31936,53
31937,44
31938,51
31940,51
31941,20
31942,65
31943,1
31945,49
31946,66
31948,56
31949,33
31950,54
31951,40
31953,9
31955,95
31956,56
31957,68
31959,99
31960,18
31961,56
31962,56
31963,34
31964,56
31965,97
31966,97
31967,24
31968,38
31969,41
31970,56
31972,83
31973,83
31974,83
31975,56
31976,56
31977,83
31979,44
31980,56
31981,56
31982,55
31984,37
31985,56
31986,44
31987,32
31989,59
31990,95
31991,41
31992,7
31993,57
31994,23
31995,56
31996,57
31997,57
31998,83
31999,73
32000,28
32004,44
32005,29
32006,18
32007,20
32009,49
32010,56
32011,56
32012,7
32013,83
32015,83
32016,26
32017,83
32018,40
32019,41
32021,40
32022,63
32023,34
32024,7
32025,90
32026,90
32027,89
32028,83
32029,90
32030,48
32031,83
32032,90
32033,89
32036,90
32037,28
32038,17
32039,83
32040,90
32041,56
32042,37
32043,83
32044,86
32045,17
32046,49
32047,96
32048,75
32049,91
32050,64
32051,12
32052,13
32053,92
32054,25
32055,56
32057,86
32058,14
32059,17
32060,48
32061,15
32062,15
32063,54
32064,49
32066,35
32067,25
32068,44
32069,3
32070,49
32071,91
32073,83
32074,54
32075,36
32076,56
32077,56
32078,56
32079,56
32080,30
32081,30
32082,37
32083,48
32084,86
32085,29
32086,42
32087,56
32088,44
32089,13
32090,3
32091,24
32092,37
32093,17
32094,92
32095,3
32097,54
32098,12
32099,98
32101,82
32102,91
32103,92
32104,56
32105,36
32106,35
32107,59
32108,44
32109,49
32110,97
32111,83
32112,40
32114,7
32115,37
32116,37
32117,33
32118,89
32119,54
32120,54
32121,54
32122,54
32123,54
32124,44
32125,46
32126,56
32127,56
32128,44
32129,53
32131,56
32132,37
32133,25
32134,90
32135,63
32136,20
32137,29
32139,45
32140,40
32141,64
32142,59
32143,56
32144,29
32145,99
32146,98
32147,54
32148,8
32149,56
32150,56
32151,8
32152,93
32153,38
32154,90
32155,88
32157,18
32158,64
32159,40
32160,56
32161,25
32162,56
32163,92
32164,27
32165,18
32166,13
32167,38
32168,11
32169,15
32170,42
32171,79
32172,74
32173,17
32175,23
32176,20
32177,22
32178,42
32181,90
32182,54
32183,88
32184,24
32185,85
32186,15
32187,40
32188,46
32189,21
32190,99
32191,59
32192,31
32195,83
32196,88
32197,47
32198,33
32199,15
32200,76
32202,48
32203,16
32204,22
32205,64
32206,83
32207,56
32208,44
32209,56
32210,24
32212,90
32213,56
32216,12
32217,72
32219,76
32220,65
32221,33
32222,43
32223,49
32224,85
32225,17
32226,92
32227,80
32228,35
32229,56
32230,56
32231,35
32232,36
32233,99
32234,65
32236,59
32237,90
32238,76
32239,14
32240,17
32241,74
32242,74
32243,90
32246,41
32247,83
32248,34
32249,17
32250,79
32251,79
32252,89
32253,17
32254,56
32255,97
32256,44
32257,9
32258,83
32259,18
32260,9
32261,31
32262,99
32266,56
32267,2
32268,41
32269,17
32270,3
32271,65
32272,44
32273,86
32274,80
32275,38
32276,38
32277,38
32278,18
32279,92
32280,75
32281,25
32282,77
32283,27
32284,25
32285,85
32286,9
32287,56
32288,22
32289,27
32290,13
32291,82
32292,91
32293,56
32294,54
32299,63
32300,32
32301,92
32302,76
32303,56
32307,28
32308,69
32309,8
32310,92
32311,22
32312,17
32313,54
32316,56
32317,44
32318,69
32319,3
32320,51
32321,56
32322,17
32323,17
32324,56
32325,7
32326,69
32327,56
32328,15
32329,17
32330,65
32331,22
32332,96
32333,27
32334,3
32335,98
32336,94
32337,51
32338,7
32339,44
32340,48
32341,2
32342,2
32343,53
32344,56
32345,56
32346,56
32347,56
32350,40
32351,44
32352,30
32353,90
32354,17
32355,74
32356,53
32357,74
32359,44
32360,25
32361,56
32362,51
32363,63
32365,92
32367,21
32368,20
32369,36
32370,96
32371,27
32372,51
32373,38
32374,17
32375,72
32376,40
32377,65
32382,70
32383,17
32384,45
32388,85
32389,74
32390,44
32392,64
32393,17
32394,93
32395,56
32396,56
32397,84
32398,25
32399,13
32400,55
32401,17
32402,74
32403,44
32404,45
32405,45
32406,44
32407,56
32408,96
32409,64
32410,56
32411,44
32412,56
32413,90
32414,55
32415,24
32416,56
32417,17
32418,63
32419,10
32420,22
32421,20
32422,14
32423,54
32424,15
32425,0
32426,40
32427,44
32428,37
32429,59
32430,57
32431,56
32432,1
32433,10
32434,56
32435,8
32436,25
32437,17
32438,20
32439,33
32440,22
32442,93
32443,88
32444,49
32445,38
32446,49
32447,44
32448,25
32449,63
32451,88
32452,24
32453,17
32454,95
32455,57
32456,98
32457,25
32458,38
32459,99
32460,17
32461,91
32462,82
32463,31
32464,18
32465,16
32466,92
32467,74
32468,33
32469,37
32470,76
32471,51
32472,21
32473,44
32474,97
32475,97
32476,74
32477,99
32478,49
32479,63
32482,77
32483,18
32484,25
32485,25
32486,44
32487,25
32488,3
32489,51
32490,97
32491,38
32492,28
32493,38
32495,61
32496,17
32497,89
32498,90
32499,38
32500,14
32501,16
32502,17
32503,38
32504,3
32505,40
32506,61
32507,95
32508,3
32510,96
32511,13
32512,63
32513,3
32514,76
32515,46
32516,7
32517,59
32518,3
32520,92
32521,74
32522,90
32523,24
32524,17
32525,92
32527,97
32528,69
32530,44
32531,44
32532,38
32533,33
32534,70
32535,3
32537,17
32538,37
32539,95
32540,23
32541,56
32542,22
32543,82
32544,25
32545,32
32546,36
32547,20
32548,60
32550,44
32551,56
32552,35
32553,24
32554,95
32555,3
32556,92
32557,45
32558,4
32559,43
32560,15
32561,85
32562,90
32563,44
32564,33
32565,22
32566,94
32567,16
32568,59
32569,43
32570,28
32571,72
32572,72
32573,31
32574,90
32575,17
32576,1
32577,76
32578,20
32579,56
32580,82
32581,70
32582,56
32583,56
32584,56
32587,90
32588,63
32589,52
32590,25
32591,22
32592,56
32593,46
32594,56
32595,41
32596,49
32597,44
32598,74
32600,97
32601,72
32602,34
32603,13
32604,83
32605,40
32606,92
32607,54
32608,12
32609,89
32610,76
32611,41
32612,48
32613,56
32614,79
32615,90
32616,36
32617,36
32618,25
32619,56
32620,3
32622,71
32623,40
32624,53
32625,11
32626,13
32627,53
32628,2
32629,30
32630,43
32631,56
32632,31
32633,44
32635,15
32636,56
32637,25
32638,37
32639,43
32641,44
32642,13
32644,89
32648,2
32649,13
32650,83
32651,92
32652,22
32653,40
32654,25
32655,56
32656,6
32657,90
32658,56
32659,73
32661,51
32662,74
32663,44
32664,25
32665,56
32667,25
32668,49
32669,74
32670,44
32671,76
32672,90
32673,26
32674,26
32675,46
32676,90
32677,77
32678,86
32679,40
32680,56
32681,51
32682,30
32683,90
32684,25
32685,16
32686,56
32687,44
32688,56
32689,54
32690,67
32692,37
32693,37
32695,88
32696,25
32697,90
32698,14
32699,62
32700,53
32701,11
32702,77
32703,18
32704,59
32705,70
32706,25
32707,33
32708,43
32709,44
32710,76
32711,56
32712,56
32713,63
32714,95
32715,53
32716,56
32717,56
32718,56
32719,56
32720,74
32721,31
32722,20
32723,2
32724,25
32725,63
32726,90
32727,63
32728,42
32730,33
32731,92
32732,33
32733,83
32734,25
32735,56
32736,26
32737,90
32738,52
32739,56
32742,17
32743,76
32744,56
32745,44
32746,48
32747,84
32748,90
32749,89
32750,25
32751,56
32752,84
32753,68
32754,44
32755,87
32756,20
32757,37
32758,54
32759,90
32760,56
32761,56
32762,73
32764,56
32765,56
32767,99
32768,8
32769,44
32770,85
32771,60
32772,72
32773,60
32774,60
32775,44
32776,63
32777,56
32778,38
32779,12
32780,25
32781,51
32782,56
32783,48
32784,25
32785,25
32786,43
32787,73
32788,68
32795,33
32800,32
32801,90
32802,25
32803,8
32804,30
32805,25
32806,13
32807,4
32809,42
32810,17
32811,57
32812,42
32813,46
32817,40
32818,21
32819,56
32820,25
32821,97
32822,44
32823,53
32825,82
32826,15
32827,56
32828,90
32829,60
32830,20
32831,16
32832,90
32833,93
32835,34
32836,56
32837,44
32838,68
32839,30
32840,37
32841,20
32842,75
32843,94
32844,18
32845,59
32846,15
32847,44
32848,46
32849,15
32850,25
32853,56
32855,32
32856,8
32857,28
32858,42
32859,90
32860,54
32861,56
32862,29
32863,89
32864,90
32866,44
32867,82
32874,91
32875,84
32876,56
32877,72
32878,44
32879,73
32880,22
32881,85
32882,37
32883,26
32884,11
32885,56
32886,86
32887,15
32888,53
32889,44
32890,56
32891,59
32892,63
32893,43
32894,43
32895,43
32896,22
32897,70
32898,80
32899,56
32900,22
32901,25
32902,0
32903,90
32904,56
32905,90
32906,25
32907,56
32908,4
32909,82
32910,82
32911,43
32912,43
32913,42
32914,43
32915,37
32916,43
32917,37
32918,22
32919,82
32920,93
32921,72
32922,43
32923,82
32924,1
32925,82
32926,35
32927,43
32928,17
32929,37
32930,22
32931,82
32932,7
32933,17
32934,86
32935,15
32936,37
32937,63
32938,35
32939,16
32940,54
32942,2
32943,71
32944,38
32945,36
32946,15
32947,79
32949,63
32950,68
32951,83
32953,56
32954,91
32955,46
32956,29
32957,71
32958,46
32959,94
32960,70
32961,71
32962,77
32964,3
32965,1
32966,67
32967,51
32968,26
32969,64
32970,71
32971,3
32972,7
32973,28
32974,77
32975,54
32976,71
32977,27
32979,34
32980,34
32981,29
32982,21
32983,36
32984,45
32985,33
32986,99
32987,2
32988,1
32990,99
32991,88
32992,92
32993,41
32994,59
32995,84
32996,93
32997,36
32998,22
32999,71
33000,31
33001,12
33002,72
33004,33
33005,87
33006,54
33007,49
33008,49
33009,36
33010,71
33011,31
33012,16
33013,64
33014,20
33015,18
33016,56
33018,95
33019,33
33020,75
33021,91
33022,53
33023,35
33024,76
33025,71
33027,69
33028,93
33029,32
33030,82
33034,51
33035,41
33036,30
33037,71
33038,27
33039,37
33040,15
33042,60
33043,85
33044,32
33045,40
33046,71
33047,91
33048,76
33049,20
33050,23
33051,72
33052,54
33053,27
33054,71
33055,94
33058,2
33059,53
33060,64
33061,85
33062,47
33063,28
33064,33
33065,70
33066,16
33070,71
33071,71
33072,11
33073,38
33074,40
33076,11
33077,31
33078,71
33079,27
33080,73
33081,15
33082,48
33084,64
33085,10
33086,94
33087,80
33088,89
33089,38
33091,13
33092,71
33093,28
33094,15
33095,42
33096,85
33097,52
33098,77
33099,15
33101,16
33102,79
33103,93
33104,71
33105,26
33107,73
33108,51
33109,84
33110,41
33111,95
33112,98
33113,46
33114,91
33115,71
33116,71
33117,1
33118,70
33119,83
33120,68
33121,83
33122,53
33123,56
33124,91
33125,32
33126,71
33127,54
33128,18
33129,42
33130,42
33131,89
33133,82
33134,32
33135,71
33136,71
33137,32
33139,83
33140,71
33141,52
33142,35
33143,16
33144,51
33145,70
33146,68
33147,71
33148,15
33149,45
33150,99
33151,26
33152,37
33153,31
33154,77
33155,79
33156,38
33158,71
33160,18
33161,71
33162,49
33163,49
33164,49
33165,77
33166,51
33167,37
33168,34
33169,71
33170,89
33171,38
33172,95
33173,33
33174,37
33175,8
33176,77
33177,83
33178,64
33179,41
33180,18
33181,71
33183,51
33185,73
33187,16
33188,11
33189,54
33190,38
33191,74
33192,37
33193,76
33194,20
33195,93
33196,74
33197,54
33198,28
33199,52
33200,63
33201,63
33203,51
33204,40
33206,93
33207,33
33208,91
33209,1
33210,17
33211,83
33212,17
33213,55
33214,94
33215,47
33216,43
33217,43
33218,16
33219,89
33220,59
33221,92
33222,12
33223,20
33224,23
33225,73
33226,92
33228,33
33230,33
33231,23
33232,7
33233,82
33234,93
33235,31
33236,40
33237,20
33239,54
33240,3
33241,11
33242,92
33243,95
33244,43
33246,55
33247,20
33248,73
33249,51
33251,43
33252,51
33253,55
33255,89
33257,85
33259,92
33260,72
33261,1
33262,36
33263,17
33264,92
33265,63
33268,13
33269,27
33270,92
33271,33
33272,64
33273,63
33274,91
33277,85
33278,12
33279,33
33280,83
33281,30
33282,86
33283,28
33285,63
33286,41
33287,77
33288,26
33289,1
33290,18
33291,68
33292,30
33293,1
33294,37
33295,54
33296,26
33298,0
33299,74
33300,43
33301,70
33302,89
33303,87
33304,17
33305,33
33306,16
33309,85
33310,89
33311,69
33312,37
33313,46
33314,70
33318,7
33319,74
33320,27
33321,10
33322,42
33323,64
33324,80
33325,1
33331,89
33333,45
33334,94
33335,12
33336,85
33337,28
33338,15
33340,26
33341,20
33342,4
33343,92
33344,41
33345,13
33346,32
33347,73
33348,48
33349,26
33350,51
33352,17
33353,1
33355,27
33356,85
33357,83
33358,34
33359,84
33361,92
33362,13
33363,99
33364,40
33365,54
33366,30
33367,84
33368,92
33370,28
33371,64
33372,92
33373,40
33374,90
33375,90
33376,45
33379,79
33380,37
33381,33
33382,17
33383,33
33384,92
33385,69
33386,44
33387,74
33389,17
33390,17
33391,80
33392,33
33393,1
33394,64
33397,77
33398,10
33399,93
33400,94
33401,74
33402,13
33403,16
33404,99
33405,28
33407,1
33409,17
33410,32
33411,69
33412,32
33413,54
33415,10
33416,63
33417,38
33419,83
33420,26
33421,40
33423,37
33424,77
33425,17
33426,9
33427,54
33428,13
33429,28
33430,38
33431,89
33432,94
33433,35
33434,40
33435,10
33436,78
33437,54
33438,12
33439,48
33441,99
33443,27
33444,65
33445,83
33446,77
33447,51
33448,18
33449,83
33450,27
33451,36
33452,36
33453,37
33455,42
33456,99
33457,99
33458,59
33459,30
33460,54
33464,64
33465,92
33466,33
33467,27
33468,37
33469,37
33470,62
33471,72
33472,27
33473,53
33475,16
33476,17
33477,54
33478,2
33479,89
33480,22
33481,22
33482,37
33483,53
33484,65
33485,89
33486,38
33487,67
33488,30
33490,15
33492,26
33494,8
33496,84
33497,77
33498,94
33499,56
33500,82
33501,37
33502,68
33503,79
33504,28
33505,13
33506,20
33507,40
33508,40
33509,40
33510,74
33511,72
33512,85
33513,25
33514,81
33515,26
33516,44
33517,92
33519,82
33520,18
33521,92
33522,92
33523,92
33524,20
33525,82
33526,30
33527,40
33528,70
33529,59
33530,92
33531,32
33532,86
33533,99
33535,77
33536,45
33537,34
33538,85
33540,53
33542,15
33543,40
33544,3
33545,32
33546,33
33547,74
33549,89
33550,54
33551,12
33552,98
33553,38
33554,92
33555,38
33556,37
33557,16
33558,40
33559,86
33560,40
33564,8
33565,93
33566,40
33567,17
33568,83
33569,33
33570,92
33571,74
33573,37
33574,40
33575,10
33576,54
33578,40
33579,37
33582,99
33583,82
33584,63
33585,83
33586,89
33587,18
33589,51
33591,17
33593,64
33594,16
33596,18
33597,1
33599,85
33600,30
33601,16
33602,97
33604,37
33605,86
33606,3
33607,76
33608,94
33609,47
33610,43
33612,59
33613,74
33614,54
33615,92
33616,82
33617,95
33618,47
33619,82
33620,27
33621,83
33622,22
33623,80
33624,69
33625,83
33626,13
33627,13
33628,13
33629,24
33630,23
33631,41
33634,59
33635,12
33636,45
33637,45
33638,31
33639,40
33642,90
33643,37
33644,25
33645,70
33646,36
33647,2
33648,40
33649,18
33650,40
33651,15
33652,55
33653,40
33654,64
33656,92
33657,1
33658,99
33659,40
33660,44
33661,45
33662,56
33663,28
33664,37
33665,1
33666,57
33667,92
33668,15
33669,30
33670,49
33671,18
33672,18
33673,82
33674,98
33676,18
33677,20
33678,18
33679,64
33680,92
33681,12
33682,75
33683,49
33684,27
33685,30
33686,98
33687,40
33688,56
33689,51
33691,24
33694,15
33695,33
33696,14
33697,49
33698,54
33700,63
33701,20
33702,91
33703,73
33704,49
33705,49
33706,77
33707,72
33708,78
33710,40
33712,84
33713,13
33714,17
33715,37
33716,89
33717,30
33718,83
33721,40
33722,17
33723,73
33724,4
33725,17
33727,11
33728,22
33729,38
33730,69
33731,62
33732,99
33733,16
33735,13
33736,16
33737,11
33739,42
33740,17
33741,89
33742,20
33743,53
33747,37
33748,55
33750,54
33751,51
33753,17
33754,17
33755,60
33756,95
33757,64
33758,98
33759,37
33760,28
33761,37
33762,94
33763,85
33765,18
33766,28
33767,68
33768,99
33769,9
33770,98
33771,36
33772,35
33773,59
33774,99
33775,92
33776,13
33777,85
33778,43
33779,91
33780,37
33785,37
33786,38
33787,16
33789,49
33790,56
33792,99
33793,89
33794,53
33795,67
33797,85
33798,85
33799,97
33800,47
33801,0
33802,0
33803,47
33804,0
33805,47
33806,92
33810,28
33811,92
33812,35
33813,59
33814,76
33815,11
33816,3
33818,53
33819,67
33820,97
33823,93
33824,80
33825,20
33826,8
33828,54
33829,59
33830,40
33831,13
33833,97
33834,86
33835,42
33836,18
33837,75
33839,56
33841,83
33842,25
33843,56
33844,21
33845,76
33846,4
33847,31
33848,31
33850,56
33852,40
33853,17
33854,56
33855,38
33857,49
33858,91
33859,81
33860,73
33862,81
33867,49
33868,91
33870,68
33871,56
33872,56
33873,17
33874,40
33876,16
33877,59
33878,76
33879,49
33880,74
33883,29
33884,59
33886,93
33887,48
33888,72
33889,89
33890,59
33891,67
33892,37
33896,73
33897,92
33898,43
33899,77
33900,34
33901,1
33902,99
33903,16
33904,60
33905,31
33906,12
33907,10
33909,17
33910,17
33911,59
33912,77
33913,16
33914,32
33915,40
33916,49
33917,20
33918,80
33919,25
33920,89
33921,21
33922,33
33923,74
33924,93
33925,4
33926,86
33927,92
33928,0
33929,12
33930,13
33931,74
33932,83
33933,73
33934,25
33935,21
33936,11
33938,52
33939,92
33940,98
33941,77
33942,94
33943,93
33944,11
33945,7
33946,45
33947,59
33948,3
33950,18
33951,68
33952,20
33953,46
33955,64
33956,11
33957,10
33958,49
33959,37
33960,63
33962,83
33963,94
33964,93
33965,36
33966,40
33967,40
33968,92
33969,56
33970,59
33971,33
33972,64
33973,37
33974,21
33975,55
33976,86
33977,1
33978,35
33979,11
33980,92
33983,36
33984,70
33985,16
33986,94
33987,40
33988,33
33989,37
33990,22
33991,54
33992,13
33994,3
33995,16
33996,33
33997,2
33998,18
33999,7
34000,94
34001,98
34002,17
34003,17
34004,82
34005,45
34006,13
34007,89
34009,33
34010,53
34011,89
34012,89
34015,98
34016,14
34017,33
34018,54
34019,28
34020,33
34021,16
34022,20
34023,15
34024,17
34025,65
34026,52
34027,98
34028,14
34029,79
34030,77
34031,12
34034,37
34035,33
34036,53
34037,42
34038,79
34043,54
34044,64
34045,57
34046,33
34047,54
34049,95
34050,99
34051,53
34052,77
34053,49
34055,10
34056,23
34057,59
34058,49
34060,63
34061,77
34063,13
34065,16
34067,18
34068,83
34069,12
34070,35
34071,47
34072,67
34073,54
34074,54
34075,54
34076,40
34077,81
34080,60
34081,72
34082,54
34083,88
34085,93
34086,53
34088,85
34089,25
34092,51
34093,40
34094,40
34096,7
34097,55
34098,40
34100,17
34101,40
34102,49
34104,49
34105,85
34106,94
34107,55
34108,48
34109,94
34110,40
34111,31
34112,33
34113,68
34114,77
34115,83
34116,54
34117,99
34120,27
34121,97
34122,53
34123,31
34124,42
34125,20
34127,40
34128,79
34129,37
34130,82
34131,40
34134,91
34135,27
34136,92
34138,37
34139,92
34140,37
34141,85
34142,37
34143,43
34144,29
34145,29
34146,29
34147,29
34148,29
34149,29
34150,29
34151,29
34152,29
34153,29
34156,0
34157,79
34159,24
34160,32
34161,12
34162,54
34163,69
34164,37
34165,32
34166,37
34167,7
34168,37
34170,72
34171,76
34172,18
34173,27
34175,40
34176,38
34177,16
34179,89
34180,73
34181,37
34184,10
34185,21
34186,77
34187,89
34188,12
34189,79
34190,22
34191,18
34192,27
34193,31
34194,18
34195,61
34196,10
34197,60
34198,20
34199,27
34200,74
34201,26
34202,37
34203,97
34205,92
34206,72
34207,10
34208,59
34209,54
34210,60
34211,79
34214,10
34215,38
34216,83
34217,31
34218,92
34219,91
34220,96
34221,28
34223,12
34224,69
34226,83
34227,98
34228,40
34229,77
34230,74
34232,2
34233,40
34234,38
34235,98
34237,24
34238,60
34240,82
34242,83
34243,93
34244,37
34245,84
34246,37
34247,93
34248,37
34250,76
34251,48
34252,49
34253,31
34254,59
34255,1
34256,76
34257,8
34258,20
34259,40
34262,43
34263,20
34266,41
34267,63
34268,28
34269,98
34270,94
34271,2
34273,75
34277,33
34278,67
34279,40
34280,70
34281,59
34282,37
34283,11
34284,59
34294,32
34295,40
34296,17
34297,94
34298,99
34299,81
34300,73
34302,34
34303,40
34304,95
34305,49
34306,86
34307,11
34308,49
34309,63
34311,40
34312,54
34313,2
34314,40
34315,40
34316,54
34317,62
34318,16
34319,90
34320,37
34321,33
34322,91
34323,33
34324,89
34325,20
34326,40
34327,73
34328,98
34329,98
34330,98
34331,38
34333,86
34334,83
34335,92
34337,32
34338,49
34339,92
34340,40
34341,11
34343,10
34344,41
34345,49
34347,7
34348,77
34350,23
34353,23
34355,62
34356,10
34357,10
34358,49
34359,10
34360,10
34361,49
34362,18
34365,59
34366,1
34367,86
34368,81
34369,17
34370,15
34371,23
34372,51
34373,18
34375,51
34376,32
34377,18
34378,17
34379,89
34380,64
34381,34
34383,10
34384,42
34390,49
34392,27
34393,13
34394,17
34395,33
34396,62
34397,67
34398,1
34399,59
34400,96
34401,37
34402,37
34403,33
34404,93
34405,54
34406,41
34407,49
34408,69
34409,99
34410,3
34411,40
34412,40
34413,13
34414,3
34415,37
34416,59
34417,98
34419,16
34420,90
34421,12
34423,80
34425,29
34426,76
34427,16
34428,15
34429,32
34430,59
34431,72
34433,24
34436,63
34437,40
34438,24
34439,46
34440,12
34441,33
34442,59
34443,92
34444,12
34446,64
34447,27
34448,3
34449,40
34450,40
34452,91
34453,72
34454,32
34455,31
34457,28
34458,16
34459,83
34460,47
34461,35
34462,15
34463,8
34464,48
34465,57
34466,17
34467,17
34468,33
34470,74
34471,46
34472,51
34473,74
34474,88
34475,20
34476,7
34477,48
34478,89
34479,51
34480,95
34481,91
34482,37
34483,92
34484,92
34485,87
34486,92
34487,7
34488,92
34489,91
34490,91
34491,92
34492,91
34493,92
34494,92
34495,59
34497,17
34498,51
34499,86
34500,37
34501,40
34502,23
34503,87
34504,37
34505,72
34506,49
34507,59
34508,51
34509,55
34510,79
34511,73
34512,37
34513,20
34515,74
34520,26
34522,16
34523,40
34524,4
34525,13
34526,46
34527,16
34529,97
34530,97
34531,91
34532,40
34533,54
34534,45
34535,92
34536,2
34537,16
34538,85
34539,91
34540,91
34541,91
34542,15
34543,85
34544,49
34545,79
34546,32
34548,42
34549,92
34550,34
34551,92
34552,17
34553,59
34554,40
34556,40
34557,20
34558,7
34562,77
34563,45
34566,83
34567,59
34568,34
34569,20
34570,64
34571,57
34572,20
34573,18
34574,87
34575,37
34576,37
34578,20
34579,40
34580,11
34582,34
34583,70
34585,51
34586,21
34587,37
34588,72
34589,13
34591,33
34592,17
34593,86
34594,14
34595,8
34596,13
34597,33
34598,37
34599,37
34600,8
34601,24
34602,64
34603,79
34604,40
34605,92
34606,91
34607,68
34609,37
34610,34
34611,33
34612,54
34613,93
34614,17
34615,27
34616,37
34617,16
34618,74
34619,76
34627,7
34628,37
34629,37
34630,48
34632,18
34634,13
34637,18
34645,51
34646,53
34647,73
34649,89
34650,91
34651,55
34653,33
34654,2
34655,72
34656,81
34657,37
34658,37
34659,37
34660,0
34661,16
34662,37
34663,37
34664,33
34665,57
34666,15
34667,92
34668,17
34669,27
34670,64
34671,64
34672,32
34673,77
34674,91
34675,35
34676,80
34677,83
34678,16
34679,2
34680,26
34681,59
34682,33
34683,20
34684,0
34685,37
34686,37
34688,18
34689,17
34690,13
34691,17
34697,59
34698,28
34700,62
34701,77
34702,54
34703,44
34704,72
34705,87
34706,20
34709,37
34710,33
34711,13
34713,45
34716,20
34720,59
34721,80
34724,44
34725,82
34727,2
34728,17
34729,64
34730,81
34731,8
34732,33
34733,26
34736,20
34737,34
34738,37
34740,64
34741,38
34743,89
34744,92
34745,89
34748,37
34749,17
34751,54
34752,98
34753,97
34754,41
34757,82
34758,33
34761,1
34762,98
34763,24
34764,49
34765,77
34766,91
34768,31
34769,95
34770,16
34771,89
34772,75
34773,68
34774,77
34775,59
34776,85
34777,1
34778,60
34779,42
34780,38
34781,32
34787,40
34790,80
34791,49
34792,17
34793,63
34794,94
34795,33
34796,88
34797,76
34799,92
34801,94
34802,73
34804,35
34805,92
34807,91
34808,82
34810,92
34812,45
34813,82
34814,1
34815,77
34816,4
34817,76
34818,75
34819,43
34821,99
34822,55
34823,89
34824,2
34825,76
34826,59
34827,41
34828,0
34829,94
34830,92
34831,33
34832,33
34834,28
34835,76
34836,40
34837,55
34838,96
34839,31
34840,49
34842,51
34843,83
34844,95
34845,51
34846,47
34847,14
34848,40
34849,7
34850,33
34852,37
34853,72
34854,68
34855,20
34856,13
34857,70
34858,91
34859,89
34860,10
34861,16
34862,27
34863,11
34864,86
34865,74
34866,60
34867,60
34868,49
34869,51
34870,99
34871,10
34873,95
34875,97
34876,29
34877,51
34878,54
34882,1
34883,1
34884,59
34885,64
34886,46
34887,45
34888,73
34889,83
34890,89
34891,83
34892,49
34893,64
34894,92
34895,83
34897,51
34900,48
34901,89
34902,97
34903,75
34904,18
34905,43
34906,38
34907,48
34909,23
34910,15
34911,49
34912,63
34915,14
34916,70
34917,49
34919,1
34920,59
34922,91
34923,18
34924,34
34925,43
34926,17
34927,17
34928,92
34929,92
34930,13
34931,22
34932,37
34933,37
34934,33
34935,85
34936,38
34937,51
34938,8
34939,0
34940,13
34941,18
34942,89
34943,92
34944,92
34945,33
34946,82
34947,33
34948,59
34949,40
34950,68
34953,49
34954,40
34956,72
34957,0
34959,82
34962,80
34965,48
34966,12
34967,81
34968,37
34970,0
34971,92
34973,41
34974,45
34975,33
34977,95
34978,85
34979,89
34981,18
34982,98
34984,40
34985,12
34986,17
34987,91
34988,76
34989,18
34990,27
34992,54
34994,18
34995,49
34996,59
34997,42
34999,49
35000,10
35001,77
35002,3
35003,33
35004,49
35006,40
35007,49
35008,70
35009,41
35012,33
35013,34
35014,3
35015,77
35016,31
35017,16
35021,35
35022,33
35023,49
35024,28
35025,14
35026,75
35027,80
35029,92
35031,62
35032,49
35033,98
35034,59
35035,94
35036,87
35037,96
35038,37
35039,37
35040,33
35041,34
35042,17
35043,40
35044,86
35045,94
35046,92
35047,92
35049,35
35050,18
35051,38
35053,1
35055,70
35057,37
35058,37
35059,80
35060,72
35061,9
35062,32
35063,14
35066,55
35067,91
35068,53
35069,49
35070,34
35071,17
35072,43
35074,1
35075,94
35076,16
35077,37
35078,59
35079,37
35080,22
35081,20
35082,33
35083,17
35084,75
35086,96
35087,20
35088,83
35090,3
35091,2
35092,54
35093,93
35094,99
35095,53
35096,49
35097,34
35098,98
35099,14
35101,22
35104,12
35105,88
35106,85
35107,83
35108,74
35109,88
35110,18
35112,36
35113,8
35115,38
35116,49
35117,91
35118,40
35119,12
35120,89
35121,23
35122,41
35123,63
35125,53
35126,74
35127,17
35128,34
35132,37
35133,27
35135,49
35136,27
35138,74
35139,83
35140,37
35141,62
35142,49
35143,48
35144,48
35145,93
35146,33
35147,94
35148,37
35149,74
35152,35
35153,13
35154,49
35155,43
35156,27
35157,34
35158,34
35159,15
35160,13
35161,3
35162,1
35164,22
35165,15
35167,81
35168,49
35169,54
35170,69
35171,69
35172,48
35173,69
35174,99
35175,35
35177,92
35178,57
35179,82
35180,17
35182,96
35183,13
35184,46
35185,20
35186,92
35187,1
35188,35
35189,14
35190,91
35191,42
35193,99
35194,27
35195,59
35196,92
35197,43
35198,16
35199,92
35201,49
35203,37
35204,44
35205,33
35206,41
35207,41
35208,27
35210,89
35211,12
35212,53
35213,92
35214,82
35215,96
35216,27
35217,37
35218,29
35221,20
35222,14
35224,62
35225,95
35226,36
35227,99
35228,1
35229,49
35231,53
35232,12
35233,15
35234,4
35236,46
35237,75
35238,43
35239,94
35240,93
35241,32
35242,49
35243,38
35244,11
35245,84
35246,49
35247,33
35248,17
35249,73
35251,49
35252,49
35253,49
35254,33
35255,40
35256,14
35258,79
35259,91
35260,38
35261,28
35265,33
35266,33
35268,27
35269,51
35270,79
35271,36
35272,54
35273,54
35274,54
35275,89
35276,60
35277,33
35278,15
35279,38
35281,92
35282,0
35283,49
35284,49
35287,99
35288,27
35289,51
35290,15
35291,15
35293,13
35294,93
35295,59
35296,15
35297,15
35298,69
35299,13
35300,0
35302,80
35303,15
35304,33
35305,10
35306,54
35307,43
35308,4
35310,22
35311,49
35313,37
35314,22
35316,40
35317,23
35322,84
35326,37
35329,69
35330,10
35331,74
35332,51
35333,18
35334,72
35335,93
35336,37
35337,94
35338,1
35341,74
35342,10
35344,23
35345,36
35346,92
35349,45
35350,18
35351,68
35352,14
35353,71
35354,18
35355,22
35356,94
35357,24
35358,37
35359,76
35360,18
35361,33
35362,22
35363,53
35364,92
35365,73
35366,15
35367,37
35368,37
35369,84
35370,85
35371,49
35372,49
35373,49
35374,16
35375,28
35377,74
35378,59
35379,14
35380,14
35381,14
35382,93
35383,1
35384,37
35385,49
35386,22
35387,13
35388,37
35389,93
35391,42
35392,12
35393,16
35394,38
35395,13
35396,49
35397,57
35398,54
35399,14
35400,41
35401,7
35402,99
35403,12
35408,23
35409,51
35410,72
35411,38
35412,4
35413,40
35414,93
35415,31
35416,93
35417,89
35418,13
35419,64
35420,11
35421,11
35422,3
35423,41
35424,33
35425,44
35426,25
35427,41
35428,37
35429,37
35430,37
35431,7
35432,54
35433,23
35434,27
35436,37
35437,82
35438,76
35439,64
35440,59
35441,37
35442,15
35443,16
35447,70
35448,40
35449,14
35450,40
35451,69
35452,24
35454,49
35455,92
35456,49
35457,49
35458,74
35459,41
35460,69
35461,53
35462,33
35463,1
35464,15
35465,78
35466,13
35467,33
35468,33
35469,33
35470,18
35471,27
35472,69
35473,84
35474,85
35475,98
35477,79
35478,62
35479,41
35480,94
35481,14
35483,17
35484,33
35485,1
35486,59
35487,92
35488,0
35489,28
35490,40
35491,49
35492,35
35493,17
35494,54
35495,13
35496,85
35497,38
35499,65
35500,15
35501,91
35502,35
35503,33
35504,33
35505,1
35506,55
35507,27
35508,13
35509,37
35510,77
35511,63
35512,94
35513,40
35514,18
35515,99
35516,22
35517,76
35518,7
35519,2
35520,34
35521,68
35523,37
35524,99
35526,93
35527,37
35528,7
35529,48
35530,6
35531,49
35532,13
35533,76
35534,63
35535,8
35536,99
35537,76
35538,59
35539,26
35540,22
35541,49
35542,40
35543,1
35544,75
35545,16
35546,38
35548,85
35550,28
35551,37
35552,15
35553,99
35554,18
35555,1
35556,18
35557,72
35558,31
35559,31
35561,54
35562,18
35563,18
35564,72
35565,95
35566,95
35567,55
35570,7
35571,49
35572,89
35573,95
35574,0
35575,27
35576,85
35577,84
35578,41
35579,14
35580,51
35581,83
35582,68
35583,4
35584,81
35586,13
35587,59
35588,81
35589,13
35590,49
35591,93
35592,14
35593,92
35594,86
35595,49
35596,34
35597,21
35598,91
35599,80
35600,92
35601,34
35602,29
35606,54
35607,1
35608,93
35610,36
35611,85
35612,73
35613,28
35614,25
35615,84
35616,22
35617,22
35618,16
35619,16
35620,35
35621,20
35622,11
35623,11
35624,11
35625,11
35626,11
35627,11
35628,11
35629,11
35630,11
35631,88
35632,27
35633,47
35634,95
35637,16
35638,1
35639,79
35640,10
35641,76
35642,97
35644,82
35645,91
35646,55
35647,62
35648,13
35649,59
35650,45
35652,7
35653,17
35654,38
35658,27
35659,27
35661,33
35662,14
35663,18
35664,93
35665,30
35666,30
35667,98
35668,31
35669,27
35670,46
35671,22
35672,49
35673,49
35674,26
35675,15
35676,97
35677,8
35678,53
35679,80
35680,53
35681,20
35682,26
35683,68
35684,16
35685,89
35686,33
35687,89
35688,74
35689,14
35690,72
35691,37
35692,83
35693,14
35694,59
35695,12
35696,64
35697,83
35698,13
35699,10
35700,41
35702,17
35703,4
35704,74
35705,97
35706,13
35707,24
35708,46
35709,51
35710,45
35711,26
35712,32
35713,30
35714,98
35715,31
35717,48
35719,35
35720,35
35721,88
35722,20
35723,93
35724,22
35725,41
35726,12
35727,1
35728,17
35729,17
35730,17
35731,52
35733,13
35734,30
35735,20
35736,49
35737,18
35738,42
35739,36
35740,37
35742,31
35744,28
35745,35
35746,92
35747,54
35748,20
35749,3
35750,65
35751,65
35752,68
35753,12
35755,91
35756,91
35757,92
35759,56
35760,63
35761,11
35763,27
35764,42
35765,37
35768,96
35769,37
35770,25
35771,14
35772,20
35773,92
35774,7
35775,16
35776,62
35777,13
35778,85
35779,98
35780,99
35781,15
35782,37
35783,80
35784,92
35785,37
35786,94
35787,94
35788,15
35790,82
35791,84
35792,88
35793,15
35796,85
35805,1
35807,22
35808,86
35809,96
35810,7
35811,18
35812,34
35813,15
35815,8
35816,64
35818,33
35819,59
35820,74
35821,17
35822,17
35823,7
35824,23
35828,93
35829,89
35830,84
35831,17
35833,33
35834,22
35835,42
35836,62
35837,10
35838,40
35839,11
35841,95
35842,77
35843,54
35844,54
35845,54
35846,91
35847,91
35848,80
35849,59
35850,59
35851,59
35852,43
35853,72
35855,20
35856,84
35857,92
35858,86
35859,92
35860,15
35861,31
35862,72
35863,95
35864,13
35865,13
35866,16
35867,15
35870,45
35872,42
35873,18
35874,80
35875,11
35877,11
35879,56
35883,18
35884,13
35888,32
35889,59
35890,11
35891,80
35892,43
35893,78
35894,45
35895,18
35896,46
35898,51
35899,42
35900,53
35901,85
35902,33
35903,99
35904,16
35906,41
35907,69
35909,35
35910,43
35911,89
35912,37
35913,37
35915,35
35916,77
35918,43
35920,7
35921,95
35922,46
35925,54
35926,22
35927,62
35928,44
35930,17
35931,91
35932,31
35933,60
35934,13
35935,13
35936,23
35937,28
35940,91
35941,20
35942,16
35943,85
35944,85
35945,85
35946,37
35948,49
35949,63
35950,13
35952,35
35953,18
35954,60
35956,60
35957,17
35958,18
35959,10
35960,51
35961,10
35962,89
35963,63
35964,17
35965,2
35966,16
35968,32
35972,92
35973,79
35974,76
35975,11
35976,89
35977,73
35980,2
35983,92
35984,52
35985,17
35987,86
35989,99
35990,74
35991,85
35992,95
35993,97
35994,74
35995,13
35996,12
35997,82
35998,28
36000,86
36002,10
36003,11
36004,14
36005,92
36006,79
36007,86
36008,3
36009,20
36010,17
36012,35
36013,76
36014,29
36015,92
36016,22
36017,13
36018,17
36020,14
36021,14
36022,14
36023,13
36024,27
36026,8
36027,37
36028,49
36029,37
36030,7
36031,23
36032,83
36033,59
36034,87
36035,71
36036,40
36037,11
36038,99
36039,72
36040,13
36041,47
36042,59
36043,53
36044,35
36045,45
36046,92
36047,59
36048,11
36050,33
36051,98
36052,3
36053,3
36054,91
36055,14
36057,92
36059,42
36064,64
36065,18
36066,73
36067,83
36068,98
36069,27
36071,37
36072,45
36073,18
36074,13
36075,46
36078,85
36079,33
36080,17
36081,18
36082,95
36083,47
36084,53
36085,15
36087,37
36089,92
36090,2
36091,38
36092,75
36093,99
36094,98
36098,49
36099,86
36100,12
36101,92
36103,94
36104,54
36105,92
36106,37
36107,29
36108,29
36110,4
36111,13
36112,1
36113,18
36114,28
36115,1
36118,33
36119,17
36120,11
36121,59
36122,91
36123,70
36124,36
36126,27
36127,72
36128,23
36130,17
36131,36
36132,74
36133,17
36134,82
36135,38
36136,7
36137,69
36138,94
36139,30
36140,30
36141,30
36142,30
36143,34
36144,34
36145,31
36146,95
36147,34
36148,70
36149,98
36150,98
36151,13
36152,63
36153,38
36154,28
36155,22
36156,1
36157,94
36158,94
36159,37
36160,1
36161,89
36162,20
36164,49
36166,1
36167,54
36168,98
36170,16
36171,82
36173,32
36174,47
36175,41
36176,92
36177,80
36178,74
36179,17
36181,46
36182,35
36183,31
36184,13
36185,92
36187,30
36188,41
36189,92
36192,12
36193,48
36195,10
36196,70
36197,28
36198,33
36199,37
36200,83
36201,42
36202,92
36203,91
36204,31
36206,46
36208,20
36209,67
36210,17
36211,22
36213,12
36214,99
36215,34
36216,26
36218,13
36219,68
36220,1
36221,92
36222,34
36223,86
36224,35
36226,54
36228,13
36229,92
36230,92
36232,15
36233,12
36234,10
36235,85
36236,94
36237,33
36238,87
36240,13
36241,72
36242,42
36243,85
36244,42
36245,43
36246,59
36247,33
36249,27
36250,51
36251,92
36252,28
36254,63
36255,17
36256,10
36257,10
36258,93
36259,92
36261,81
36264,26
36265,46
36266,26
36267,26
36268,20
36269,20
36270,81
36271,20
36272,89
36273,17
36274,85
36276,28
36277,75
36279,64
36280,1
36281,90
36282,13
36283,59
36285,40
36286,40
36287,99
36288,28
36289,94
36290,94
36291,94
36292,12
36293,74
36295,76
36296,43
36297,28
36298,85
36299,45
36301,84
36302,37
36303,31
36304,13
36305,98
36306,83
36307,10
36308,24
36309,3
36311,33
36312,20
36313,92
36314,86
36320,92
36321,80
36322,86
36323,86
36324,74
36325,92
36327,18
36329,22
36330,63
36332,18
36333,17
36335,33
36336,59
36337,99
36338,31
36339,46
36340,7
36341,17
36342,37
36343,28
36344,28
36345,13
36346,33
36347,51
36348,51
36350,50
36351,13
36353,37
36354,69
36355,70
36356,13
36359,94
36360,37
36361,0
36364,37
36365,70
36366,33
36367,60
36368,16
36370,92
36372,77
36373,11
36374,93
36375,95
36376,13
36377,17
36378,69
36383,60
36384,85
36385,72
36386,35
36387,27
36388,86
36390,2
36391,17
36393,56
36395,92
36396,17
36397,17
36398,17
36399,4
36400,92
36401,37
36402,18
36403,37
36405,36
36406,97
36407,73
36409,17
36410,31
36411,74
36412,53
36414,37
36415,18
36417,51
36419,43
36420,43
36421,82
36422,4
36423,17
36424,22
36425,20
36426,17
36427,51
36428,85
36429,17
36431,92
36432,89
36433,88
36434,18
36435,27
36438,18
36439,37
36441,51
36442,85
36443,82
36444,26
36445,94
36446,51
36448,88
36449,18
36450,11
36451,46
36452,54
36456,28
36457,28
36458,11
36461,9
36462,91
36463,23
36464,95
36465,74
36467,37
36470,28
36471,54
36472,34
36473,32
36474,79
36475,7
36476,20
36478,41
36479,18
36480,16
36481,16
36483,0
36484,67
36485,17
36486,95
36487,59
36489,89
36490,93
36491,10
36492,16
36493,92
36494,76
36495,28
36496,40
36497,93
36498,51
36499,22
36500,22
36501,24
36502,70
36503,16
36504,40
36505,84
36506,89
36507,92
36508,98
36509,16
36511,37
36512,20
36513,68
36514,12
36515,88
36516,36
36517,80
36518,76
36519,63
36520,81
36521,73
36522,59
36523,59
36524,42
36525,28
36529,80
36530,52
36531,1
36532,74
36533,51
36534,42
36535,34
36536,83
36537,30
36538,16
36539,18
36540,48
36541,89
36542,31
36543,38
36544,73
36545,42
36547,28
36548,26
36549,26
36550,49
36551,16
36552,75
36553,8
36554,88
36555,8
36556,80
36557,68
36559,35
36561,1
36562,1
36563,85
36564,36
36565,40
36566,80
36567,34
36568,20
36569,54
36570,10
36571,74
36572,20
36574,92
36575,10
36576,8
36577,62
36578,62
36579,8
36580,10
36581,83
36582,74
36583,49
36584,74
36585,20
36587,73
36588,16
36589,60
36590,10
36591,13
36592,43
36593,37
36595,76
36597,27
36598,95
36599,59
36600,16
36601,43
36602,16
36603,59
36604,59
36605,85
36606,82
36607,91
36609,37
36610,26
36611,26
36612,74
36613,70
36614,74
36615,92
36616,58
36617,98
36618,98
36619,31
36620,38
36621,10
36623,85
36624,93
36625,70
36626,91
36627,26
36628,46
36629,59
36631,91
36632,91
36633,91
36634,22
36636,10
36637,99
36638,76
36639,83
36640,28
36641,94
36642,74
36643,60
36644,41
36645,64
36646,35
36648,93
36649,54
36650,73
36651,97
36653,40
36654,27
36655,26
36656,46
36657,7
36658,49
36659,68
36660,73
36661,98
36662,20
36663,13
36664,24
36665,24
36666,2
36667,11
36668,72
36669,68
36670,28
36671,92
36672,92
36673,83
36674,74
36675,23
36677,40
36678,80
36679,2
36681,45
36682,56
36683,60
36684,17
36685,24
36686,76
36687,95
36689,55
36690,89
36691,81
36692,20
36694,18
36695,11
36696,72
36697,2
36698,27
36699,85
36700,13
36701,68
36702,38
36703,80
36705,62
36707,74
36709,49
36710,59
36711,59
36712,76
36713,76
36714,13
36715,70
36717,92
36719,90
36720,13
36721,91
36722,26
36723,37
36724,7
36725,10
36726,86
36728,34
36730,20
36731,76
36732,18
36733,92
36734,99
36735,54
36736,94
36737,49
36739,91
36740,2
36741,28
36743,74
36744,70
36745,36
36746,27
36747,17
36748,22
36749,95
36750,71
36751,51
36752,83
36753,91
36754,73
36755,74
36756,95
36757,12
36758,33
36759,92
36760,3
36761,13
36762,8
36763,42
36764,54
36765,80
36767,18
36768,73
36769,46
36770,98
36771,59
36772,20
36773,99
36774,63
36775,80
36776,77
36778,9
36781,63
36782,80
36783,13
36784,36
36785,89
36788,15
36789,49
36790,10
36791,18
36794,20
36795,45
36796,46
36797,20
36798,20
36799,18
36800,18
36801,11
36802,27
36803,99
36804,82
36808,85
36809,85
36810,85
36811,43
36815,77
36816,91
36817,53
36818,53
36819,53
36820,53
36821,68
36822,89
36823,92
36825,2
36827,43
36828,18
36829,41
36830,40
36831,98
36832,83
36833,17
36835,61
36836,90
36837,15
36838,17
36840,18
36841,99
36842,48
36843,31
36844,32
36846,92
36847,13
36848,91
36849,20
36851,92
36852,94
36853,92
36854,91
36855,65
36856,28
36857,26
36858,0
36859,47
36860,22
36861,92
36864,74
36865,99
36866,83
36867,25
36869,37
36870,64
36872,64
36873,85
36874,92
36875,37
36876,1
36877,77
36878,42
36879,79
36880,92
36881,1
36882,20
36883,78
36884,11
36885,12
36886,36
36887,65
36888,17
36889,78
36890,88
36891,20
36892,22
36893,13
36895,46
36896,13
36897,13
36898,11
36899,20
36902,95
36903,40
36904,49
36906,92
36907,92
36908,20
36912,20
36913,38
36914,16
36915,98
36916,98
36917,11
36919,1
36921,69
36922,40
36923,72
36924,73
36925,62
36926,79
36928,13
36929,13
36930,51
36931,13
36932,51
36934,88
36935,59
36936,77
36937,93
36939,45
36943,55
36945,0
36946,13
36948,68
36949,60
36950,7
36951,4
36952,49
36953,59
36954,98
36955,8
36956,26
36957,89
36958,92
36959,28
36960,54
36961,1
36962,27
36963,42
36964,17
36965,13
36966,68
36967,60
36968,18
36969,41
36970,40
36971,83
36974,27
36975,92
36977,74
36979,89
36980,15
36981,30
36983,13
36984,10
36985,54
36988,83
36989,63
36991,70
36992,95
36993,46
36994,70
36995,30
36996,20
36998,62
36999,59
37000,45
37002,72
37003,93
37004,45
37005,76
37006,35
37007,68
37009,40
37010,70
37012,10
37013,74
37015,1
37016,11
37017,15
37019,92
37020,74
37021,17
37022,4
37024,95
37025,11
37027,91
37029,2
37030,28
37031,29
37032,20
37034,64
37035,13
37036,8
37038,59
37039,43
37041,21
37042,91
37043,92
37044,78
37046,85
37047,13
37048,45
37049,75
37055,54
37056,92
37057,11
37058,46
37059,46
37060,13
37062,33
37063,51
37064,54
37068,11
37072,13
37073,21
37074,98
37078,30
37079,37
37080,46
37081,7
37082,45
37083,41
37085,38
37086,99
37087,38
37088,51
37089,43
37090,11
37091,38
37092,33
37097,79
37100,35
37101,23
37102,91
37103,51
37104,18
37105,80
37106,1
37107,37
37109,11
37110,35
37111,3
37112,41
37113,70
37114,45
37115,89
37116,42
37118,1
37119,92
37120,26
37121,74
37122,68
37124,95
37125,30
37126,1
37127,32
37129,13
37130,60
37132,38
37134,8
37136,68
37137,18
37140,93
37141,89
37142,11
37143,20
37144,11
37145,44
37146,33
37147,92
37148,74
37149,33
37151,40
37152,91
37153,96
37154,12
37155,98
37156,48
37157,28
37158,79
37159,91
37160,54
37161,17
37164,85
37165,74
37166,80
37167,17
37168,1
37169,10
37170,33
37171,33
37172,76
37173,76
37174,76
37175,86
37176,17
37177,73
37178,85
37179,10
37180,85
37181,22
37182,95
37185,70
37186,42
37187,48
37188,24
37189,22
37190,16
37191,13
37193,72
37194,75
37195,10
37197,51
37198,47
37199,40
37203,20
37204,59
37205,42
37206,53
37207,92
37208,37
37209,92
37210,32
37211,53
37212,35
37213,38
37214,48
37215,32
37216,74
37217,29
37218,93
37219,92
37220,27
37221,81
37222,11
37223,97
37224,28
37225,0
37226,85
37227,9
37228,23
37230,18
37231,20
37232,20
37233,20
37234,20
37235,15
37236,93
37237,77
37238,31
37239,51
37240,36
37242,43
37243,1
37244,41
37245,4
37246,89
37249,16
37250,43
37251,74
37252,92
37253,92
37254,86
37255,86
37256,7
37257,43
37258,82
37259,82
37260,43
37261,16
37262,16
37263,93
37264,42
37265,43
37268,70
37269,93
37270,44
37271,92
37272,95
37274,20
37275,28
37276,42
37277,88
37278,32
37280,74
37281,34
37282,54
37283,77
37284,8
37285,49
37286,72
37287,18
37288,95
37289,94
37290,89
37291,17
37292,20
37293,29
37294,22
37295,64
37296,82
37298,34
37299,63
37300,13
37301,48
37302,18
37303,17
37304,92
37307,17
37308,47
37309,34
37310,17
37311,18
37313,51
37314,33
37315,92
37317,40
37320,85
37321,73
37322,34
37323,38
37324,93
37325,92
37326,79
37327,92
37328,79
37329,32
37330,3
37331,12
37332,92
37333,2
37335,17
37336,29
37337,1
37338,33
37339,43
37340,4
37341,95
37342,88
37343,12
37344,47
37345,26
37346,15
37347,18
37348,74
37350,40
37351,89
37353,74
37354,28
37355,37
37356,63
37357,92
37358,20
37359,77
37360,1
37361,43
37362,64
37363,3
37364,82
37365,38
37366,98
37367,98
37368,89
37369,2
37370,20
37371,98
37372,12
37373,35
37374,46
37375,72
37376,82
37378,22
37379,61
37380,72
37381,92
37383,42
37385,81
37386,64
37387,46
37388,79
37389,77
37390,73
37391,70
37392,12
37394,68
37396,74
37398,13
37399,91
37400,27
37403,61
37404,18
37405,91
37406,91
37407,51
37408,14
37409,47
37410,34
37411,84
37412,37
37413,37
37414,24
37415,86
37416,10
37418,7
37419,43
37420,77
37421,95
37422,10
37423,11
37424,15
37425,12
37426,43
37427,81
37429,92
37430,80
37431,10
37432,2
37433,92
37434,92
37437,0
37438,93
37439,93
37440,93
37441,0
37443,68
37444,55
37445,68
37446,10
37447,77
37448,25
37449,80
37450,40
37451,37
37452,99
37453,0
37454,92
37455,74
37456,68
37457,54
37458,17
37459,92
37460,71
37461,54
37462,68
37463,22
37464,74
37465,30
37466,59
37467,37
37469,98
37470,12
37471,94
37472,72
37475,84
37476,37
37477,16
37478,49
37479,37
37480,83
37481,91
37482,16
37483,23
37484,36
37485,17
37486,17
37487,17
37488,72
37489,46
37490,33
37492,59
37493,17
37494,26
37495,51
37496,61
37497,65
37498,95
37499,96
37501,20
37502,60
37503,10
37504,77
37505,46
37507,42
37508,74
37509,59
37510,98
37511,3
37512,40
37513,81
37514,74
37515,37
37516,61
37517,73
37518,24
37519,60
37520,13
37521,17
37523,54
37527,20
37528,16
37529,3
37530,80
37531,20
37532,29
37533,91
37535,23
37536,87
37537,23
37538,41
37539,89
37540,20
37542,24
37543,24
37544,22
37545,33
37546,10
37547,57
37548,61
37549,1
37550,83
37551,94
37552,11
37553,30
37554,17
37556,99
37557,38
37558,51
37559,94
37560,30
37561,80
37562,68
37563,2
37564,26
37565,20
37566,40
37568,61
37570,46
37571,46
37572,93
37573,80
37574,77
37575,30
37576,69
37578,1
37580,89
37581,85
37582,16
37583,18
37584,1
37586,63
37587,42
37588,7
37589,74
37591,43
37592,79
37593,61
37595,40
37596,64
37597,80
37598,15
37599,53
37600,22
37602,40
37603,51
37606,92
37607,64
37609,77
37610,54
37611,26
37612,8
37613,89
37614,42
37615,27
37618,47
37619,82
37621,49
37622,49
37623,47
37624,49
37625,2
37627,85
37628,12
37631,13
37632,40
37633,35
37635,13
37636,13
37638,86
37639,30
37640,18
37642,54
37643,54
37644,54
37645,10
37646,64
37647,92
37648,38
37649,38
37650,45
37651,16
37652,7
37653,44
37655,24
37656,31
37657,80
37658,54
37659,49
37660,80
37661,22
37662,34
37664,37
37665,60
37666,48
37667,93
37668,72
37669,27
37670,74
37671,77
37672,86
37673,17
37674,96
37675,79
37676,31
37677,18
37679,72
37680,55
37681,28
37682,28
37683,54
37684,4
37685,10
37686,41
37687,60
37688,22
37690,24
37691,80
37692,53
37693,18
37694,20
37695,76
37696,18
37697,20
37698,70
37699,20
37700,26
37701,13
37702,13
37703,26
37704,73
37705,18
37706,18
37707,59
37708,72
37709,18
37710,37
37711,88
37712,89
37713,20
37714,51
37715,85
37717,64
37718,18
37722,35
37723,22
37724,22
37725,82
37726,43
37727,43
37728,42
37729,28
37730,18
37731,22
37732,92
37734,26
37735,32
37736,54
37737,31
37738,29
37739,8
37740,41
37741,35
37742,40
37743,40
37744,18
37745,75
37746,59
37748,79
37750,91
37751,38
37752,99
37753,40
37754,83
37755,83
37756,53
37758,2
37759,81
37761,62
37764,91
37765,27
37766,82
37767,51
37770,43
37772,95
37773,13
37774,47
37775,90
37777,81
37778,61
37779,30
37780,88
37781,37
37782,84
37784,14
37785,75
37786,34
37787,32
37788,88
37792,12
37793,53
37794,20
37795,58
37796,54
37797,52
37800,17
37801,49
37802,49
37803,17
37804,99
37806,54
37807,92
37808,10
37809,40
37810,24
37811,13
37812,9
37813,41
37814,42
37815,62
37817,45
37818,41
37820,33
37821,93
37823,40
37824,86
37825,13
37826,37
37827,37
37829,35
37831,49
37832,49
37833,49
37834,70
37837,17
37838,37
37839,84
37840,48
37841,20
37842,40
37843,13
37844,13
37845,48
37846,12
37848,88
37850,54
37852,98
37853,48
37855,23
37856,40
37857,92
37858,22
37859,38
37860,99
37861,99
37862,76
37863,77
37864,13
37865,88
37866,37
37867,18
37870,20
37871,92
37872,36
37873,42
37876,72
37877,92
37878,13
37880,54
37881,69
37882,80
37883,11
37884,72
37887,97
37888,13
37889,53
37890,41
37891,4
37892,47
37893,8
37894,32
37897,35
37898,31
37899,2
37901,32
37903,7
37904,36
37905,88
37906,16
37907,41
37908,93
37909,7
37910,31
37911,17
37912,17
37913,33
37915,26
37916,74
37917,16
37918,23
37919,37
37920,42
37921,60
37922,35
37923,10
37924,89
37925,41
37926,15
37927,86
37928,77
37929,17
37930,13
37937,51
37938,38
37939,28
37942,76
37943,59
37944,97
37946,66
37947,53
37948,76
37949,37
37950,42
37952,92
37953,53
37954,1
37955,13
37956,13
37957,4
37958,18
37959,32
37960,31
37961,87
37962,10
37963,1
37964,63
37965,10
37966,37
37967,10
37968,64
37969,97
37970,10
37972,92
37973,37
37974,37
37975,94
37976,44
37977,69
37978,69
37979,43
37980,98
37981,92
37982,89
37983,54
37984,54
37985,84
37988,11
37992,7
37993,60
37995,74
37996,34
37997,79
37998,11
37999,98
38000,68
38001,49
38003,32
38004,40
38005,49
38006,37
38007,13
38008,0
38009,97
38010,35
38011,69
38013,40
38014,31
38015,73
38016,20
38017,8
38018,17
38019,59
38020,0
38021,40
38022,89
38023,13
38024,64
38025,87
38026,27
38027,87
38028,44
38029,92
38030,17
38032,32
38035,13
38036,74
38037,29
38038,84
38039,41
38040,30
38041,48
38043,13
38044,27
38045,19
38046,8
38047,89
38048,46
38049,13
38050,80
38051,64
38052,38
38053,80
38054,1
38056,41
38060,22
38061,16
38062,85
38063,3
38064,35
38065,8
38066,74
38067,21
38068,15
38069,62
38070,72
38071,98
38072,64
38073,31
38075,70
38076,95
38077,32
38078,84
38079,28
38081,42
38083,85
38084,85
38085,85
38086,89
38087,17
38088,45
38090,79
38091,11
38092,26
38093,20
38094,20
38095,20
38096,20
38097,81
38098,20
38099,20
38100,20
38101,73
38102,18
38103,18
38104,20
38105,88
38106,11
38107,20
38108,48
38109,77
38110,0
38111,75
38112,72
38114,20
38115,74
38116,18
38117,20
38120,68
38123,17
38127,53
38128,47
38129,72
38130,95
38131,33
38132,2
38134,20
38135,38
38136,85
38137,95
38138,89
38139,31
38141,11
38142,49
38143,54
38144,33
38145,20
38146,80
38147,18
38148,23
38149,13
38152,17
38153,34
38154,51
38155,4
38156,85
38160,92
38161,33
38162,20
38164,75
38165,97
38167,41
38168,59
38169,33
38170,43
38171,85
38172,7
38173,14
38174,38
38175,92
38176,43
38177,85
38178,9
38179,8
38180,8
38181,1
38182,18
38183,53
38184,68
38185,89
38186,37
38187,77
38188,15
38189,40
38190,60
38191,13
38193,55
38194,89
38195,85
38196,1
38197,1
38198,94
38199,7
38200,77
38201,97
38202,54
38203,42
38205,89
38206,62
38207,40
38208,32
38209,53
38212,15
38214,13
38215,94
38219,11
38222,91
38223,34
38226,11
38227,92
38228,17
38230,99
38231,54
38232,18
38233,32
38234,59
38235,8
38236,32
38237,48
38238,91
38240,54
38241,87
38245,2
38246,28
38247,49
38248,51
38249,27
38250,43
38251,13
38252,3
38253,42
38254,17
38255,0
38261,30
38262,92
38263,17
38264,42
38265,27
38266,73
38267,11
38268,34
38269,42
38270,36
38273,26
38274,18
38275,46
38276,7
38277,92
38279,57
38280,2
38282,76
38283,11
38284,37
38286,37
38287,25
38288,83
38289,3
38290,40
38291,37
38292,37
38293,49
38294,46
38296,7
38297,53
38299,17
38300,17
38301,77
38302,25
38303,62
38304,54
38305,17
38306,82
38307,17
38308,40
38309,95
38310,76
38311,70
38312,76
38314,17
38315,40
38317,54
38318,73
38319,84
38321,77
38323,47
38324,61
38325,37
38326,46
38327,73
38328,45
38329,77
38330,26
38331,49
38332,49
38334,18
38337,61
38339,72
38340,77
38341,37
38342,46
38343,59
38345,54
38346,18
38347,33
38348,28
38349,10
38350,61
38351,27
38352,42
38353,76
38354,97
38355,20
38356,40
38357,16
38359,89
38363,40
38364,80
38365,11
38366,40
38367,89
38368,37
38369,83
38370,9
38371,18
38372,26
38373,31
38374,18
38375,20
38376,18
38377,20
38378,18
38379,81
38380,20
38381,89
38382,64
38383,13
38384,77
38386,61
38387,54
38388,1
38389,42
38390,54
38391,18
38393,97
38394,97
38398,40
38399,36
38401,54
38403,19
38404,27
38405,61
38406,7
38407,99
38408,35
38409,36
38410,98
38411,97
38412,74
38413,85
38415,77
38416,29
38417,95
38418,41
38419,70
38420,13
38421,92
38423,80
38424,13
38425,40
38427,11
38428,28
38429,17
38430,11
38431,17
38432,4
38433,61
38434,41
38436,43
38437,12
38438,38
38439,45
38440,40
38441,40
38443,68
38444,8
38445,42
38446,20
38447,4
38448,20
38450,17
38452,46
38453,17
38454,54
38455,77
38456,42
38457,84
38458,93
38460,1
38462,42
38463,99
38464,55
38466,33
38467,32
38468,49
38469,13
38470,22
38471,17
38472,70
38474,37
38475,98
38477,33
38478,42
38479,14
38480,19
38481,19
38482,19
38483,41
38484,41
38485,69
38486,43
38487,15
38488,72
38489,37
38490,1
38491,61
38492,20
38495,53
38497,41
38498,59
38500,51
38501,67
38503,99
38504,3
38507,67
38508,84
38510,1
38511,38
38512,94
38513,46
38514,36
38516,64
38517,43
38519,67
38520,98
38521,80
38523,2
38525,85
38526,77
38528,6
38529,98
38530,97
38531,76
38532,85
38534,34
38535,83
38536,28
38537,18
38538,54
38539,54
38540,17
38542,27
38544,18
38545,13
38549,99
38550,99
38551,93
38552,84
38553,17
38554,31
38555,92
38556,27
38557,26
38558,17
38559,53
38560,17
38561,85
38562,24
38564,92
38565,4
38566,99
38567,92
38569,45
38570,47
38571,72
38572,38
38573,1
38574,61
38575,56
38577,33
38579,34
38580,20
38582,11
38583,28
38584,40
38585,20
38586,80
38587,12
38588,18
38589,89
38590,76
38591,73
38592,93
38593,88
38594,38
38595,6
38596,13
38597,34
38599,26
38600,18
38601,47
38602,37
38603,17
38604,13
38606,32
38607,95
38608,17
38609,92
38610,92
38611,60
38612,60
38613,48
38614,60
38615,55
38616,76
38617,17
38619,92
38620,95
38621,20
38622,54
38623,15
38624,15
38625,15
38626,92
38627,96
38629,13
38630,35
38631,97
38632,97
38633,97
38634,95
38635,16
38636,36
38640,28
38642,31
38644,27
38645,32
38646,1
38647,1
38648,13
38649,4
38652,60
38653,10
38654,74
38655,89
38656,61
38657,85
38658,68
38659,45
38661,92
38662,13
38663,33
38664,33
38665,91
38666,95
38670,82
38671,30
38672,30
38675,3
38676,79
38677,53
38678,10
38679,37
38680,88
38681,77
38682,18
38683,80
38684,91
38685,37
38687,72
38688,72
38689,37
38690,87
38691,60
38693,7
38694,93
38695,36
38699,54
38700,54
38701,61
38702,37
38703,1
38709,54
38710,44
38711,10
38713,72
38714,22
38715,37
38716,14
38718,91
38719,37
38721,65
38722,28
38723,62
38724,51
38726,24
38727,21
38730,8
38731,95
38732,26
38733,3
38735,60
38738,83
38739,77
38740,95
38741,29
38742,92
38743,17
38745,74
38746,37
38747,16
38748,42
38749,60
38750,12
38751,78
38752,80
38753,93
38757,79
38758,77
38759,80
38761,92
38762,55
38763,75
38764,92
38766,98
38767,97
38768,83
38769,28
38770,35
38771,92
38773,61
38774,27
38775,74
38776,13
38777,3
38779,49
38781,87
38782,77
38783,2
38784,27
38785,88
38786,30
38787,36
38788,42
38789,42
38790,60
38791,17
38792,16
38793,42
38794,30
38795,97
38796,16
38798,37
38799,54
38801,20
38802,20
38803,20
38804,20
38805,20
38806,20
38807,20
38808,20
38809,20
38810,20
38811,20
38812,20
38813,20
38815,42
38816,1
38817,78
38818,50
38819,31
38820,36
38821,70
38822,29
38823,55
38824,30
38825,73
38826,43
38827,84
38828,84
38829,64
38830,43
38831,68
38832,37
38833,59
38834,92
38835,92
38837,95
38838,49
38839,38
38840,95
38841,48
38843,84
38844,17
38845,29
38846,59
38847,72
38848,51
38850,88
38853,82
38854,47
38855,41
38856,38
38857,38
38858,27
38859,41
38860,87
38861,48
38862,48
38863,48
38864,61
38865,47
38866,51
38869,27
38870,84
38871,70
38872,85
38873,74
38874,13
38875,47
38876,45
38877,99
38879,75
38880,98
38881,82
38884,35
38886,64
38887,16
38888,33
38889,2
38890,85
38891,42
38892,54
38893,85
38894,15
38895,91
38896,3
38897,92
38898,99
38899,30
38900,48
38901,10
38902,24
38903,23
38904,64
38905,45
38906,13
38907,18
38909,10
38910,47
38911,85
38916,45
38917,13
38918,70
38921,70
38922,74
38923,51
38926,61
38927,99
38928,28
38929,79
38931,10
38932,89
38933,27
38934,17
38936,30
38938,60
38939,92
38940,63
38941,60
38942,27
38943,79
38944,30
38945,88
38946,54
38948,83
38949,15
38950,18
38951,75
38952,36
38953,77
38954,40
38955,64
38956,32
38957,32
38958,2
38959,40
38960,26
38961,42
38962,11
38963,14
38964,54
38965,20
38966,18
38967,51
38968,17
38969,33
38970,17
38973,68
38976,74
38977,74
38978,17
38981,33
38982,87
38983,17
38984,28
38985,94
38989,85
38990,85
38991,43
38992,72
38993,28
38994,17
38995,92
38997,53
38998,59
38999,75
39000,73
39001,45
39002,13
39003,31
39005,2
39006,53
39009,42
39010,42
39011,64
39012,31
39013,27
39014,26
39015,20
39017,28
39018,33
39019,82
39020,17
39021,95
39022,74
39023,12
39025,68
39026,60
39027,42
39028,38
39029,54
39030,45
39032,98
39033,77
39036,79
39037,38
39038,49
39040,89
39041,28
39042,84
39044,79
39045,34
39047,92
39048,43
39049,64
39050,17
39051,17
39052,18
39053,77
39054,42
39055,45
39056,59
39060,10
39061,43
39062,97
39063,17
39064,20
39065,20
39066,37
39067,16
39068,95
39070,28
39072,12
39074,79
39075,77
39076,61
39077,30
39078,14
39079,2
39080,16
39081,92
39082,7
39083,17
39084,13
39087,54
39088,28
39089,35
39090,59
39091,61
39092,18
39093,34
39094,17
39095,89
39097,41
39098,78
39100,53
39102,17
39103,2
39104,45
39105,15
39106,35
39108,62
39109,42
39110,51
39111,37
39112,18
39114,80
39115,80
39116,51
39118,20
39119,76
39120,45
39121,73
39122,16
39123,13
39124,73
39125,17
39127,54
39128,24
39129,8
39130,27
39131,38
39132,49
39133,49
39134,33
39135,61
39136,47
39137,91
39138,1
39139,18
39140,42
39141,77
39142,28
39143,0
39144,31
39145,93
39148,95
39149,74
39150,22
39151,17
39152,46
39154,8
39155,81
39157,79
39158,12
39159,7
39160,80
39161,17
39162,85
39163,91
39164,40
39166,87
39167,37
39168,1
39169,74
39170,43
39172,1
39176,76
39178,22
39179,53
39180,83
39184,93
39185,82
39187,72
39188,27
39190,36
39192,37
39193,37
39194,49
39195,72
39196,26
39197,61
39198,99
39199,53
39200,85
39202,80
39203,29
39204,41
39205,40
39206,3
39207,37
39210,92
39211,34
39212,20
39214,93
39215,85
39216,91
39217,85
39218,16
39219,79
39221,84
39222,40
39223,20
39225,77
39226,78
39227,88
39228,74
39229,33
39230,95
39231,92
39232,54
39233,61
39234,60
39235,40
39236,99
39237,59
39238,59
39243,10
39244,68
39245,16
39246,97
39248,3
39249,15
39250,69
39252,84
39253,31
39254,17
39255,82
39257,89
39258,95
39259,23
39260,95
39262,86
39263,28
39264,51
39265,51
39266,20
39267,18
39268,20
39269,15
39270,93
39271,13
39272,77
39273,53
39274,74
39275,40
39278,2
39279,20
39280,70
39281,80
39282,26
39283,18
39284,4
39285,10
39286,51
39288,26
39290,26
39291,45
39292,69
39293,11
39294,1
39295,47
39296,91
39297,0
39298,13
39300,11
39301,73
39302,47
39303,73
39304,73
39305,73
39306,97
39307,26
39308,53
39309,20
39310,23
39313,18
39315,30
39316,31
39318,77
39321,21
39322,4
39323,94
39324,1
39326,94
39329,77
39330,73
39332,30
39333,82
39334,27
39338,61
39339,63
39340,3
39341,7
39342,7
39343,7
39344,31
39345,37
39346,41
39347,51
39348,83
39349,37
39351,30
39353,84
39355,65
39356,89
39357,64
39358,57
39359,37
39361,4
39362,30
39364,1
39366,85
39367,18
39368,83
39369,83
39370,95
39371,26
39372,40
39373,28
39374,43
39375,92
39376,43
39377,94
39378,85
39379,60
39380,51
39381,30
39383,43
39384,53
39385,91
39387,22
39388,27
39392,34
39393,61
39394,26
39395,26
39396,40
39397,49
39398,51
39399,59
39400,76
39401,35
39402,10
39403,67
39406,2
39407,2
39408,72
39411,47
39412,47
39413,47
39414,63
39415,7
39416,75
39417,33
39420,30
39421,27
39422,1
39423,64
39424,30
39425,37
39426,67
39427,87
39428,18
39431,74
39432,85
39433,17
39434,70
39435,54
39437,30
39438,61
39439,18
39440,18
39442,20
39443,94
39445,68
39447,2
39448,9
39451,88
39452,74
39453,16
39454,10
39455,11
39456,22
39457,12
39458,88
39459,36
39461,16
39463,84
39464,54
39465,41
39466,28
39467,82
39468,13
39470,84
39471,40
39472,40
39473,86
39474,84
39475,24
39477,40
39478,63
39479,17
39482,85
39483,89
39484,3
39485,72
39486,89
39487,53
39488,86
39489,22
39490,85
39494,38
39495,4
39496,38
39497,27
39498,1
39499,94
39500,48
39501,68
39502,89
39503,61
39504,30
39505,30
39508,28
39509,14
39511,20
39514,79
39515,93
39516,70
39517,36
39518,92
39519,91
39520,49
39521,54
39522,53
39523,20
39525,8
39526,81
39527,37
39528,35
39531,85
39532,75
39535,53
39537,88
39538,76
39539,4
39540,53
39542,53
39543,85
39544,33
39546,80
39547,1
39548,93
39549,92
39550,55
39551,20
39552,15
39554,92
39556,37
39558,1
39559,96
39560,72
39563,12
39564,17
39566,20
39567,92
39568,14
39569,95
39570,17
39571,34
39572,44
39574,86
39576,33
39577,17
39578,17
39580,88
39581,9
39582,86
39583,30
39584,41
39585,13
39586,55
39587,85
39588,22
39590,60
39591,91
39592,94
39593,92
39594,92
39595,85
39596,17
39597,54
39598,16
39599,92
39602,97
39603,96
39604,80
39605,68
39606,4
39607,35
39608,88
39609,7
39610,68
39611,85
39612,91
39614,99
39615,42
39616,82
39617,10
39620,84
39621,4
39622,18
39625,60
39626,38
39627,29
39628,26
39629,43
39630,41
39631,59
39632,54
39634,2
39635,59
39638,99
39639,51
39640,97
39641,92
39642,84
39643,17
39644,59
39645,70
39646,3
39647,97
39648,20
39651,53
39652,82
39653,89
39655,46
39656,3
39657,80
39659,95
39660,37
39661,85
39662,92
39663,68
39664,53
39665,4
39666,76
39668,16
39670,11
39671,34
39672,45
39673,64
39674,27
39675,95
39676,52
39677,54
39680,11
39681,85
39682,16
39683,35
39684,53
39685,60
39686,23
39688,53
39689,76
39690,34
39691,51
39692,94
39693,94
39695,53
39696,53
39698,62
39700,54
39701,88
39702,11
39703,26
39705,92
39706,3
39707,30
39708,10
39709,43
39710,53
39711,46
39712,72
39713,28
39714,77
39715,89
39716,94
39718,20
39720,14
39721,77
39723,28
39724,44
39725,13
39726,73
39727,26
39728,17
39729,7
39730,1
39731,37
39732,92
39733,77
39734,73
39735,41
39740,51
39741,24
39742,14
39743,68
39744,49
39745,0
39746,18
39747,84
39748,74
39749,51
39750,38
39751,81
39752,48
39753,57
39754,34
39755,3
39757,17
39758,94
39759,29
39760,27
39761,89
39766,29
39767,26
39768,15
39769,20
39770,30
39771,34
39772,37
39773,74
39775,54
39776,91
39777,59
39778,17
39779,64
39780,95
39781,43
39782,92
39783,38
39784,24
39785,77
39786,85
39787,46
39788,26
39789,70
39790,60
39791,64
39794,91
39795,82
39796,98
39797,98
39798,98
39799,17
39800,17
39801,22
39802,16
39803,64
39804,38
39805,68
39806,92
39807,17
39808,13
39810,91
39812,92
39813,37
39814,23
39815,56
39817,88
39818,74
39819,26
39820,3
39821,82
39822,79
39823,31
39824,37
39826,33
39827,11
39828,10
39829,41
39830,79
39831,28
39832,16
39833,92
39834,43
39838,27
39839,20
39840,54
39841,54
39842,54
39843,63
39844,38
39845,51
39846,71
39847,16
39848,84
39849,13
39850,59
39851,15
39852,30
39853,82
39854,32
39855,69
39856,26
39857,82
39858,0
39860,89
39861,73
39862,60
39863,8
39864,18
39865,93
39866,28
39867,28
39868,3
39869,64
39870,17
39871,17
39872,29
39873,20
39874,45
39875,60
39878,37
39879,37
39881,22
39882,95
39883,53
39886,51
39887,40
39888,53
39890,73
39891,33
39892,29
39893,83
39894,69
39895,18
39896,17
39897,84
39898,35
39899,35
39900,17
39903,85
39904,40
39905,37
39906,76
39907,59
39908,54
39909,98
39910,81
39911,83
39912,22
39913,26
39914,35
39915,31
39916,17
39917,27
39918,42
39920,60
39922,16
39923,17
39924,62
39925,34
39926,2
39927,95
39928,28
39929,64
39932,60
39933,1
39934,4
39935,34
39936,17
39937,59
39940,33
39941,26
39942,51
39943,51
39944,94
39945,80
39946,64
39949,81
39950,31
39951,30
39952,35
39954,31
39955,11
39956,26
39957,59
39958,40
39959,91
39960,20
39961,20
39962,20
39964,11
39965,68
39966,18
39967,26
39968,80
39969,79
39970,43
39971,96
39972,27
39973,68
39974,23
39975,32
39977,89
39978,45
39979,32
39980,46
39981,46
39982,45
39983,85
39984,2
39985,85
39986,20
39987,82
39989,53
39991,16
39993,64
39994,59
39995,43
39996,51
39997,2
39998,40
39999,13
40000,32
40001,60
40002,54
40003,42
40004,49
40005,40
40006,94
40008,13
40009,54
40010,42
40013,22
40014,85
40015,86
40016,93
40017,59
40018,68
40019,27
40020,60
40021,88
40022,88
40023,51
40024,93
40026,52
40027,76
40028,46
40029,91
40030,28
40031,4
40032,42
40033,33
40034,1
40035,40
40036,89
40037,95
40038,17
40040,74
40041,33
40042,33
40043,12
40044,95
40045,16
40046,41
40047,30
40048,24
40050,64
40051,23
40053,94
40054,94
40055,32
40056,57
40057,13
40058,13
40059,93
40060,20
40062,52
40063,74
40064,93
40065,30
40067,17
40068,18
40069,42
40071,52
40072,60
40073,22
40074,42
40075,0
40076,45
40077,89
40078,13
40079,20
40080,95
40081,13
40082,6
40083,1
40084,36
40087,12
40089,11
40090,52
40091,84
40092,60
40096,54
40097,11
40099,52
40100,32
40101,77
40102,85
40103,85
40104,7
40105,92
40106,79
40108,33
40109,40
40110,40
40111,37
40112,40
40113,84
40114,43
40116,94
40118,54
40119,28
40120,10
40121,23
40122,45
40124,38
40125,89
40126,48
40127,80
40128,52
40129,37
40130,88
40131,84
40132,27
40133,49
40134,24
40135,65
40136,82
40137,92
40140,91
40141,29
40142,1
40143,95
40144,51
40145,80
40146,70
40147,36
40148,10
40149,51
40151,88
40152,99
40153,11
40154,92
40155,65
40156,54
40157,40
40158,85
40159,85
40160,85
40161,79
40162,80
40163,84
40164,34
40166,61
40167,23
40168,16
40170,12
40171,61
40173,26
40175,28
40176,16
40177,92
40178,92
40179,17
40180,93
40181,43
40183,64
40184,79
40186,4
40187,27
40188,99
40190,64
40191,95
40192,46
40196,2
40197,89
40198,77
40199,37
40200,38
40201,97
40202,1
40203,33
40204,30
40205,65
40206,26
40207,20
40208,13
40209,63
40210,18
40211,18
40212,45
40214,92
40215,40
40216,26
40219,59
40220,68
40223,54
40224,81
40225,95
40226,0
40227,73
40229,95
40232,15
40233,83
40234,14
40235,26
40236,31
40237,38
40238,27
40240,28
40241,69
40242,77
40243,53
40244,31
40245,2
40246,4
40249,64
40250,51
40251,51
40252,18
40253,33
40254,17
40255,95
40256,40
40257,81
40259,15
40260,87
40262,17
40263,94
40264,93
40265,42
40266,80
40267,52
40268,28
40269,92
40270,60
40271,46
40273,87
40274,60
40275,52
40276,74
40277,17
40278,37
40280,27
40281,27
40282,40
40283,3
40284,44
40285,84
40286,51
40287,79
40288,69
40289,34
40290,4
40292,53
40293,47
40295,47
40297,34
40300,92
40301,68
40302,68
40303,17
40305,42
40306,53
40307,11
40309,80
40311,51
40312,76
40315,36
40316,1
40318,21
40319,13
40320,80
40321,76
40322,51
40323,52
40324,37
40325,37
40330,29
40331,62
40332,62
40333,62
40334,32
40335,49
40336,45
40337,17
40338,15
40339,46
40340,31
40341,88
40342,20
40343,1
40344,99
40345,12
40346,97
40347,37
40348,33
40349,16
40350,89
40352,30
40353,16
40354,93
40355,60
40356,53
40357,97
40359,74
40360,27
40361,90
40362,81
40363,40
40364,7
40365,89
40366,17
40367,51
40368,86
40369,74
40370,54
40371,88
40372,33
40373,79
40375,85
40376,48
40379,12
40380,8
40381,53
40383,34
40384,34
40385,16
40386,76
40387,18
40388,41
40389,31
40390,53
40393,51
40394,53
40395,28
40396,7
40397,52
40398,70
40400,31
40401,92
40402,72
40403,17
40404,23
40405,85
40406,85
40407,85
40408,1
40410,75
40411,51
40412,13
40414,82
40415,74
40416,33
40418,37
40419,85
40421,91
40423,51
40424,79
40425,24
40426,1
40427,77
40428,18
40429,89
40430,41
40431,37
40432,37
40433,37
40434,33
40435,69
40436,69
40437,20
40438,20
40439,28
40440,13
40441,88
40442,99
40443,20
40444,99
40445,31
40446,68
40447,74
40448,74
40449,93
40450,37
40451,37
40452,85
40453,33
40454,80
40455,1
40457,24
40458,26
40459,40
40460,76
40461,45
40462,22
40463,92
40464,33
40465,48
40466,18
40467,59
40468,51
40469,29
40470,26
40471,59
40472,81
40473,81
40474,73
40475,35
40476,69
40477,41
40479,83
40480,35
40481,89
40482,20
40483,1
40484,33
40485,20
40487,16
40488,4
40490,98
40491,33
40492,49
40493,33
40495,37
40497,27
40498,2
40499,31
40500,0
40501,56
40502,3
40503,31
40504,2
40505,79
40507,12
40508,94
40509,30
40510,76
40511,22
40513,88
40514,95
40515,18
40517,85
40518,49
40519,91
40520,76
40521,29
40522,4
40525,92
40526,74
40527,15
40528,97
40529,13
40531,31
40532,51
40533,31
40534,64
40535,89
40536,54
40537,88
40538,54
40539,85
40540,34
40541,41
40542,18
40545,37
40546,59
40547,7
40548,17
40549,53
40550,8
40552,8
40553,3
40554,64
40555,92
40556,20
40558,95
40559,97
40560,98
40562,38
40563,22
40565,27
40566,37
40567,91
40569,85
40570,16
40571,76
40572,7
40573,74
40574,17
40575,20
40576,74
40578,51
40579,42
40580,42
40581,22
40582,61
40583,16
40584,60
40585,92
40586,17
40587,59
40588,82
40589,51
40590,13
40591,31
40592,97
40593,80
40594,16
40596,26
40597,34
40598,57
40599,30
40600,59
40602,59
40603,33
40604,51
40605,17
40606,45
40607,80
40608,17
40609,18
40610,26
40611,37
40612,36
40613,77
40614,7
40615,18
40616,20
40617,8
40618,49
40619,85
40620,95
40621,43
40622,69
40623,63
40624,28
40626,30
40628,12
40629,30
40630,60
40631,16
40633,27
40634,27
40635,30
40636,30
40638,51
40639,29
40640,1
40641,54
40642,61
40643,34
40644,34
40645,30
40646,97
40647,74
40648,37
40649,12
40650,57
40651,37
40652,74
40653,10
40654,79
40655,94
40656,49
40657,49
40658,23
40659,1
40660,91
40661,37
40662,95
40663,62
40664,92
40665,11
40666,17
40667,17
40668,86
40670,64
40671,67
40672,37
40673,37
40674,37
40675,37
40676,93
40677,13
40678,61
40679,31
40680,46
40681,46
40682,74
40683,74
40684,68
40686,20
40688,92
40689,7
40690,85
40691,17
40692,92
40693,17
40696,22
40697,15
40698,14
40699,53
40700,10
40701,64
40702,37
40703,73
40704,31
40705,7
40706,81
40708,40
40709,95
40710,23
40711,45
40712,0
40713,53
40716,61
40717,99
40718,7
40719,0
40721,17
40722,17
40723,85
40725,17
40726,85
40727,41
40728,23
40729,57
40730,54
40731,41
40732,45
40734,1
40735,94
40736,10
40738,30
40741,49
40742,61
40743,61
40744,11
40745,87
40746,53
40747,84
40749,41
40751,82
40752,71
40753,71
40754,71
40755,71
40756,71
40757,71
40758,80
40759,60
40760,14
40762,1
40764,7
40765,12
40766,89
40767,14
40769,54
40770,20
40772,20
40773,61
40774,74
40775,26
40776,97
40777,13
40779,61
40780,45
40781,11
40782,19
40783,27
40784,73
40785,31
40786,98
40791,46
40792,12
40793,1
40794,11
40795,93
40796,55
40797,85
40798,18
40799,14
40800,1
40802,40
40803,27
40804,61
40806,47
40807,42
40811,26
40812,84
40813,87
40814,93
40815,54
40816,30
40821,33
40822,26
40823,20
40824,27
40825,75
40826,11
40828,43
40829,33
40830,42
40831,16
40832,82
40833,33
40834,85
40835,85
40836,33
40837,93
40838,22
40839,10
40840,95
40841,88
40842,32
40843,61
40844,33
40845,20
40846,73
40847,9
40848,59
40849,34
40850,76
40851,31
40852,99
40853,7
40856,74
40857,60
40858,18
40859,43
40860,84
40861,31
40862,49
40863,54
40864,53
40865,47
40866,86
40868,20
40869,32
40870,73
40871,9
40872,80
40873,23
40874,29
40875,20
40878,13
40879,85
40880,40
40881,75
40882,16
40883,85
40884,31
40886,18
40887,31
40888,77
40889,53
40890,83
40891,21
40892,77
40893,1
40894,15
40895,45
40896,51
40897,85
40898,2
40899,85
40900,84
40901,11
40903,86
40904,31
40905,12
40906,38
40907,16
40908,17
40909,33
40910,61
40911,28
40912,37
40913,47
40914,11
40915,85
40918,9
40919,32
40921,40
40922,43
40923,96
40924,51
40925,84
40926,37
40927,17
40928,85
40929,18
40930,49
40931,29
40932,31
40933,41
40934,80
40935,69
40936,85
40937,16
40938,35
40939,33
40940,85
40941,92
40943,55
40944,63
40945,0
40946,14
40947,85
40948,77
40949,22
40950,74
40951,85
40952,21
40953,56
40954,56
40955,29
40956,54
40957,11
40958,7
40959,49
40960,53
40961,90
40962,20
40963,85
40964,56
40965,25
40966,26
40967,26
40968,25
40969,25
40970,90
40971,18
40972,72
40973,41
40974,93
40975,45
40977,41
40978,18
40979,45
40980,20
40981,26
40982,20
40983,20
40984,76
40986,49
40987,61
40988,15
40989,88
40990,30
40991,56
40992,25
40993,25
40994,82
40995,22
40996,33
40997,33
40998,37
40999,37
41000,0
41001,33
41002,16
41003,82
41004,33
41005,1
41006,72
41007,14
41008,95
41009,93
41010,1
41011,27
41012,2
41013,34
41014,14
41015,48
41016,98
41017,83
41018,13
41019,14
41020,33
41021,33
41022,33
41023,45
41024,88
41025,80
41026,24
41027,90
41028,70
41029,90
41030,27
41031,93
41032,18
41033,10
41034,45
41035,22
41036,41
41037,86
41040,97
41041,95
41042,73
41043,83
41044,29
41046,89
41047,12
41048,18
41049,90
41050,91
41052,16
41055,54
41057,80
41058,85
41059,38
41061,27
41062,44
41063,99
41064,44
41067,27
41068,47
41069,14
41070,35
41071,76
41073,8
41074,60
41075,89
41076,99
41077,99
41078,33
41081,88
41082,20
41083,49
41084,25
41085,43
41086,13
41089,33
41090,22
41091,87
41092,93
41093,91
41094,12
41095,31
41096,48
41097,17
41098,16
41102,48
41103,27
41104,42
41105,73
41107,1
41108,60
41109,9
41110,84
41111,77
41115,26
41117,92
41118,95
41119,87
41122,15
41125,13
41126,97
41127,92
41128,82
41129,12
41130,33
41131,22
41132,22
41133,40
41134,94
41135,77
41136,17
41137,33
41138,61
41139,16
41140,26
41141,3
41142,8
41143,27
41144,9
41145,73
41146,45
41148,4
41149,68
41150,53
41151,33
41152,95
41153,53
41154,70
41156,54
41158,27
41159,12
41160,77
41162,98
41163,46
41164,99
41165,60
41166,27
41167,95
41168,91
41169,68
41170,76
41171,61
41172,59
41173,14
41174,20
41175,64
41176,86
41177,59
41178,15
41179,27
41180,70
41181,89
41182,93
41183,84
41184,16
41185,33
41186,22
41187,33
41188,43
41189,59
41190,85
41191,37
41192,21
41194,48
41195,75
41196,85
41199,33
41200,42
41201,87
41202,31
41203,18
41204,15
41205,61
41206,86
41207,73
41209,53
41210,77
41212,15
41213,22
41214,20
41215,99
41216,38
41217,54
41218,46
41219,77
41220,96
41221,27
41222,13
41223,30
41224,43
41225,49
41227,29
41228,85
41229,85
41230,38
41231,13
41232,70
41233,27
41234,13
41235,59
41236,2
41237,27
41241,51
41242,70
41243,74
41244,83
41245,27
41246,53
41247,37
41248,12
41249,80
41250,48
41252,12
41253,18
41254,61
41256,93
41258,13
41259,17
41260,17
41261,17
41262,17
41263,53
41264,54
41265,86
41266,31
41267,31
41268,68
41269,94
41270,42
41271,95
41272,67
41273,47
41274,72
41275,15
41276,15
41278,4
41279,40
41280,20
41282,42
41283,72
41284,37
41285,85
41286,93
41288,8
41289,54
41290,46
41291,95
41292,79
41295,61
41296,62
41297,59
41298,99
41299,49
41300,2
41302,94
41303,91
41304,45
41308,12
41309,13
41310,8
41311,10
41313,7
41314,7
41315,7
41316,83
41317,48
41319,20
41321,68
41323,29
41324,12
41326,92
41327,40
41328,70
41329,37
41330,37
41331,37
41332,37
41333,27
41334,11
41335,68
41338,70
41339,37
41340,37
41341,37
41343,54
41344,98
41345,60
41346,51
41347,46
41348,17
41349,95
41350,3
41351,28
41352,55
41354,1
41355,41
41356,92
41357,81
41358,20
41359,20
41360,20
41361,3
41362,18
41365,95
41366,86
41368,13
41369,10
41370,75
41372,61
41373,45
41374,70
41375,70
41376,70
41378,13
41380,29
41381,26
41383,68
41386,11
41387,66
41388,68
41391,53
41392,95
41393,54
41394,64
41395,40
41396,83
41397,98
41398,9
41399,9
41400,13
41401,36
41402,33
41403,85
41404,92
41405,89
41406,55
41407,13
41408,37
41409,53
41410,86
41411,36
41412,11
41414,49
41415,93
41417,27
41418,85
41419,61
41420,2
41421,18
41422,94
41423,80
41424,35
41425,86
41426,88
41430,60
41431,60
41432,83
41433,93
41434,92
41435,12
41436,68
41437,72
41438,82
41440,16
41443,42
41444,92
41445,90
41446,3
41447,59
41448,48
41450,58
41451,42
41452,87
41453,33
41454,33
41455,93
41456,33
41457,33
41458,7
41459,33
41460,16
41461,33
41462,16
41463,89
41464,91
41465,61
41466,38
41467,38
41468,99
41470,18
41471,69
41472,54
41474,2
41475,41
41476,61
41477,46
41478,11
41479,12
41480,18
41481,56
41483,37
41484,18
41485,41
41487,83
41488,83
41489,82
41490,37
41491,18
41492,51
41493,95
41495,87
41496,13
41497,75
41498,63
41499,53
41500,26
41501,11
41502,18
41505,20
41506,13
41507,10
41508,42
41509,47
41510,11
41511,83
41512,86
41513,17
41514,37
41515,92
41516,45
41518,91
41519,20
41520,20
41521,83
41524,17
41525,33
41526,17
41527,29
41528,41
41529,59
41530,27
41532,48
41533,51
41534,59
41535,68
41536,86
41537,49
41538,77
41540,8
41541,51
41542,37
41544,51
41545,94
41546,4
41547,67
41548,41
41549,91
41550,32
41552,1
41553,1
41554,1
41556,93
41557,35
41558,92
41559,20
41560,22
41561,42
41562,56
41563,69
41564,37
41565,56
41566,20
41567,54
41568,28
41569,84
41570,28
41571,26
41572,20
41573,7
41574,1
41576,36
41579,82
41580,75
41581,93
41582,41
41583,51
41584,26
41586,44
41588,53
41589,85
41590,59
41591,7
41592,80
41593,97
41594,41
41595,79
41597,67
41598,59
41599,85
41602,26
41603,92
41604,57
41605,13
41606,28
41607,14
41608,41
41609,46
41610,68
41611,97
41613,36
41615,3
41616,41
41617,75
41618,60
41619,76
41620,51
41621,51
41622,82
41623,29
41624,82
41625,40
41627,82
41628,86
41629,36
41630,35
41631,17
41632,11
41633,20
41634,31
41635,27
41636,16
41637,44
41638,51
41639,27
41640,31
41641,92
41642,79
41643,68
41645,49
41646,1
41647,10
41648,51
41649,53
41650,20
41651,82
41652,49
41653,48
41654,11
41655,76
41656,48
41657,23
41658,82
41659,49
41660,37
41661,86
41662,92
41663,41
41664,51
41665,86
41666,48
41667,92
41668,77
41669,68
41671,3
41672,37
41673,31
41674,51
41676,77
41677,9
41678,36
41679,71
41680,41
41681,49
41682,74
41685,54
41687,47
41688,13
41689,83
41690,3
41691,98
41693,99
41694,13
41695,40
41696,55
41697,79
41698,97
41700,92
41701,13
41702,64
41703,63
41704,84
41705,99
41707,84
41708,92
41709,14
41710,79
41711,93
41712,92
41713,80
41714,44
41715,86
41716,27
41717,51
41718,22
41719,92
41720,20
41721,17
41722,42
41723,3
41725,79
41726,10
41727,4
41728,4
41729,82
41730,41
41732,80
41733,97
41734,51
41735,63
41736,63
41737,86
41739,57
41740,1
41741,92
41742,27
41743,73
41744,84
41747,99
41748,99
41749,77
41750,10
41751,84
41752,43
41753,22
41754,85
41755,60
41756,13
41757,97
41758,82
41759,89
41760,38
41761,4
41762,80
41764,37
41765,74
41766,18
41767,7
41768,36
41770,42
41771,42
41772,17
41773,54
41774,7
41775,4
41776,27
41777,17
41778,79
41779,22
41781,75
41782,40
41783,4
41784,59
41785,4
41787,83
41788,83
41790,33
41791,85
41792,13
41793,36
41794,37
41795,72
41796,29
41797,17
41798,51
41799,95
41800,42
41801,1
41802,92
41803,92
41804,91
41805,18
41806,27
41807,42
41808,98
41809,99
41810,97
41811,18
41812,40
41813,54
41814,54
41816,59
41817,37
41819,45
41820,89
41822,43
41823,36
41824,75
41825,59
41826,1
41827,92
41828,85
41829,91
41830,53
41831,57
41832,20
41833,31
41834,51
41835,51
41836,51
41837,17
41838,11
41839,74
41840,23
41844,37
41846,17
41847,92
41848,12
41849,89
41850,26
41851,77
41852,46
41854,1
41855,22
41856,8
41857,2
41858,94
41859,37
41860,88
41861,84
41862,31
41863,37
41864,95
41865,57
41866,17
41867,12
41869,4
41870,59
41871,36
41873,63
41875,36
41876,36
41877,59
41878,89
41879,17
41880,32
41881,0
41885,82
41886,51
41887,73
41888,45
41889,62
41890,70
41891,13
41892,20
41893,26
41894,57
41895,1
41896,17
41897,73
41898,31
41899,55
41900,26
41901,20
41902,54
41905,44
41906,17
41908,97
41909,17
41910,88
41911,83
41912,41
41913,27
41914,47
41915,8
41916,85
41917,1
41918,42
41919,17
41920,40
41921,74
41922,51
41923,20
41924,53
41925,95
41926,59
41927,51
41928,29
41929,69
41930,10
41932,37
41934,43
41935,69
41936,89
41937,27
41938,77
41939,51
41940,55
41941,49
41942,35
41944,12
41945,24
41946,75
41947,51
41949,10
41950,97
41951,22
41952,77
41953,77
41954,89
41955,98
41957,54
41958,28
41959,42
41960,84
41961,60
41962,62
41963,37
41964,92
41966,92
41971,68
41972,64
41973,68
41974,51
41975,54
41976,82
41977,74
41978,48
41979,95
41981,44
41982,17
41983,54
41985,12
41987,42
41988,49
41989,29
41990,97
41993,20
41994,20
41995,83
41996,86
41997,17
41998,23
41999,61
42000,42
42001,61
42002,61
42003,61
42004,61
42005,61
42006,61
42007,46
42008,20
42009,27
42010,33
42011,91
42012,16
42013,76
42014,17
42015,92
42016,17
42017,82
42018,77
42019,17
42022,10
42024,3
42025,53
42026,8
42027,26
42029,17
42030,23
42032,35
42033,84
42034,38
42035,3
42037,61
42038,61
42039,61
42040,92
42041,99
42042,27
42043,81
42044,76
42045,85
42046,48
42048,54
42049,92
42050,91
42051,38
42052,38
42053,18
42055,11
42056,33
42057,59
42058,99
42059,42
42060,60
42061,84
42062,13
42066,92
42067,20
42068,10
42069,92
42072,75
42073,77
42074,35
42075,80
42076,38
42077,86
42078,13
42079,74
42080,34
42081,46
42082,51
42083,20
42084,95
42085,1
42086,86
42087,8
42089,14
42090,95
42091,60
42092,85
42093,29
42095,37
42096,37
42097,34
42098,51
42099,86
42100,1
42101,92
42102,17
42103,10
42104,17
42105,15
42106,68
42108,54
42109,1
42110,2
42111,90
42112,23
42113,86
42114,51
42115,59
42117,59
42118,73
42119,59
42120,46
42121,54
42122,80
42123,10
42124,64
42125,85
42127,12
42128,19
42129,45
42130,17
42132,87
42133,17
42134,38
42135,90
42136,45
42137,17
42138,83
42139,60
42140,73
42142,17
42144,32
42145,37
42146,84
42147,13
42148,10
42149,95
42150,35
42152,83
42153,85
42154,55
42155,17
42156,71
42157,71
42158,71
42159,71
42160,71
42161,71
42162,24
42163,51
42164,13
42165,37
42166,69
42167,17
42168,17
42169,17
42170,32
42171,38
42172,68
42173,54
42174,37
42175,35
42176,88
42179,46
42180,88
42181,38
42182,44
42183,44
42184,70
42185,51
42187,95
42188,76
42189,26
42190,15
42191,86
42193,17
42194,0
42195,27
42196,76
42197,91
42199,32
42200,85
42201,78
42202,9
42203,74
42204,74
42205,88
42206,17
42208,11
42209,44
42210,27
42214,27
42215,84
42216,28
42217,84
42218,72
42220,95
42221,15
42222,16
42223,32
42224,65
42225,13
42226,82
42227,76
42228,83
42229,68
42230,92
42231,53
42232,92
42233,16
42234,7
42235,35
42236,82
42238,18
42239,88
42240,88
42241,89
42243,44
42245,28
42246,92
42247,80
42248,27
42249,96
42250,22
42251,26
42252,13
42254,16
42255,74
42257,14
42258,26
42259,44
42265,98
42266,23
42267,36
42268,59
42270,45
42273,26
42274,92
42275,63
42276,86
42277,40
42278,68
42279,95
42280,18
42281,98
42282,40
42283,59
42284,88
42285,32
42287,17
42288,18
42289,60
42290,38
42291,20
42296,43
42299,99
42301,38
42303,26
42304,42
42305,40
42306,98
42307,92
42308,59
42309,27
42312,13
42313,13
42314,23
42315,41
42317,51
42318,20
42319,26
42320,37
42322,95
42324,90
42327,70
42328,41
42329,63
42330,98
42331,18
42332,76
42333,33
42334,26
42336,20
42340,18
42341,31
42342,54
42343,26
42344,77
42345,74
42346,54
42348,68
42350,60
42351,27
42352,51
42353,92
42354,26
42355,31
42356,60
42357,1
42358,92
42359,72
42360,26
42361,27
42362,7
42363,89
42364,95
42365,82
42366,3
42367,47
42368,41
42369,77
42370,17
42371,51
42374,12
42375,35
42378,34
42380,4
42381,32
42382,62
42383,13
42384,27
42385,45
42386,96
42388,42
42389,7
42390,35
42391,64
42392,98
42393,65
42394,7
42395,10
42396,92
42398,2
42399,42
42400,80
42401,82
42402,80
42403,86
42405,84
42407,38
42408,93
42409,7
42410,42
42412,52
42413,31
42414,3
42415,4
42417,86
42419,73
42420,54
42422,38
42423,59
42425,51
42426,94
42427,82
42428,93
42429,31
42430,31
42431,73
42434,47
42435,11
42437,1
42438,83
42439,98
42441,59
42442,76
42444,32
42445,26
42446,12
42447,27
42449,27
42450,55
42451,94
42452,42
42455,16
42457,46
42458,42
42459,33
42460,20
42461,17
42462,37
42466,81
42467,8
42468,54
42469,51
42473,54
42474,72
42475,95
42476,99
42477,30
42478,30
42479,35
42480,30
42481,30
42482,42
42483,42
42484,95
42485,30
42486,1
42488,26
42490,22
42491,94
42492,94
42493,94
42494,88
42495,42
42496,37
42498,37
42499,37
42500,13
42501,27
42504,92
42506,46
42507,59
42508,40
42514,26
42515,47
42517,77
42518,18
42519,37
42520,47
42521,46
42522,13
42523,10
42526,41
42527,27
42528,51
42529,85
42530,30
42531,85
42532,59
42533,37
42534,37
42535,35
42536,37
42537,40
42538,48
42539,53
42540,96
42542,80
42543,69
42544,55
42545,17
42546,30
42547,51
42548,17
42549,68
42550,20
42551,42
42552,54
42553,99
42555,48
42556,92
42557,18
42558,51
42559,13
42560,73
42562,59
42564,51
42566,76
42567,95
42568,7
42569,86
42571,75
42572,92
42573,51
42574,3
42575,3
42576,40
42578,13
42579,23
42580,8
42581,10
42582,17
42583,45
42584,40
42585,99
42587,18
42589,95
42591,32
42593,2
42595,93
42596,93
42597,93
42599,1
42600,93
42601,26
42602,77
42603,23
42604,12
42605,18
42606,40
42607,99
42611,27
42612,24
42613,28
42614,18
42616,35
42618,1
42619,59
42620,91
42621,99
42622,57
42623,92
42625,1
42626,28
42628,40
42629,34
42630,59
42631,55
42632,13
42633,36
42634,80
42638,54
42639,26
42640,57
42641,38
42644,69
42645,26
42647,53
42650,68
42652,54
42653,17
42654,23
42655,41
42656,26
42657,20
42658,46
42660,40
42661,20
42664,56
42665,87
42666,42
42667,98
42668,38
42671,1
42672,43
42674,84
42676,40
42677,38
42678,38
42679,38
42680,95
42681,47
42682,4
42683,20
42685,84
42686,45
42687,33
42688,17
42689,3
42690,47
42691,63
42692,80
42693,36
42696,64
42699,59
42701,31
42702,1
42703,16
42704,10
42706,27
42707,88
42708,88
42709,79
42710,80
42712,95
42713,88
42714,33
42715,53
42716,18
42717,45
42718,64
42719,51
42720,40
42721,12
42722,53
42723,73
42724,88
42725,17
42726,42
42728,17
42729,85
42730,85
42731,85
42732,13
42733,22
42734,30
42735,82
42736,54
42737,4
42739,32
42740,1
42741,81
42742,35
42747,20
42748,17
42749,27
42750,37
42751,37
42752,37
42753,26
42754,70
42755,33
42756,85
42757,47
42758,27
42759,89
42760,63
42761,72
42763,37
42764,11
42766,31
42767,4
42768,1
42769,98
42770,13
42771,1
42772,37
42773,8
42779,61
42780,61
42781,61
42782,61
42783,61
42784,61
42785,61
42786,61
42787,61
42788,61
42789,61
42790,61
42791,61
42792,61
42793,61
42794,61
42795,61
42796,92
42797,22
42799,76
42800,59
42801,91
42802,33
42803,55
42804,3
42805,92
42806,35
42807,33
42808,35
42809,20
42810,40
42811,51
42812,1
42813,33
42816,25
42817,13
42818,61
42819,61
42820,61
42821,61
42822,65
42823,72
42824,88
42825,64
42826,53
42827,3
42828,51
42829,82
42830,89
42831,93
42832,32
42833,68
42834,59
42835,85
42837,92
42838,51
42839,92
42840,92
42841,42
42842,27
42843,13
42844,13
42845,42
42850,24
42853,30
42854,54
42855,41
42856,13
42857,13
42859,82
42860,42
42862,17
42863,55
42864,13
42865,18
42866,60
42868,55
42869,8
42870,17
42871,32
42872,27
42874,82
42875,34
42876,51
42877,91
42879,42
42880,89
42884,42
42886,92
42887,60
42888,64
42889,20
42890,48
42891,26
42892,41
42893,27
42894,22
42895,65
42897,38
42899,60
42901,90
42902,33
42904,84
42905,33
42906,33
42907,33
42908,75
42909,13
42910,46
42911,34
42913,63
42914,90
42915,99
42916,73
42917,51
42918,34
42919,57
42920,92
42921,20
42922,61
42923,57
42925,59
42926,37
42930,76
42931,76
42932,76
42933,76
42934,92
42936,75
42938,68
42940,86
42941,53
42943,22
42944,15
42945,18
42946,3
42947,24
42948,68
42949,77
42950,69
42951,77
42952,51
42953,17
42954,60
42955,55
42956,83
42957,18
42958,48
42959,60
42960,51
42961,92
42963,82
42964,26
42965,93
42967,87
42968,20
42969,57
42970,84
42971,13
42972,70
42973,33
42974,37
42975,88
42977,54
42978,40
42979,35
42980,95
42981,72
42982,51
42983,45
42984,26
42985,89
42987,44
42988,11
42989,85
42990,60
42991,35
42992,35
42993,35
42994,35
42995,35
42996,35
42997,35
42998,53
42999,95
43001,51
43002,18
43005,43
43006,28
43008,57
43011,17
43012,79
43013,80
43015,81
43016,88
43019,93
43020,27
43021,92
43025,16
43026,13
43027,77
43028,70
43031,18
43032,18
43035,84
43036,96
43037,37
43038,44
43039,3
43040,89
43041,56
43042,89
43043,13
43044,13
43045,13
43046,44
43048,3
43049,20
43050,3
43051,23
43052,29
43053,29
43054,29
43055,95
43056,67
43057,67
43058,73
43059,72
43060,54
43061,60
43062,20
43063,85
43064,33
43065,16
43066,38
43067,92
43068,73
43069,85
43070,84
43071,1
43073,12
43074,46
43075,45
43076,73
43077,91
43079,17
43080,37
43081,22
43082,16
43083,1
43084,37
43085,51
43086,45
43087,79
43088,59
43089,99
43090,32
43091,46
43092,1
43093,68
43094,26
43095,70
43096,48
43097,99
43098,93
43099,13
43100,59
43101,80
43102,17
43103,89
43106,93
43107,3
43108,85
43109,92
43110,92
43111,13
43112,92
43113,42
43114,92
43116,11
43117,17
43118,92
43119,92
43120,92
43121,85
43122,92
43123,35
43124,12
43125,94
43126,92
43127,92
43128,92
43129,1
43130,1
43131,92
43132,47
43133,1
43134,92
43135,33
43136,82
43137,1
43138,92
43139,92
43140,92
43141,92
43142,85
43143,92
43144,92
43145,92
43146,17
43147,92
43148,85
43149,85
43150,74
43151,0
43152,1
43153,1
43154,1
43155,85
43156,47
43157,93
43158,1
43159,1
43160,51
43162,37
43166,77
43167,64
43168,1
43169,92
43170,92
43177,40
43185,10
43186,7
43187,43
43188,43
43189,43
43190,57
43192,85
43195,15
43197,92
43198,33
43199,85
43200,32
43201,20
43202,45
43203,60
43204,92
43205,20
43206,26
43207,51
43208,34
43209,47
43210,35
43211,45
43212,74
43214,46
43216,0
43218,17
43219,12
43221,51
43222,46
43223,38
43224,98
43225,52
43227,79
43229,74
43230,17
43231,47
43232,23
43234,86
43235,90
43237,20
43238,47
43240,28
43241,0
43242,2
43245,92
43246,60
43247,38
43248,3
43249,92
43250,74
43251,35
43252,43
43253,30
43254,54
43255,88
43256,17
43257,6
43259,95
43261,91
43262,91
43263,17
43264,86
43265,22
43266,17
43267,82
43268,17
43269,17
43270,92
43271,99
43272,40
43273,51
43274,38
43278,55
43280,62
43281,85
43282,19
43283,47
43284,27
43286,40
43287,3
43288,33
43289,34
43292,0
43293,17
43296,97
43297,77
43298,33
43299,10
43300,79
43301,17
43302,20
43303,15
43304,10
43305,40
43314,27
43317,96
43318,76
43319,18
43320,23
43323,21
43325,92
43326,80
43327,51
43328,26
43329,41
43330,71
43331,31
43334,7
43336,3
43337,67
43340,97
43341,32
43342,27
43343,64
43344,86
43345,20
43346,20
43347,51
43348,88
43349,80
43350,79
43351,70
43352,99
43353,16
43354,52
43355,80
43357,71
43358,93
43359,63
43362,17
43363,40
43364,62
43365,88
43366,42
43367,60
43368,36
43369,95
43370,21
43371,74
43372,87
43373,20
43374,92
43375,77
43376,31
43377,68
43378,97
43379,33
43380,37
43381,91
43382,71
43383,79
43384,54
43385,54
43386,54
43387,74
43390,92
43391,19
43393,0
43394,27
43395,29
43396,64
43397,80
43399,35
43402,75
43403,99
43404,13
43405,11
43406,98
43407,67
43409,20
43410,51
43411,34
43412,34
43413,34
43414,92
43415,79
43416,53
43417,54
43418,21
43419,80
43420,92
43421,89
43422,97
43423,91
43424,17
43425,74
43426,74
43427,54
43428,75
43429,40
43431,40
43433,20
43434,71
43435,10
43437,94
43439,11
43440,88
43442,15
43444,29
43445,29
43446,29
43447,3
43448,18
43449,37
43450,62
43451,42
43452,68
43453,13
43454,4
43455,92
43456,84
43457,3
43461,18
43462,74
43463,59
43464,18
43465,92
43466,11
43467,34
43468,21
43469,94
43470,48
43471,93
43472,45
43473,59
43474,71
43477,75
43480,79
43481,79
43482,93
43483,42
43484,11
43485,29
43487,9
43488,48
43489,37
43490,10
43491,23
43492,33
43494,18
43495,42
43496,69
43497,84
43498,37
43499,37
43500,64
43502,63
43503,18
43504,80
43505,18
43506,13
43507,60
43508,16
43509,17
43510,53
43513,74
43514,20
43515,83
43516,68
43517,75
43518,51
43519,54
43520,42
43522,67
43523,13
43524,18
43525,88
43526,75
43527,0
43528,78
43529,93
43530,75
43531,64
43533,26
43534,80
43536,10
43537,27
43538,94
43539,34
43540,84
43541,42
43542,17
43543,44
43544,11
43545,21
43546,29
43548,20
43549,84
43550,26
43551,85
43552,42
43553,73
43555,88
43556,94
43557,51
43558,74
43559,45
43562,83
43563,48
43565,75
43566,55
43568,95
43569,17
43571,95
43572,11
43573,4
43574,77
43576,40
43577,40
43578,40
43579,40
43580,4
43581,64
43582,17
43583,92
43584,17
43585,74
43586,84
43587,70
43588,84
43589,41
43590,41
43591,34
43592,34
43593,34
43594,76
43595,92
43596,3
43597,4
43598,12
43599,3
43600,74
43601,20
43602,51
43604,77
43605,20
43606,84
43607,53
43608,27
43609,53
43611,76
43612,98
43614,4
43615,38
43616,94
43617,13
43618,20
43620,92
43621,18
43622,95
43623,48
43624,13
43625,89
43626,75
43627,82
43628,82
43629,82
43630,18
43631,89
43633,47
43634,31
43635,68
43636,92
43637,74
43638,74
43639,74
43640,92
43641,83
43642,18
43643,21
43644,12
43645,24
43646,63
43647,63
43648,60
43649,12
43650,34
43651,20
43654,84
43655,84
43656,15
43657,63
43658,18
43659,92
43660,18
43661,18
43662,84
43663,89
43665,84
43666,67
43667,45
43668,88
43669,9
43670,17
43671,45
43672,26
43673,38
43674,16
43675,92
43677,33
43678,47
43680,87
43681,72
43682,72
43683,86
43684,84
43685,26
43688,7
43691,75
43692,24
43693,95
43695,19
43696,94
43697,92
43699,17
43700,18
43701,13
43702,0
43703,1
43705,97
43706,22
43707,51
43708,61
43709,61
43710,61
43711,82
43713,40
43714,86
43715,28
43716,37
43719,20
43720,74
43721,52
43722,52
43723,69
43726,29
43727,37
43728,20
43729,29
43730,49
43731,85
43732,37
43735,46
43736,88
43737,88
43738,18
43739,38
43741,1
43742,0
43743,37
43745,27
43749,82
43750,46
43751,27
43753,13
43754,53
43755,20
43756,94
43757,63
43758,4
43762,82
43763,92
43764,60
43765,92
43766,7
43768,18
43769,17
43770,42
43771,42
43773,16
43774,95
43775,95
43776,95
43780,79
43785,1
43786,91
43790,32
43791,81
43792,51
43793,92
43794,20
43795,42
43796,17
43797,68
43799,83
43800,20
43805,75
43806,94
43807,92
43808,3
43809,31
43810,95
43811,29
43812,42
43813,20
43814,52
43816,76
43817,78
43818,2
43819,28
43820,4
43824,42
43825,29
43826,59
43827,43
43828,7
43829,7
43830,7
43831,47
43832,92
43833,74
43834,24
43835,90
43837,93
43838,82
43840,33
43841,28
43842,36
43843,47
43844,53
43845,30
43846,73
43847,26
43852,53
43853,17
43854,74
43855,89
43856,86
43857,54
43858,64
43862,59
43863,2
43864,35
43865,60
43866,60
43867,77
43868,88
43869,88
43870,50
43872,3
43873,34
43874,68
43875,17
43876,35
43877,28
43878,85
43879,21
43880,11
43881,11
43882,30
43883,95
43884,95
43885,74
43886,92
43887,79
43888,4
43893,15
43894,51
43895,68
43896,18
43897,27
43898,94
43900,67
43904,86
43905,17
43906,3
43907,17
43908,74
43909,27
43910,60
43911,93
43912,55
43915,34
43916,16
43917,92
43918,74
43921,48
43922,83
43925,35
43927,31
43928,40
43929,15
43930,32
43934,62
43935,13
43936,92
43937,17
43938,65
43939,89
43940,92
43942,79
43943,21
43944,16
43945,54
43946,40
43947,20
43951,80
43952,85
43954,20
43955,70
43957,19
43958,27
43959,27
43961,86
43963,23
43965,77
43966,29
43967,20
43968,60
43969,9
43970,95
43971,93
43972,42
43973,48
43974,48
43975,59
43976,64
43977,16
43979,31
43981,30
43982,72
43983,1
43984,74
43985,65
43986,45
43988,73
43989,59
43990,97
43991,81
43992,81
43993,69
43994,59
43995,91
43996,80
43997,42
43998,40
43999,3
44000,81
44001,31
44002,31
44003,31
44004,31
44005,31
44006,31
44007,31
44008,31
44009,31
44010,31
44011,31
44012,31
44013,7
44014,51
44015,10
44016,20
44018,37
44019,28
44020,30
44021,88
44022,77
44024,22
44025,13
44026,68
44027,26
44028,73
44029,20
44030,74
44031,74
44032,27
44033,51
44034,13
44035,20
44037,7
44038,27
44039,18
44040,60
44041,17
44043,45
44044,60
44045,17
44046,60
44048,79
44050,15
44052,89
44053,18
44055,97
44056,40
44057,40
44058,40
44059,17
44060,17
44061,17
44062,17
44063,81
44064,10
44065,10
44066,48
44071,18
44072,95
44073,26
44074,44
44075,42
44076,53
44077,17
44078,17
44079,70
44080,1
44081,92
44082,51
44083,85
44085,11
44089,79
44090,54
44091,85
44092,10
44094,89
44096,40
44097,19
44099,80
44100,2
44101,67
44102,8
44103,26
44104,35
44105,72
44106,13
44107,13
44108,0
44109,43
44111,17
44112,97
44113,36
44114,43
44115,91
44116,83
44117,87
44118,49
44119,26
44121,29
44122,84
44123,92
44124,41
44125,53
44126,65
44127,32
44129,49
44132,41
44133,92
44134,20
44135,67
44138,20
44140,13
44143,96
44144,89
44145,89
44146,37
44147,59
44148,17
44149,16
44150,16
44151,80
44152,59
44153,16
44154,17
44155,80
44159,85
44163,60
44164,33
44165,2
44166,41
44167,28
44171,31
44172,17
44175,27
44176,15
44177,72
44178,17
44179,30
44182,91
44183,52
44184,7
44185,22
44186,64
44188,74
44189,23
44190,97
44191,40
44192,75
44193,97
44194,13
44195,43
44196,35
44200,12
44201,83
44202,83
44205,27
44206,77
44208,74
44209,97
44210,16
44212,53
44213,12
44214,77
44215,68
44219,3
44220,59
44221,10
44222,70
44223,76
44224,76
44225,12
44226,80
44227,86
44228,68
44229,31
44230,68
44231,18
44233,10
44234,12
44235,73
44237,1
44240,95
44241,84
44245,18
44247,47
44249,33
44252,47
44253,47
44254,47
44256,22
44257,62
44259,13
44261,7
44262,97
44263,12
44264,37
44266,1
44267,30
44268,95
44269,75
44270,28
44273,63
44274,89
44276,79
44278,25
44279,71
44280,18
44281,31
44282,11
44284,77
44286,91
44287,40
44288,3
44289,8
44290,65
44291,18
44292,29
44293,17
44294,92
44295,79
44296,53
44297,19
44299,17
44302,10
44303,49
44304,91
44306,82
44307,44
44308,88
44311,43
44312,95
44314,53
44315,65
44316,22
44317,17
44318,65
44319,94
44320,11
44321,51
44322,15
44324,33
44325,79
44326,37
44327,22
44328,70
44329,51
44330,65
44331,4
44332,52
44333,27
44334,51
44335,45
44336,33
44337,94
44338,52
44340,51
44341,77
44342,69
44343,14
44344,52
44345,77
44347,7
44348,22
44349,20
44350,15
44351,33
44352,17
44353,17
44360,54
44361,52
44362,91
44367,13
44369,17
44370,83
44371,77
44374,1
44375,59
44376,88
44377,74
44378,52
44379,4
44380,97
44381,47
44382,60
44384,49
44385,82
44387,62
44388,81
44391,97
44392,97
44393,51
44394,17
44395,84
44396,89
44397,20
44398,98
44399,16
44400,3
44401,92
44404,44
44406,54
44408,42
44409,67
44410,46
44411,18
44412,20
44413,4
44414,18
44415,95
44416,2
44417,84
44418,53
44419,16
44420,18
44421,82
44422,40
44425,74
44426,92
44427,35
44428,91
44429,60
44430,72
44431,80
44432,80
44433,91
44434,80
44435,13
44437,83
44438,83
44439,18
44440,74
44441,18
44443,83
44444,98
44445,92
44447,72
44448,41
44449,84
44450,18
44451,12
44454,7
44455,0
44456,4
44457,17
44458,51
44459,41
44460,69
44461,53
44462,77
44463,91
44464,91
44465,94
44466,77
44469,20
44470,83
44471,7
44472,55
44475,42
44476,70
44477,21
44478,17
44479,81
44480,7
44481,89
44484,82
44485,17
44486,43
44487,43
44490,97
44491,52
44492,41
44493,46
44494,46
44495,46
44496,40
44497,7
44498,7
44499,7
44500,89
44501,68
44502,81
44503,86
44505,27
44508,12
44509,51
44511,12
44514,35
44515,26
44516,60
44517,80
44518,80
44520,80
44521,91
44522,91
44523,91
44524,57
44525,40
44526,40
44527,28
44530,13
44531,74
44533,52
44534,25
44535,44
44536,72
44538,75
44539,75
44541,81
44544,19
44546,7
44547,57
44548,13
44550,29
44551,40
44552,11
44553,13
44554,13
44555,20
44556,74
44557,60
44558,3
44559,44
44560,85
44561,49
44562,54
44563,13
44564,84
44566,51
44567,77
44568,60
44569,40
44570,68
44571,80
44572,80
44573,29
44574,59
44576,17
44577,24
44578,54
44579,14
44581,76
44582,81
44583,82
44585,68
44586,31
44587,91
44588,91
44590,7
44591,54
44592,92
44593,99
44594,46
44595,71
44596,71
44597,71
44599,12
44600,59
44601,74
44603,75
44604,77
44605,4
44606,51
44607,20
44608,96
44609,33
44614,8
44615,84
44616,94
44618,52
44619,26
44621,51
44622,72
44623,60
44624,53
44625,20
44626,14
44627,35
44628,2
44629,7
44630,49
44631,2
44632,16
44633,37
44635,83
44636,81
44637,17
44638,72
44640,38
44641,83
44643,80
44644,20
44645,10
44646,96
44648,95
44649,83
44650,71
44651,92
44652,71
44653,8
44654,30
44655,20
44656,27
44658,92
44659,41
44660,30
44661,80
44662,80
44663,80
44665,28
44669,95
44670,33
44671,17
44672,37
44673,30
44678,23
44679,84
44680,92
44681,42
44682,31
44683,60
44684,60
44685,26
44686,41
44688,27
44690,30
44691,59
44692,42
44693,17
44694,60
44695,46
44700,46
44701,9
44702,41
44703,88
44704,58
44705,40
44706,30
44707,30
44708,30
44709,60
44712,71
44716,92
44717,22
44718,7
44720,68
44721,85
44724,86
44725,19
44726,42
44727,53
44728,89
44729,32
44730,28
44731,82
44732,55
44733,99
44734,12
44735,30
44736,14
44738,60
44739,80
44740,88
44741,73
44742,73
44743,51
44744,79
44745,80
44746,72
44747,0
44748,76
44750,51
44751,48
44752,85
44753,71
44754,26
44755,45
44759,30
44760,30
44761,14
44764,27
44765,72
44766,68
44767,34
44768,71
44769,20
44770,92
44771,77
44772,20
44773,85
44774,92
44776,35
44777,35
44778,98
44779,4
44780,92
44782,33
44783,83
44785,40
44786,33
44787,18
44788,86
44789,82
44790,30
44791,13
44792,81
44794,60
44795,18
44796,57
44798,99
44799,75
44800,89
44801,80
44802,80
44803,37
44804,92
44805,48
44806,75
44808,92
44809,30
44810,54
44813,86
44815,8
44816,42
44818,92
44819,93
44820,81
44822,85
44823,95
44824,33
44827,65
44828,37
44829,22
44833,99
44835,24
44836,30
44837,31
44838,28
44841,33
44842,42
44843,64
44844,89
44846,86
44847,74
44848,55
44849,40
44850,30
44851,31
44852,9
44853,95
44854,95
44855,88
44860,80
44862,86
44864,68
44865,41
44866,8
44867,11
44870,30
44872,33
44873,17
44875,7
44876,7
44878,37
44879,59
44880,19
44881,33
44882,17
44883,76
44884,84
44885,84
44886,84
44887,30
44888,94
44889,41
44890,54
44891,99
44894,45
44895,18
44896,18
44897,8
44898,38
44900,88
44901,85
44902,85
44903,85
44904,80
44905,8
44907,95
44908,89
44909,60
44910,34
44912,13
44913,60
44914,92
44915,55
44916,0
44917,76
44919,2
44920,88
44922,17
44923,59
44924,92
44925,71
44926,11
44927,71
44928,22
44929,20
44930,73
44932,89
44933,30
44934,35
44935,35
44939,43
44941,18
44942,71
44943,71
44947,55
44948,81
44949,13
44950,92
44951,17
44952,85
44953,30
44954,92
44955,95
44959,94
44962,98
44963,85
44964,83
44965,9
44966,89
44968,84
44969,29
44970,41
44973,98
44974,13
44975,65
44976,30
44977,99
44978,99
44979,94
44980,46
44981,71
44982,1
44983,12
44984,33
44985,21
44986,28
44987,27
44988,54
44989,80
44990,83
44991,92
44992,27
44993,53
44994,53
44995,54
44996,85
44997,89
44998,87
45001,18
45002,89
45003,30
45004,77
45005,18
45006,31
45010,46
45011,9
45016,68
45018,81
45019,81
45020,20
45021,3
45022,92
45023,8
45024,41
45025,96
45026,92
45027,88
45028,17
45029,17
45030,68
45032,64
45033,7
45034,18
45035,46
45037,80
45038,85
45039,30
45040,11
45041,20
45042,37
45044,72
45045,17
45047,59
45048,20
45049,18
45050,10
45051,95
45053,20
45054,18
45057,10
45059,60
45061,82
45063,32
45064,74
45065,75
45066,98
45067,2
45068,26
45069,41
45070,17
45071,92
45072,31
45074,85
45075,35
45076,47
45077,75
45078,74
45079,51
45080,45
45081,20
45082,24
45083,68
45084,32
45085,67
45086,32
45087,30
45088,30
45089,30
45090,30
45092,45
45093,30
45094,30
45095,30
45096,30
45097,53
45098,87
45099,87
45100,70
45101,42
45102,53
45103,57
45104,37
45105,30
45106,13
45107,37
45108,92
45109,20
45110,64
45111,45
45112,74
45113,20
45114,57
45115,19
45116,36
45117,17
45118,41
45122,20
45124,77
45125,14
45128,10
45129,51
45130,13
45131,13
45132,53
45133,59
45134,30
45135,22
45136,33
45137,72
45138,60
45139,77
45140,17
45141,7
45142,92
45143,95
45144,48
45146,86
45148,20
45149,18
45152,71
45153,60
45154,74
45155,92
45156,82
45157,45
45158,69
45159,72
45160,10
45162,27
45164,92
45165,13
45166,57
45167,27
45168,24
45169,13
45170,88
45172,2
45173,38
45174,17
45175,53
45177,79
45178,94
45179,77
45181,75
45182,86
45184,47
45185,95
45187,18
45188,89
45190,69
45192,92
45193,71
45194,71
45195,26
45196,71
45198,7
45199,99
45200,0
45201,85
45202,86
45204,42
45205,31
45206,16
45208,86
45209,10
45210,72
45214,87
45228,10
45229,84
45230,14
45231,77
45232,17
45233,83
45234,11
45235,68
45236,92
45237,54
45238,27
45239,24
45240,98
45241,99
45242,99
45243,99
45244,99
45245,33
45247,84
45248,93
45249,75
45251,40
45253,92
45255,55
45256,95
45259,87
45260,33
45261,89
45262,17
45264,92
45265,3
45266,36
45267,36
45268,35
45269,12
45270,24
45272,20
45273,95
45274,41
45275,24
45276,24
45277,38
45278,92
45279,35
45280,98
45281,16
45282,47
45283,20
45285,54
45287,77
45288,24
45289,24
45290,60
45291,15
45292,24
45293,18
45294,24
45295,24
45299,87
45300,24
45301,24
45302,74
45303,18
45304,26
45305,26
45306,27
45307,32
45308,86
45309,73
45310,20
45311,27
45313,79
45314,75
45315,20
45316,4
45317,13
45318,54
45320,15
45321,72
45322,27
45324,85
45325,71
45326,86
45327,24
45328,60
45329,71
45331,74
45332,51
45336,53
45337,71
45338,84
45339,32
45341,91
45342,30
45343,17
45344,77
45345,71
45346,38
45347,92
45348,55
45349,33
45350,49
45351,93
45353,2
45354,12
45356,28
45357,91
45359,30
45360,30
45361,19
45362,20
45363,89
45365,80
45366,46
45367,60
45368,2
45369,81
45370,73
45372,68
45375,10
45376,42
45377,55
45379,3
45380,84
45381,92
45382,41
45383,38
45384,72
45385,35
45386,80
45387,20
45388,24
45389,92
45390,74
45391,80
45394,13
45395,13
45396,42
45397,17
45398,17
45399,30
45400,30
45401,59
45402,22
45403,37
45405,17
45406,36
45407,36
45408,36
45409,36
45410,51
45412,89
45413,22
45414,20
45415,63
45416,74
45417,17
45419,20
45420,99
45421,31
45422,18
45423,18
45424,47
45425,88
45426,75
45427,46
45429,54
45430,82
45432,92
45433,54
45435,18
45436,41
45439,30
45440,35
45441,97
45442,82
45443,17
45444,95
45446,77
45447,86
45449,11
45450,94
45451,93
45452,92
45454,83
45455,33
45456,65
45457,17
45462,22
45463,18
45464,18
45465,49
45466,49
45467,49
45469,53
45470,38
45471,53
45473,14
45474,33
45475,26
45476,70
45477,17
45478,63
45479,88
45480,2
45481,20
45482,80
45483,20
45484,38
45485,86
45489,69
45490,86
45491,86
45492,33
45493,68
45494,86
45495,29
45496,40
45497,17
45498,45
45502,70
45503,83
45504,51
45505,42
45506,44
45507,17
45510,88
45511,47
45512,0
45514,82
45515,95
45516,54
45517,92
45518,92
45519,41
45520,35
45521,98
45522,14
45523,13
45524,7
45525,93
45526,46
45528,93
45529,30
45530,92
45531,13
45532,65
45535,23
45536,92
45537,92
45538,54
45539,1
45540,26
45541,77
45542,12
45543,91
45545,92
45546,86
45547,86
45549,92
45551,24
45552,92
45553,24
45554,15
45555,51
45556,43
45557,17
45558,83
45559,36
45560,53
45561,30
45563,9
45564,20
45567,60
45568,41
45570,48
45571,10
45572,55
45573,43
45576,17
45577,17
45578,64
45580,63
45581,53
45582,17
45583,42
45584,68
45585,45
45586,38
45587,68
45588,74
45591,63
45592,45
45593,46
45596,40
45597,40
45598,85
45599,64
45601,92
45602,81
45603,41
45604,18
45605,51
45606,74
45608,27
45609,41
45610,13
45611,46
45613,86
45614,46
45616,74
45617,92
45618,59
45619,18
45620,18
45621,42
45622,33
45623,1
45624,54
45625,9
45626,83
45627,86
45628,10
45629,86
45630,32
45631,14
45632,21
45634,35
45636,33
45637,14
45639,81
45640,89
45641,11
45642,53
45643,99
45645,42
45646,30
45648,1
45651,92
45652,15
45654,13
45656,42
45657,92
45658,33
45659,92
45660,59
45662,95
45663,92
45666,57
45667,17
45671,72
45673,79
45674,98
45675,30
45676,64
45677,20
45678,37
45680,86
45681,46
45682,93
45683,92
45684,13
45685,85
45686,52
45687,93
45688,4
45689,92
45690,17
45691,28
45693,52
45694,52
45695,75
45699,95
45700,80
45701,18
45703,23
45705,73
45706,84
45708,32
45709,46
45710,30
45711,63
45712,60
45714,51
45716,74
45717,2
45718,12
45719,1
45720,17
45721,2
45723,72
45724,89
45727,86
45728,1
45729,81
45730,81
45731,81
45732,15
45733,13
45734,85
45735,77
45736,99
45737,51
45738,8
45740,17
45741,23
45742,22
45743,88
45744,51
45745,32
45746,8
45747,84
45748,80
45749,16
45750,74
45751,92
45752,60
45754,21
45755,16
45756,54
45757,31
45758,89
45759,46
45760,98
45761,31
45762,74
45763,95
45764,36
45765,36
45766,46
45768,74
45769,45
45771,36
45772,51
45773,46
45774,82
45775,68
45776,86
45777,99
45778,29
45779,95
45780,15
45781,10
45782,48
45784,80
45785,12
45786,96
45788,49
45789,83
45790,53
45791,47
45792,85
45793,10
45794,10
45795,57
45796,29
45797,97
45799,42
45800,76
45801,76
45802,17
45804,92
45805,10
45806,10
45809,60
45810,12
45811,18
45812,40
45813,80
45814,8
45815,79
45816,37
45817,37
45818,37
45819,91
45820,81
45821,81
45822,47
45823,20
45824,89
45825,77
45827,89
45828,12
45838,55
45839,16
45841,86
45842,43
45843,76
45844,74
45845,87
45846,18
45847,31
45848,42
45849,4
45850,20
45851,11
45852,72
45853,35
45854,45
45856,45
45857,0
45858,65
45859,92
45860,12
45862,27
45863,55
45865,60
45866,70
45867,81
45868,81
45869,13
45870,17
45871,9
45872,94
45873,40
45878,7
45880,33
45881,33
45882,33
45883,77
45884,9
45885,60
45887,99
45888,99
45890,53
45891,53
45893,46
45894,83
45895,0
45896,69
45898,93
45899,53
45900,83
45907,51
45908,92
45909,60
45910,48
45912,33
45913,11
45914,16
45915,42
45917,64
45918,32
45919,62
45920,49
45921,38
45922,12
45923,40
45924,36
45925,85
45926,62
45927,0
45928,31
45929,73
45930,64
45931,12
45932,77
45933,82
45934,9
45938,19
45939,99
45940,99
45941,99
45942,89
45944,92
45946,64
45949,83
45950,89
45951,73
45952,26
45954,14
45955,77
45957,64
45958,84
45959,8
45960,22
45961,42
45962,81
45963,92
45964,76
45968,51
45971,11
45972,53
45973,86
45974,17
45975,92
45976,53
45978,64
45980,73
45981,73
45982,22
45983,53
45988,81
45989,17
45990,17
45991,86
45992,81
45993,53
45994,87
45995,74
45997,34
45998,42
46001,10
46002,60
46004,32
46005,32
46006,82
46007,86
46008,33
46009,46
46010,92
46011,17
46013,94
46015,4
46016,26
46017,32
46018,8
46019,87
46020,17
46023,0
46024,72
46025,89
46026,41
46027,22
46028,18
46029,89
46030,27
46032,27
46034,60
46035,53
46036,28
46037,12
46038,20
46039,77
46040,32
46041,26
46042,74
46043,17
46044,10
46045,86
46046,1
46047,72
46048,17
46049,15
46050,84
46051,3
46052,64
46054,86
46055,32
46056,74
46057,70
46058,69
46059,17
46060,54
46063,72
46064,33
46066,32
46067,68
46068,60
46069,53
46074,53
46075,17
46076,34
46077,76
46078,20
46079,51
46080,8
46084,15
46085,22
46087,51
46088,37
46090,60
46091,10
46092,53
46093,68
46094,77
46095,83
46096,1
46097,12
46098,47
46099,18
46102,34
46103,67
46104,63
46105,77
46106,29
46107,49
46108,74
46109,69
46110,95
46112,38
46113,77
46114,12
46115,12
46116,12
46117,86
46118,20
46119,34
46120,80
46121,41
46122,77
46123,92
46124,70
46125,97
46127,86
46128,7
46129,20
46130,73
46131,9
46132,46
46134,64
46136,89
46138,10
46139,73
46140,35
46143,21
46144,21
46145,91
46146,92
46148,20
46149,18
46150,77
46151,45
46152,59
46153,33
46155,40
46156,1
46158,21
46159,92
46160,82
46161,4
46165,26
46166,83
46167,31
46168,28
46169,68
46170,1
46171,23
46172,17
46173,15
46175,41
46176,92
46178,0
46179,11
46181,83
46185,93
46186,12
46187,84
46188,92
46189,12
46190,3
46191,12
46192,12
46195,93
46197,98
46198,10
46199,88
46200,70
46202,18
46205,59
46206,77
46207,10
46208,84
46209,2
46210,12
46212,20
46215,12
46216,68
46217,93
46218,95
46219,77
46220,43
46221,18
46222,36
46223,60
46226,10
46227,13
46228,1
46229,96
46230,74
46232,77
46233,91
46234,91
46235,53
46236,33
46237,15
46238,4
46239,49
46240,10
46241,51
46242,9
46243,18
46244,18
46247,0
46248,60
46249,46
46250,16
46251,53
46252,22
46254,55
46256,12
46257,86
46258,1
46260,13
46261,12
46262,15
46264,98
46266,68
46269,92
46271,17
46272,73
46273,34
46274,60
46275,95
46276,59
46280,27
46281,51
46283,12
46284,34
46286,13
46287,4
46288,72
46289,17
46291,23
46292,1
46293,12
46294,89
46298,10
46299,12
46300,12
46301,97
46302,68
46303,83
46304,59
46305,23
46306,33
46309,46
46310,46
46311,10
46312,99
46313,91
46315,95
46316,34
46317,92
46318,32
46319,60
46320,91
46321,47
46322,80
46323,12
46324,18
46326,53
46327,64
46328,27
46329,80
46330,51
46331,60
46332,45
46333,89
46336,35
46337,26
46338,72
46339,36
46341,15
46342,88
46343,37
46344,83
46345,91
46346,94
46347,41
46348,22
46349,80
46353,53
46354,4
46356,21
46358,1
46359,99
46360,30
46361,83
46362,81
46363,37
46365,12
46366,92
46367,1
46369,7
46370,45
46371,86
46372,7
46374,80
46375,92
46376,77
46377,21
46378,35
46379,81
46380,89
46381,16
46382,77
46383,19
46384,53
46385,60
46386,17
46388,69
46389,11
46390,7
46391,95
46392,32
46394,32
46395,30
46396,30
46397,73
46398,91
46399,74
46400,31
46401,53
46402,33
46403,85
46404,92
46405,1
46406,9
46407,96
46408,40
46409,1
46412,10
46413,95
46414,54
46415,13
46416,32
46417,33
46418,42
46419,26
46420,10
46421,40
46422,35
46423,89
46424,54
46425,32
46426,51
46427,12
46428,11
46429,48
46430,83
46431,79
46432,89
46433,75
46434,12
46435,33
46436,22
46437,92
46438,68
46439,48
46440,42
46441,7
46443,33
46445,68
46446,27
46448,54
46449,77
46450,64
46451,60
46452,36
46454,49
46455,88
46457,59
46458,92
46460,22
46462,33
46464,73
46467,13
46468,42
46471,12
46472,77
46473,19
46474,74
46475,7
46476,20
46477,17
46478,20
46479,35
46480,20
46481,84
46482,13
46483,74
46484,92
46485,97
46486,24
46487,89
46489,54
46491,40
46492,65
46493,35
46497,88
46498,46
46499,89
46500,82
46501,72
46503,59
46505,37
46506,54
46507,54
46508,74
46509,97
46510,87
46511,21
46512,77
46513,27
46514,21
46515,24
46516,32
46517,0
46519,91
46520,33
46521,35
46522,54
46523,33
46524,97
46526,13
46528,74
46529,4
46530,4
46531,20
46533,53
46534,36
46535,36
46536,18
46537,94
46540,92
46542,32
46543,32
46544,20
46545,54
46546,20
46547,25
46548,85
46549,22
46552,53
46555,54
46556,60
46558,16
46559,42
46560,42
46564,89
46565,75
46566,33
46567,12
46570,18
46571,60
46572,81
46573,13
46574,95
46577,13
46578,51
46579,45
46581,59
46582,37
46583,30
46584,30
46585,45
46586,59
46587,87
46588,17
46590,40
46591,7
46592,17
46595,45
46596,36
46597,7
46600,16
46601,20
46602,13
46603,78
46605,10
46606,83
46607,40
46608,53
46609,15
46610,18
46614,40
46615,36
46616,36
46617,20
46618,60
46619,54
46620,54
46621,15
46622,15
46623,33
46629,52
46630,26
46633,49
46634,13
46635,18
46636,88
46637,18
46641,84
46642,68
46643,8
46644,77
46645,85
46647,76
46648,60
46649,45
46650,59
46651,12
46652,81
46653,17
46654,48
46656,86
46658,73
46659,52
46660,73
46661,27
46662,88
46664,79
46665,52
46666,52
46667,46
46668,46
46669,46
46670,46
46671,46
46672,46
46674,15
46675,85
46676,60
46677,11
46678,53
46680,68
46681,95
46682,66
46684,19
46685,53
46686,53
46688,17
46689,53
46690,4
46691,80
46692,96
46693,43
46694,7
46695,42
46696,68
46697,18
46698,94
46699,70
46700,80
46701,82
46702,24
46703,12
46705,84
46706,19
46707,80
46708,33
46709,73
46710,19
46711,79
46712,92
46714,79
46716,60
46720,41
46722,73
46727,79
46728,49
46729,87
46730,7
46731,95
46732,53
46733,18
46734,18
46735,16
46737,26
46738,30
46739,66
46742,60
46743,11
46744,91
46745,79
46746,45
46750,47
46751,20
46752,67
46753,51
46754,9
46755,22
46756,88
46757,12
46759,49
46760,99
46761,43
46762,92
46763,13
46764,32
46766,0
46769,29
46770,12
46772,64
46774,33
46775,95
46776,52
46777,11
46779,51
46780,66
46782,69
46783,18
46784,30
46786,89
46787,22
46788,9
46789,77
46790,43
46791,10
46792,30
46793,3
46794,17
46795,35
46796,59
46797,17
46798,17
46799,59
46800,88
46801,85
46802,40
46803,46
46804,54
46806,30
46807,95
46808,95
46809,73
46810,30
46811,66
46812,45
46813,16
46814,17
46815,46
46816,30
46818,60
46820,19
46821,85
46822,12
46823,9
46825,32
46826,30
46827,98
46829,30
46830,15
46833,85
46834,81
46836,77
46838,60
46839,91
46841,93
46846,33
46848,89
46849,40
46850,86
46851,51
46852,22
46853,91
46855,47
46856,99
46857,1
46858,99
46859,73
46861,24
46863,72
46864,48
46865,12
46866,3
46869,46
46871,17
46872,17
46877,51
46879,77
46883,0
46884,20
46885,66
46886,66
46889,64
46892,17
46893,53
46894,23
46895,30
46897,66
46901,20
46904,45
46905,94
46906,27
46909,0
46911,23
46913,49
46915,51
46917,48
46918,10
46920,17
46921,18
46923,88
46924,4
46925,4
46926,1
46927,95
46930,30
46933,80
46934,24
46935,95
46937,60
46942,20
46943,52
46944,72
46945,1
46946,23
46947,18
46948,95
46949,68
46950,92
46951,3
46952,3
46953,53
46954,53
46955,66
46956,91
46958,1
46959,66
46960,72
46961,8
46963,20
46964,64
46965,66
46966,29
46967,97
46968,86
46969,23
46970,26
46971,75
46972,4
46973,23
46974,18
46975,26
46976,84
46977,45
46978,92
46982,34
46983,3
46984,20
46986,18
46988,3
46989,9
46990,42
46992,10
46993,52
46994,64
46995,64
46998,28
47000,63
47001,11
47002,49
47003,1
47004,79
47006,91
47008,92
47010,70
47011,29
47012,70
47013,54
47014,54
47015,28
47016,36
47017,36
47018,54
47019,75
47021,28
47022,69
47023,92
47024,19
47025,26
47026,79
47028,32
47030,16
47032,99
47035,23
47036,38
47037,83
47039,64
47040,77
47043,45
47044,41
47045,66
47047,1
47049,66
47050,14
47051,29
47053,72
47055,38
47056,53
47059,28
47060,13
47061,93
47065,66
47066,66
47067,21
47068,45
47071,17
47075,13
47076,51
47078,79
47080,34
47082,95
47083,66
47084,59
47085,15
47086,15
47087,86
47088,12
47089,51
47090,68
47091,18
47094,66
47097,80
47098,93
47099,66
47105,60
47107,54
47108,23
47109,18
47110,31
47111,31
47113,85
47115,32
47116,10
47117,10
47118,10
47119,29
47120,17
47121,46
47122,46
47123,46
47125,97
47126,8
47127,18
47128,3
47129,27
47130,42
47132,83
47134,54
47135,31
47136,11
47137,81
47139,74
47141,70
47143,99
47144,22
47146,72
47147,23
47148,89
47149,12
47150,80
47151,82
47156,15
47157,69
47158,83
47161,80
47162,40
47165,17
47166,17
47167,28
47168,49
47169,42
47170,10
47176,80
47177,43
47178,74
47179,17
47180,19
47181,19
47182,18
47183,19
47185,63
47186,63
47187,77
47190,54
47191,32
47192,18
47194,80
47195,15
47197,87
47198,92
47200,38
47201,45
47204,76
47206,45
47208,95
47209,27
47211,37
47212,67
47213,53
47214,20
47215,20
47216,95
47217,23
47218,49
47219,19
47220,13
47221,65
47222,65
47223,66
47224,40
47225,99
47226,17
47227,19
47228,72
47229,1
47230,66
47231,83
47232,64
47233,53
47234,79
47235,66
47236,69
47237,59
47238,19
47239,60
47240,15
47241,76
47242,49
47243,68
47244,63
47245,9
47246,16
47247,83
47248,9
47250,66
47252,24
47253,68
47254,68
47256,64
47258,77
47261,19
47262,95
47263,21
47264,42
47265,99
47266,89
47269,12
47270,17
47271,16
47272,85
47273,84
47274,83
47279,17
47280,32
47281,19
47282,37
47283,24
47284,24
47285,72
47288,63
47289,31
47290,7
47291,84
47292,60
47293,24
47296,19
47297,91
47298,91
47299,66
47300,30
47302,88
47303,53
47304,88
47305,85
47306,13
47307,22
47308,45
47309,79
47310,79
47312,85
47314,20
47315,22
47316,18
47317,13
47319,85
47323,29
47326,32
47330,64
47331,10
47332,41
47333,57
47334,95
47335,74
47336,18
47337,26
47338,37
47339,23
47340,23
47342,16
47343,79
47344,13
47347,96
47348,91
47349,64
47351,95
47353,87
47354,38
47356,69
47357,59
47358,86
47359,95
47361,60
47363,51
47364,4
47365,18
47366,11
47367,64
47368,33
47369,52
47370,30
47371,8
47372,47
47373,36
47374,36
47375,36
47376,36
47377,36
47378,93
47379,10
47380,9
47382,8
47383,38
47384,36
47385,59
47386,4
47387,79
47389,52
47390,89
47391,22
47392,27
47394,16
47396,13
47397,23
47399,59
47400,80
47402,27
47403,11
47405,59
47408,72
47413,46
47415,97
47416,9
47417,17
47418,52
47420,54
47421,20
47422,14
47423,97
47424,88
47425,88
47426,85
47427,10
47428,92
47429,15
47430,7
47431,70
47432,70
47433,70
47434,1
47435,60
47436,23
47437,83
47438,51
47439,21
47443,51
47444,55
47445,33
47446,35
47447,88
47448,79
47449,83
47450,4
47451,92
47452,77
47454,15
47455,15
47456,54
47457,79
47460,64
47462,99
47463,53
47464,28
47466,75
47470,93
47471,17
47474,22
47475,75
47476,98
47478,75
47483,93
47484,12
47485,92
47486,49
47487,32
47488,32
47489,32
47490,32
47491,86
47492,59
47493,23
47494,8
47496,53
47498,32
47499,81
47500,32
47501,63
47505,73
47506,20
47507,59
47508,40
47509,45
47511,42
47512,51
47513,40
47515,91
47517,73
47518,10
47519,18
47520,95
47521,96
47523,85
47524,59
47525,1
47526,18
47527,59
47528,80
47529,85
47530,85
47531,85
47532,18
47533,59
47534,85
47535,85
47536,95
47537,13
47538,20
47546,10
47548,9
47549,29
47553,17
47554,92
47555,91
47556,91
47557,91
47558,70
47559,10
47560,10
47561,10
47562,17
47563,32
47564,92
47567,32
47568,32
47569,32
47570,32
47571,65
47575,59
47576,92
47577,95
47578,60
47579,32
47580,32
47581,32
47582,17
47583,92
47585,68
47586,32
47587,47
47588,13
47591,1
47592,1
47593,1
47595,13
47596,10
47597,17
47598,93
47599,40
47600,40
47601,40
47602,32
47603,32
47604,10
47605,18
47606,30
47607,99
47609,74
47610,51
47611,83
47612,84
47613,33
47614,1
47615,17
47616,74
47617,29
47618,85
47619,85
47620,85
47621,63
47624,43
47625,17
47626,40
47627,14
47628,97
47630,18
47633,92
47634,1
47635,94
47636,32
47637,32
47638,64
47639,40
47640,93
47641,15
47642,36
47643,13
47644,53
47646,92
47647,35
47648,23
47649,32
47651,99
47654,93
47655,17
47656,71
47657,95
47658,20
47661,46
47662,46
47663,42
47669,71
47670,13
47671,43
47672,71
47673,95
47674,85
47675,99
47676,49
47677,38
47678,38
47679,10
47682,54
47683,1
47684,71
47685,85
47687,51
47688,51
47689,51
47690,27
47691,27
47692,29
47693,23
47694,89
47695,59
47696,86
47697,49
47699,71
47701,21
47702,91
47703,18
47704,51
47705,22
47707,18
47708,18
47709,71
47714,75
47715,10
47718,80
47719,89
47721,59
47722,47
47723,43
47725,95
47726,60
47727,21
47728,32
47729,71
47730,18
47731,36
47732,71
47735,80
47736,36
47737,12
47738,85
47739,17
47744,37
47745,86
47746,83
47747,20
47748,28
47749,20
47750,27
47751,36
47752,36
47753,46
47755,32
47757,32
47759,46
47760,68
47761,9
47762,77
47763,60
47764,17
47765,64
47766,79
47767,79
47769,97
47770,52
47771,37
47772,37
47773,37
47774,15
47775,22
47776,86
47778,83
47779,8
47780,88
47781,0
47782,43
47785,41
47787,46
47788,92
47789,79
47790,13
47791,46
47792,80
47793,22
47794,0
47795,83
47796,60
47800,60
47801,32
47803,12
47805,36
47806,65
47808,40
47809,96
47810,97
47811,41
47813,53
47814,41
47815,42
47816,77
47817,35
47819,54
47822,65
47823,51
47824,99
47825,65
47826,10
47828,54
47829,50
47830,10
47831,89
47832,91
47833,4
47834,36
47836,79
47837,51
47838,31
47840,32
47841,33
47842,82
47844,40
47845,4
47847,81
47848,81
47849,81
47850,76
47851,54
47852,36
47854,17
47856,12
47857,27
47858,60
47859,5
47860,16
47862,48
47864,26
47865,54
47866,41
47867,36
47868,67
47869,82
47870,51
47871,23
47873,72
47874,1
47875,57
47878,97
47879,51
47880,11
47881,32
47882,32
47883,32
47884,32
47885,32
47887,46
47892,85
47893,51
47894,51
47895,83
47896,35
47897,57
47898,64
47899,16
47900,0
47901,86
47902,0
47904,51
47905,85
47906,68
47907,80
47908,46
47910,0
47911,79
47912,99
47914,75
47915,51
47916,51
47917,51
47920,54
47921,51
47922,75
47923,45
47924,32
47925,85
47926,71
47927,42
47928,28
47929,80
47930,37
47931,53
47934,98
47935,87
47936,95
47937,51
47938,21
47942,51
47943,45
47944,9
47947,63
47948,29
47949,12
47950,0
47951,32
47952,32
47953,42
47954,89
47955,64
47956,57
47957,51
47958,16
47959,77
47960,10
47961,74
47962,38
47964,15
47965,15
47966,86
47967,51
47968,52
47970,77
47971,64
47972,46
47974,92
47975,17
47976,81
47979,95
47980,91
47981,77
47988,13
47989,33
47990,4
47991,29
47992,7
47993,73
47995,3
47996,85
47997,37
47998,47
47999,23
48001,74
48002,11
48003,60
48007,34
48008,79
48009,70
48010,40
48012,46
48013,27
48014,31
48015,54
48016,28
48018,46
48019,46
48020,16
48021,16
48022,16
48024,79
48026,2
48027,20
48028,20
48029,12
48030,32
48031,40
48032,74
48034,33
48035,14
48038,28
48039,60
48041,28
48042,0
48043,8
48044,98
48045,14
48046,27
48049,13
48050,68
48051,31
48053,51
48054,95
48055,60
48056,99
48057,46
48058,42
48059,38
48063,74
48065,45
48066,45
48067,98
48068,7
48072,79
48076,96
48077,14
48078,79
48079,49
48080,76
48083,83
48084,76
48085,32
48087,92
48089,70
48094,69
48095,85
48096,80
48099,38
48100,18
48101,40
48102,52
48103,83
48105,69
48106,32
48107,22
48108,31
48110,23
48111,84
48112,16
48115,91
48116,4
48117,62
48118,45
48119,95
48122,40
48123,60
48124,17
48126,23
48128,62
48129,64
48130,49
48132,81
48133,22
48134,77
48136,31
48137,31
48138,31
48141,32
48142,41
48143,91
48144,33
48146,92
48147,41
48149,20
48150,66
48151,77
48152,77
48153,80
48154,69
48155,69
48156,27
48157,51
48160,12
48161,85
48162,85
48163,85
48164,86
48165,36
48166,36
48167,92
48168,80
48169,12
48170,14
48171,10
48173,51
48174,2
48175,2
48179,77
48180,73
48181,63
48182,18
48183,4
48184,96
48185,12
48186,64
48187,75
48189,66
48190,85
48191,67
48193,26
48194,8
48195,40
48196,40
48197,91
48198,91
48199,91
48200,37
48203,97
48207,99
48208,95
48213,20
48214,34
48215,38
48217,11
48218,28
48219,59
48220,20
48221,66
48222,38
48223,45
48224,71
48225,11
48226,22
48227,98
48228,1
48229,12
48230,14
48232,89
48233,41
48235,27
48236,26
48237,62
48240,95
48241,18
48242,18
48244,96
48245,80
48246,10
48247,18
48249,15
48250,18
48251,17
48252,17
48254,82
48258,2
48260,15
48261,32
48263,14
48264,7
48265,62
48266,14
48268,36
48270,86
48271,16
48272,71
48273,41
48274,9
48275,11
48276,74
48277,17
48278,18
48280,64
48281,51
48283,27
48284,35
48285,14
48286,84
48288,32
48289,71
48290,3
48291,59
48293,53
48294,2
48295,17
48296,43
48297,22
48298,32
48299,3
48300,19
48301,12
48303,83
48304,92
48305,9
48306,99
48309,26
48310,31
48311,13
48313,92
48314,14
48315,85
48317,52
48318,64
48319,41
48320,33
48323,99
48324,71
48325,57
48326,36
48327,36
48328,79
48329,79
48330,96
48331,32
48334,48
48336,42
48337,1
48338,83
48339,80
48341,79
48342,23
48343,18
48344,95
48347,12
48348,66
48349,18
48350,3
48351,72
48353,46
48354,29
48355,88
48356,92
48357,92
48358,27
48360,77
48362,12
48363,92
48364,41
48366,83
48367,32
48370,18
48371,12
48372,62
48373,87
48375,92
48376,14
48377,86
48378,77
48379,92
48382,23
48385,1
48388,32
48389,92
48390,45
48391,75
48392,75
48393,12
48394,40
48395,18
48396,1
48399,26
48402,86
48403,84
48404,42
48405,30
48406,28
48407,27
48408,27
48409,35
48410,86
48411,26
48414,75
48417,4
48418,1
48420,3
48422,12
48423,75
48426,69
48427,84
48428,12
48429,2
48430,40
48431,11
48433,11
48435,50
48436,13
48437,32
48438,13
48439,60
48440,10
48441,8
48442,2
48443,16
48444,10
48446,89
48448,18
48451,46
48452,87
48453,16
48454,77
48455,11
48456,62
48457,38
48458,7
48459,17
48461,70
48465,89
48466,32
48467,17
48468,68
48469,35
48470,88
48471,85
48472,85
48473,85
48474,10
48475,73
48478,86
48479,27
48480,96
48481,27
48482,37
48483,37
48484,24
48485,37
48486,11
48487,15
48491,75
48492,79
48494,24
48495,11
48497,9
48499,79
48500,13
48501,94
48503,32
48504,15
48505,17
48506,71
48507,60
48509,67
48510,56
48511,72
48513,90
48514,4
48515,8
48516,28
48517,74
48521,70
48522,4
48523,32
48524,17
48525,12
48528,27
48531,88
48532,12
48533,38
48534,83
48535,97
48536,92
48537,17
48538,10
48539,28
48540,32
48545,22
48546,64
48547,64
48548,54
48549,22
48550,83
48551,51
48552,92
48553,18
48555,9
48556,71
48560,60
48561,60
48562,47
48563,38
48565,20
48566,9
48568,18
48571,95
48572,12
48573,9
48575,13
48577,46
48578,67
48579,32
48580,52
48582,7
48583,52
48584,68
48586,41
48588,88
48589,20
48591,86
48592,12
48593,92
48594,53
48596,1
48597,71
48598,4
48599,22
48602,88
48603,70
48604,17
48605,87
48606,32
48608,17
48610,71
48611,54
48612,11
48613,42
48614,63
48615,1
48616,76
48617,95
48619,74
48620,59
48621,70
48622,92
48626,93
48630,37
48631,54
48634,42
48635,35
48636,12
48637,95
48641,49
48642,1
48643,84
48644,59
48645,54
48646,71
48647,16
48648,92
48649,84
48653,22
48655,86
48661,54
48663,22
48664,69
48666,35
48668,95
48673,8
48674,28
48675,32
48677,32
48678,64
48680,17
48685,1
48686,10
48688,99
48690,93
48691,95
48693,89
48694,40
48695,55
48696,56
48697,6
48698,97
48699,16
48700,60
48701,6
48702,8
48703,41
48704,13
48706,84
48707,10
48708,40
48709,40
48710,40
48711,40
48714,4
48716,9
48718,88
48719,68
48720,17
48721,75
48722,21
48723,10
48724,57
48726,62
48728,53
48729,36
48730,0
48731,0
48732,0
48733,0
48734,0
48735,0
48736,26
48737,84
48740,64
48741,64
48742,0
48743,0
48744,0
48745,86
48746,21
48747,57
48748,64
48749,10
48752,97
48753,64
48754,12
48756,93
48757,48
48758,31
48759,64
48760,64
48761,72
48763,72
48766,64
48767,47
48768,69
48770,42
48771,72
48772,99
48773,0
48774,27
48775,64
48776,73
48778,92
48780,45
48782,84
48785,42
48786,64
48788,13
48789,84
48790,18
48791,8
48792,45
48793,21
48794,95
48795,44
48796,54
48797,38
48800,46
48802,64
48803,71
48804,55
48805,64
48806,13
48807,83
48808,83
48809,89
48810,83
48811,83
48812,64
48813,16
48815,46
48816,68
48818,97
48819,31
48821,59
48822,83
48823,33
48824,1
48826,21
48828,72
48829,36
48832,57
48833,13
48834,23
48835,84
48836,83
48837,96
48838,96
48839,96
48840,96
48841,96
48842,89
48843,76
48844,11
48845,62
48846,77
48847,42
48848,17
48849,86
48851,37
48856,31
48858,26
48860,3
48861,92
48862,92
48863,86
48864,52
48865,4
48866,36
48868,27
48869,20
48870,67
48871,77
48872,63
48874,64
48875,20
48876,74
48877,8
48879,95
48880,90
48882,33
48883,7
48884,49
48885,37
48887,18
48889,18
48890,20
48891,12
48892,63
48893,49
48894,49
48895,69
48897,2
48898,83
48899,83
48904,92
48906,8
48907,54
48908,72
48909,44
48910,44
48911,44
48912,16
48914,28
48915,40
48916,32
48920,42
48923,12
48924,51
48925,45
48927,99
48928,82
48929,79
48930,31
48931,31
48932,31
48936,83
48937,93
48938,94
48941,22
48942,1
48947,17
48948,17
48949,92
48950,69
48951,92
48952,48
48953,9
48955,86
48959,4
48960,42
48963,43
48966,53
48967,26
48969,83
48970,92
48972,41
48973,18
48974,76
48975,44
48976,95
48977,34
48978,68
48980,41
48981,40
48983,68
48984,70
48985,64
48986,16
48987,81
48989,37
48990,1
48991,83
48992,27
48993,23
48994,8
48995,18
48996,84
48997,22
48998,62
48999,86
49000,98
49001,74
49002,17
49003,13
49006,18
49007,10
49008,10
49009,45
49010,74
49011,46
49012,31
49014,83
49016,54
49017,27
49018,20
49019,29
49020,31
49021,31
49022,32
49023,83
49026,34
49027,79
49029,71
49030,86
49031,35
49032,83
49033,44
49034,96
49035,85
49036,64
49037,79
49038,14
49039,95
49041,13
49042,27
49043,27
49045,26
49046,71
49048,95
49049,86
49051,31
49052,31
49053,31
49054,79
49055,87
49056,83
49057,72
49058,23
49060,92
49061,60
49064,77
49065,18
49067,60
49068,51
49069,7
49070,28
49071,27
49072,12
49073,89
49074,85
49075,94
49077,68
49078,64
49080,83
49081,7
49086,46
49087,75
49089,27
49090,1
49091,26
49092,49
49095,42
49096,62
49097,68
49098,22
49099,22
49100,71
49101,13
49103,49
49104,88
49106,18
49107,89
49108,49
49109,91
49111,1
49112,18
49113,18
49114,18
49115,18
49116,18
49117,86
49118,88
49119,83
49121,84
49122,12
49123,12
49124,15
49125,74
49126,20
49127,34
49128,85
49129,13
49130,23
49131,86
49135,18
49137,68
49138,71
49139,73
49140,14
49141,3
49143,17
49144,27
49145,18
49146,88
49150,52
49151,95
49152,20
49153,89
49154,13
49155,55
49156,36
49157,74
49162,17
49163,9
49165,25
49166,89
49167,88
49170,92
49171,18
49172,32
49173,92
49174,34
49175,96
49176,96
49177,45
49178,71
49179,71
49180,10
49181,10
49182,13
49185,71
49186,92
49187,27
49188,62
49190,86
49191,52
49192,23
49194,68
49195,46
49196,40
49197,86
49198,10
49200,28
49201,74
49202,55
49203,87
49204,95
49205,12
49206,28
49207,93
49208,12
49211,81
49212,20
49213,71
49214,13
49215,41
49216,20
49217,73
49220,92
49221,15
49222,76
49224,46
49225,23
49226,34
49227,92
49228,20
49229,92
49230,45
49235,34
49236,34
49237,66
49238,83
49239,2
49240,74
49241,71
49242,79
49243,12
49244,20
49245,62
49246,66
49247,89
49249,72
49252,77
49253,77
49254,71
49255,97
49256,84
49257,18
49260,95
49261,36
49262,66
49263,79
49264,12
49265,94
49266,47
49267,22
49269,17
49270,32
49271,23
49272,97
49273,77
49274,9
49275,77
49276,89
49277,99
49278,87
49279,79
49281,2
49282,1
49283,91
49284,47
49285,2
49286,59
49287,74
49288,23
49289,44
49290,43
49291,80
49292,27
49294,22
49295,41
49296,10
49297,10
49299,79
49300,42
49301,91
49302,64
49303,71
49304,74
49305,37
49306,48
49307,68
49309,80
49313,48
49314,42
49315,1
49316,11
49317,13
49318,53
49319,79
49320,86
49321,99
49322,60
49323,18
49324,69
49325,15
49326,35
49327,18
49328,12
49329,35
49330,16
49331,1
49332,37
49334,28
49335,32
49336,89
49338,17
49339,74
49340,34
49341,77
49342,29
49343,97
49344,91
49345,84
49347,12
49348,9
49349,68
49350,12
49351,2
49352,31
49353,95
49356,72
49357,18
49358,74
49360,71
49361,93
49362,18
49363,17
49364,92
49366,54
49368,69
49369,60
49370,80
49371,27
49372,47
49373,81
49374,66
49375,18
49377,79
49378,34
49379,83
49380,36
49382,35
49383,75
49384,68
49385,38
49386,18
49387,66
49389,92
49391,22
49392,71
49393,9
49396,12
49400,22
49401,76
49402,83
49403,35
49405,45
49406,45
49407,59
49410,97
49411,31
49412,31
49414,0
49415,74
49416,86
49419,48
49421,12
49422,10
49425,36
49426,70
49427,18
49431,69
49432,76
49434,18
49435,87
49436,13
49438,47
49439,75
49440,60
49442,70
49444,41
49445,77
49447,83
49448,74
49449,21
49450,65
49451,29
49452,13
49453,42
49454,23
49455,12
49456,31
49458,81
49459,3
49460,1
49461,10
49462,90
49465,3
49466,41
49467,28
49468,94
49469,36
49471,3
49472,85
49473,47
49474,27
49475,79
49476,87
49477,83
49478,15
49479,89
49480,10
49481,10
49483,53
49484,15
49488,9
49489,74
49490,9
49491,97
49492,92
49493,99
49494,93
49495,41
49496,17
49497,43
49499,24
49500,31
49503,8
49504,76
49505,28
49506,27
49507,34
49508,54
49509,12
49511,36
49512,77
49513,79
49514,35
49515,12
49516,88
49517,10
49518,98
49519,92
49520,85
49521,55
49524,54
49525,90
49526,18
49527,35
49529,86
49530,83
49531,90
49532,77
49533,43
49535,66
49537,37
49538,97
49539,66
49540,12
49544,41
49545,79
49546,53
49547,13
49548,60
49549,73
49550,10
49553,62
49555,82
49556,51
49557,35
49559,51
49561,84
49563,4
49564,40
49565,66
49566,27
49567,87
49568,17
49569,84
49570,9
49571,71
49572,42
49577,12
49579,92
49580,46
49581,75
49583,96
49585,31
49587,71
49588,27
49589,27
49590,33
49591,82
49594,87
49595,87
49596,10
49597,29
49598,87
49601,95
49602,10
49604,18
49605,97
49606,87
49607,23
49608,99
49609,99
49610,99
49611,48
49612,99
49613,99
49614,99
49615,99
49616,3
49617,4
49618,18
49620,54
49621,1
49622,60
49624,24
49625,40
49627,95
49628,41
49629,24
49630,85
49631,38
49632,70
49633,46
49634,43
49635,43
49636,80
49637,87
49638,59
49639,32
49640,51
49641,79
49642,71
49643,92
49644,17
49645,53
49648,2
49649,12
49650,85
49651,90
49652,92
49653,12
49654,9
49657,82
49658,99
49659,20
49662,79
49663,43
49664,14
49665,10
49667,54
49668,23
49669,89
49671,76
49672,18
49673,66
49674,7
49675,77
49676,86
49677,41
49678,47
49679,41
49680,15
49681,47
49682,99
49683,75
49684,99
49686,92
49687,75
49690,53
49691,84
49692,54
49693,90
49694,1
49695,86
49696,38
49698,42
49699,74
49701,45
49703,66
49704,77
49705,73
49706,4
49707,55
49708,26
49709,22
49710,10
49711,36
49713,25
49714,37
49715,63
49716,38
49718,85
49719,71
49721,98
49723,99
49724,92
49726,73
49727,15
49728,80
49731,82
49732,79
49734,86
49735,87
49736,22
49739,18
49740,99
49741,66
49742,83
49744,87
49745,92
49746,17
49747,34
49748,74
49749,70
49750,3
49751,24
49753,27
49754,56
49755,15
49757,37
49760,97
49762,56
49763,27
49765,63
49766,74
49767,56
49769,77
49770,36
49771,10
49772,16
49776,71
49777,71
49778,10
49779,25
49780,3
49781,66
49782,87
49784,47
49785,59
49786,93
49787,37
49789,14
49790,99
49791,28
49792,13
49793,13
49794,13
49795,93
49796,36
49797,55
49798,17
49799,86
49800,64
49802,7
49803,55
49804,51
49805,99
49806,93
49808,12
49809,56
49810,96
49811,27
49814,83
49815,97
49816,53
49817,53
49818,81
49819,28
49820,28
49821,28
49822,41
49823,77
49826,90
49827,69
49829,23
49830,18
49831,53
49832,75
49833,55
49835,84
49838,16
49839,88
49840,79
49841,60
49842,89
49843,84
49844,13
49845,13
49846,96
49847,97
49848,44
49849,54
49850,75
49851,91
49852,87
49853,45
49854,89
49856,1
49858,69
49859,85
49860,33
49861,1
49862,71
49863,80
49864,80
49865,80
49866,77
49867,63
49869,95
49870,22
49872,97
49873,86
49874,66
49875,9
49876,32
49877,2
49881,41
49882,10
49884,69
49886,71
49888,98
49890,51
49891,53
49892,51
49893,77
49894,27
49895,54
49897,25
49898,83
49899,7
49901,90
49903,1
49904,51
49905,95
49906,16
49907,53
49911,9
49912,63
49913,3
49915,43
49916,10
49917,18
49918,10
49919,54
49920,2
49921,34
49922,51
49923,53
49924,49
49925,41
49927,7
49930,18
49931,33
49932,34
49933,51
49935,22
49936,68
49937,86
49941,97
49942,38
49944,55
49945,92
49947,97
49948,18
49949,21
49950,15
49951,35
49953,91
49954,70
49955,53
49956,53
49957,94
49958,55
49960,48
49961,41
49962,97
49964,45
49965,20
49966,23
49967,86
49968,23
49969,32
49970,23
49972,95
49975,7
49976,41
49978,48
49979,91
49980,95
49981,32
49982,32
49983,17
49985,92
49986,9
49987,91
49988,32
49989,33
49990,63
49991,74
49993,80
49999,13
50000,73
50001,41
50002,2
50004,18
50005,32
50006,88
50008,84
50010,49
50011,72
50012,10
50013,71
50014,17
50015,84
50016,36
50017,62
50020,14
50021,88
50022,25
50023,87
50025,35
50026,84
50029,26
50031,15
50032,3
50033,41
50034,14
50035,96
50036,31
50037,33
50038,53
50040,18
50041,24
50042,37
50043,38
50044,97
50045,63
50046,31
50047,83
50048,84
50049,47
50050,22
50051,92
50052,47
50053,35
50054,93
50056,51
50057,74
50058,11
50059,68
50060,99
50061,66
50063,44
50064,11
50066,9
50068,77
50070,86
50071,12
50072,18
50073,53
50074,75
50075,31
50076,47
50077,63
50078,85
50079,64
50080,86
50082,8
50085,71
50086,81
50087,85
50088,93
50089,85
50090,33
50091,59
50092,14
50093,12
50095,10
50096,15
50097,10
50098,9
50099,10
50100,21
50102,17
50103,56
50104,92
50105,59
50106,84
50107,76
50108,63
50109,76
50111,42
50113,73
50115,73
50118,96
50119,86
50121,55
50122,91
50123,17
50124,13
50125,97
50129,59
50130,14
50131,85
50132,17
50133,76
50134,41
50137,83
50138,44
50139,21
50140,83
50141,11
50143,51
50145,83
50147,40
50148,89
50150,10
50151,42
50152,60
50153,10
50155,38
50156,51
50157,17
50158,47
50159,14
50160,14
50161,14
50162,99
50163,71
50165,86
50166,22
50167,14
50169,37
50170,20
50171,51
50174,99
50175,32
50176,15
50177,85
50179,49
50180,10
50181,9
50183,66
50184,96
50185,96
50186,49
50188,76
50189,11
50191,55
50192,17
50193,91
50194,92
50195,11
50196,42
50198,92
50200,8
50201,17
50203,16
50204,20
50205,18
50206,18
50207,21
50209,33
50210,25
50212,69
50213,21
50217,86
50218,47
50219,13
50220,95
50224,86
50225,17
50226,34
50227,34
50228,88
50229,42
50230,34
50231,22
50232,47
50235,47
50236,74
50237,74
50238,17
50240,99
50242,34
50243,64
50245,42
50246,92
50247,12
50249,4
50253,92
50254,79
50255,85
50256,17
50257,17
50258,34
50259,86
50260,86
50261,97
50265,12
50268,74
50269,43
50270,59
50271,59
50272,7
50273,80
50274,1
50275,17
50276,3
50281,42
50282,17
50284,89
50286,49
50287,86
50289,89
50290,90
50292,80
50294,35
50295,31
50298,97
50301,9
50302,95
50307,5
50308,13
50309,22
50310,24
50311,43
50312,59
50313,14
50315,13
50316,49
50317,70
50318,1
50319,71
50320,17
50321,32
50322,95
50323,86
50324,48
50325,0
50327,17
50328,88
50329,91
50330,20
50331,10
50332,90
50334,7
50335,98
50336,8
50338,8
50339,12
50342,83
50343,52
50345,45
50346,63
50347,74
50349,20
50350,35
50352,97
50353,17
50354,54
50355,23
50357,18
50358,10
50360,73
50361,92
50364,53
50366,8
50368,26
50369,85
50370,14
50371,22
50372,7
50373,68
50374,18
50376,99
50377,9
50378,99
50379,9
50380,89
50381,23
50382,81
50383,36
50384,84
50385,85
50386,14
50387,59
50388,94
50389,41
50390,84
50391,43
50392,88
50394,3
50395,12
50396,71
50399,20
50400,86
50401,80
50402,63
50403,73
50404,74
50405,3
50406,90
50408,97
50410,83
50411,62
50412,12
50414,17
50415,27
50416,85
50417,12
50418,62
50419,8
50420,95
50421,9
50422,83
50423,13
50424,89
50425,12
50426,73
50427,46
50428,80
50429,99
50431,17
50432,79
50433,60
50434,96
50436,18
50438,29
50439,4
50440,37
50441,44
50446,77
50448,27
50449,25
50451,77
50453,85
50454,35
50457,38
50458,79
50460,79
50461,13
50462,47
50464,59
50465,84
50466,3
50468,77
50469,18
50470,16
50471,92
50472,41
50473,13
50474,29
50475,92
50476,94
50477,93
50478,71
50479,56
50483,41
50484,74
50486,66
50487,23
50488,13
50489,99
50490,48
50491,91
50493,35
50494,59
50495,53
50496,80
50497,22
50498,16
50499,37
50500,99
50501,88
50502,71
50503,95
50504,83
50505,62
50506,42
50507,4
50508,9
50509,24
50510,91
50511,60
50512,94
50514,45
50515,82
50518,91
50519,83
50520,47
50523,73
50524,28
50531,28
50532,77
50533,86
50534,20
50535,18
50536,18
50539,11
50540,84
50542,95
50543,74
50544,53
50545,71
50546,60
50548,31
50549,95
50550,9
50551,60
50552,28
50553,17
50554,83
50555,88
50556,67
50557,91
50558,89
50559,10
50560,35
50561,90
50564,19
50565,28
50566,44
50567,84
50568,79
50569,69
50570,95
50571,44
50572,28
50573,89
50575,45
50577,73
50578,22
50581,89
50582,7
50583,83
50584,64
50585,44
50586,18
50588,77
50589,35
50590,17
50591,99
50592,47
50595,8
50596,15
50597,59
50598,92
50600,40
50601,10
50602,86
50603,33
50604,33
50606,13
50607,1
50608,36
50609,42
50611,16
50612,24
50613,74
50614,51
50615,71
50618,8
50619,20
50620,89
50621,42
50622,44
50623,42
50624,73
50625,73
50626,51
50629,42
50630,47
50631,27
50634,98
50635,86
50636,45
50637,15
50639,4
50640,79
50650,32
50651,17
50653,42
50654,17
50656,53
50657,49
50658,92
50659,92
50660,21
50661,22
50662,60
50663,7
50665,51
50666,38
50668,25
50670,43
50671,23
50672,45
50673,51
50676,91
50678,7
50679,71
50680,66
50682,25
50685,26
50687,83
50688,15
50689,47
50690,45
50692,69
50693,12
50696,77
50698,92
50699,80
50700,84
50701,41
50702,92
50704,36
50705,33
50706,35
50710,46
50712,10
50713,90
50715,73
50716,12
50717,47
50719,44
50721,18
50723,37
50724,88
50727,97
50730,60
50731,96
50734,35
50735,22
50736,44
50737,41
50738,51
50739,20
50742,49
50744,9
50745,71
50746,71
50747,26
50750,96
50751,93
50752,35
50753,56
50755,89
50758,95
50759,21
50760,65
50761,86
50762,13
50764,64
50765,36
50766,56
50767,81
50768,13
50769,23
50772,73
50773,71
50774,90
50775,20
50776,32
50777,3
50778,46
50780,66
50781,86
50782,38
50783,44
50785,27
50787,66
50788,12
50790,46
50791,88
50792,33
50793,92
50794,92
50795,71
50796,56
50797,8
50798,71
50799,17
50800,56
50801,2
50802,25
50803,51
50807,22
50808,53
50809,71
50810,11
50811,92
50812,13
50814,89
50815,99
50816,59
50817,24
50818,25
50819,56
50820,10
50821,84
50822,40
50823,86
50824,86
50825,95
50826,25
50827,25
50828,27
50831,17
50832,1
50834,56
50835,56
50836,37
50837,13
50839,88
50840,63
50841,66
50842,90
50843,51
50844,56
50846,77
50847,56
50848,86
50849,37
50850,47
50852,98
50853,35
50854,47
50855,49
50856,85
50857,26
50858,67
50859,73
50860,84
50862,17
50863,90
50864,77
50865,12
50866,46
50868,25
50869,56
50872,90
50873,88
50874,80
50875,54
50876,25
50877,25
50878,24
50879,84
50880,28
50881,17
50882,40
50883,97
50884,56
50885,25
50886,1
50889,90
50890,25
50892,25
50893,7
50894,42
50895,16
50896,59
50897,92
50898,70
50899,70
50902,33
50903,77
50904,25
50905,90
50906,43
50907,11
50908,31
50909,16
50910,96
50914,22
50915,2
50916,20
50919,54
50921,25
50922,11
50923,90
50924,90
50925,27
50927,36
50928,25
50929,13
50931,92
50932,23
50933,27
50934,95
50935,90
50936,90
50938,8
50939,59
50940,56
50941,86
50943,47
50944,40
50945,25
50948,56
50949,85
50950,31
50952,95
50953,16
50954,99
50955,95
50956,12
50957,4
50958,63
50959,56
50960,86
50961,17
50962,4
50963,77
50964,97
50966,11
50968,83
50969,90
50970,41
50971,44
50972,34
50973,20
50975,86
50976,27
50977,28
50978,46
50980,56
50981,56
50982,46
50983,92
50985,79
50986,23
50987,2
50988,90
50989,56
50990,42
50991,41
50992,28
50993,92
50994,24
50995,46
50998,90
50999,90
51000,74
51001,51
51002,72
51003,99
51004,89
51006,26
51008,25
51009,56
51010,37
51011,44
51015,85
51016,12
51017,80
51018,87
51021,81
51022,53
51024,12
51025,14
51026,12
51027,25
51028,90
51030,9
51031,32
51032,18
51034,73
51035,90
51037,56
51038,76
51039,68
51040,72
51041,84
51042,23
51043,98
51046,56
51047,56
51048,23
51049,47
51050,56
51053,56
51054,76
51055,12
51056,9
51057,46
51058,68
51059,1
51060,7
51061,36
51062,74
51063,41
51064,38
51065,67
51066,12
51067,92
51068,23
51070,12
51072,90
51073,74
51074,56
51075,56
51076,33
51077,22
51078,79
51079,17
51080,84
51081,56
51082,56
51085,74
51086,20
51087,9
51088,31
51089,31
51090,80
51091,25
51092,56
51094,87
51095,74
51096,18
51097,94
51099,49
51100,66
51101,56
51102,90
51103,82
51104,60
51105,13
51106,77
51107,49
51108,34
51109,8
51110,73
51112,90
51113,10
51114,10
51115,90
51116,23
51117,87
51118,41
51121,56
51122,44
51123,60
51125,25
51126,90
51127,86
51128,69
51129,25
51131,4
51132,56
51133,54
51134,60
51135,45
51136,56
51137,56
51140,26
51141,92
51142,22
51143,96
51145,16
51148,90
51150,25
51152,44
51153,90
51154,95
51155,54
51158,77
51160,99
51161,53
51163,12
51164,33
51165,9
51166,3
51167,90
51168,25
51169,40
51170,90
51171,25
51173,75
51174,91
51175,46
51176,45
51177,85
51180,57
51181,53
51182,53
51183,53
51184,44
51185,25
51187,95
51188,7
51189,93
51190,99
51191,60
51193,90
51194,90
51195,41
51196,73
51197,55
51198,62
51199,3
51200,35
51201,90
51202,56
51203,25
51204,68
51205,51
51206,22
51207,45
51209,1
51210,90
51211,41
51212,98
51213,51
51215,41
51216,68
51217,35
51218,95
51219,82
51222,12
51224,74
51226,41
51228,85
51229,88
51231,90
51232,56
51233,44
51234,56
51235,22
51238,43
51239,29
51240,90
51241,56
51242,77
51243,96
51244,64
51245,12
51246,53
51247,90
51248,10
51249,25
51250,83
51251,15
51252,72
51253,45
51255,56
51256,90
51257,56
51258,90
51259,21
51261,60
51262,47
51263,3
51264,71
51265,15
51267,90
51268,25
51271,29
51273,90
51274,56
51275,72
51277,99
51278,91
51280,27
51281,13
51282,10
51284,28
51285,12
51286,90
51288,56
51290,67
51291,2
51292,12
51293,79
51294,85
51295,90
51296,25
51297,90
51298,95
51299,84
51300,42
51302,45
51304,56
51305,56
51306,16
51307,33
51308,17
51310,90
51311,56
51314,59
51315,68
51317,14
51318,59
51319,17
51320,25
51321,90
51322,35
51326,28
51328,11
51329,84
51330,90
51331,90
51332,22
51334,45
51335,56
51336,90
51337,56
51340,51
51341,27
51342,90
51343,86
51344,90
51346,98
51347,12
51350,56
51351,56
51352,88
51353,56
51354,92
51355,69
51356,69
51357,46
51358,58
51361,25
51362,90
51363,90
51365,34
51367,98
51368,96
51369,96
51370,18
51371,14
51374,20
51376,9
51379,44
51380,56
51382,36
51383,9
51385,10
51387,9
51388,20
51390,35
51391,73
51392,99
51393,21
51395,90
51396,56
51397,56
51398,25
51403,69
51404,85
51407,90
51408,90
51409,8
51410,12
51411,12
51412,38
51413,90
51414,25
51415,98
51418,96
51420,56
51421,56
51422,69
51424,36
51425,13
51426,13
51427,12
51428,22
51429,32
51432,72
51433,56
51434,25
51435,56
51436,44
51437,12
51438,60
51439,32
51441,74
51442,11
51443,49
51444,49
51445,90
51448,35
51449,25
51451,41
51452,84
51453,66
51454,73
51455,37
51456,4
51457,45
51459,51
51460,56
51461,56
51466,98
51468,91
51469,20
51470,2
51472,84
51473,10
51475,56
51477,64
51478,90
51481,77
51482,90
51483,56
51484,51
51487,37
51488,99
51489,18
51490,18
51491,18
51492,84
51493,56
51494,25
51495,12
51496,67
51497,85
51498,90
51499,90
51500,77
51502,34
51508,25
51509,90
51510,83
51511,88
51513,38
51514,53
51518,25
51519,56
51520,84
51521,79
51522,54
51523,9
51525,81
51530,56
51531,56
51532,35
51533,25
51534,90
51536,38
51537,2
51538,17
51539,17
51540,68
51541,13
51542,55
51544,89
51545,90
51546,56
51547,77
51548,69
51549,56
51550,56
51551,12
51552,83
51553,32
51554,98
51555,81
51556,31
51557,45
51559,12
51560,2
51561,46
51568,4
51570,56
51571,56
51572,13
51574,56
51575,99
51576,56
51578,63
51579,93
51580,8
51581,12
51585,43
51588,56
51589,56
51590,55
51592,99
51593,13
51594,87
51595,9
51596,56
51597,25
51598,88
51599,95
51600,17
51601,85
51603,56
51605,56
51607,95
51608,17
51609,56
51610,56
51611,35
51614,98
51615,90
51616,56
51617,37
51621,72
51622,25
51623,90
51626,75
51628,70
51629,37
51630,37
51633,13
51634,18
51635,11
51636,11
51637,88
51639,64
51640,23
51641,95
51642,94
51643,54
51644,93
51645,81
51646,12
51649,85
51650,25
51651,90
51652,15
51653,92
51654,75
51655,26
51656,33
51657,44
51658,10
51660,94
51661,37
51662,16
51663,25
51664,75
51665,91
51667,18
51668,56
51669,25
51670,51
51671,54
51672,54
51674,73
51675,23
51676,54
51677,51
51678,23
51679,36
51680,67
51681,25
51682,56
51683,3
51685,8
51686,92
51687,56
51688,56
51692,17
51693,17
51696,17
51697,22
51698,56
51699,25
51700,57
51701,1
51702,40
51704,15
51707,74
51708,74
51710,11
51712,44
51713,56
51714,16
51715,15
51716,12
51717,82
51718,42
51719,57
51720,12
51723,71
51726,25
51727,90
51728,53
51730,18
51731,2
51732,74
51733,32
51734,57
51735,90
51736,90
51737,95
51738,92
51739,60
51740,44
51741,25
51742,95
51743,20
51744,17
51745,17
51746,12
51748,83
51749,17
51750,13
51751,90
51752,56
51754,12
51755,17
51756,28
51757,46
51758,90
51759,25
51760,59
51761,12
51762,72
51764,88
51765,60
51767,90
51768,25
51769,53
51770,38
51771,16
51772,22
51773,90
51774,90
51775,72
51776,9
51777,16
51778,51
51779,64
51780,21
51781,44
51782,90
51783,16
51784,66
51785,66
51786,66
51788,94
51789,2
51792,92
51793,20
51796,22
51797,93
51798,92
51799,16
51800,27
51801,90
51803,41
51804,44
51805,56
51807,38
51808,87
51809,44
51810,90
51811,54
51813,64
51814,90
51815,91
51816,37
51817,23
51819,84
51820,49
51821,51
51822,90
51823,44
51824,44
51829,85
51830,33
51831,13
51832,70
51833,90
51834,44
51836,51
51838,41
51839,95
51840,59
51841,66
51842,90
51843,95
51844,44
51845,44
51847,3
51848,17
51849,27
51850,77
51852,90
51854,90
51855,25
51856,89
51859,92
51860,53
51861,13
51862,88
51863,51
51864,31
51865,12
51866,90
51867,44
51868,90
51873,99
51874,8
51875,75
51877,63
51878,84
51879,84
51880,20
51881,35
51882,12
51883,41
51885,60
51886,2
51887,11
51888,20
51889,48
51890,73
51893,27
51894,31
51896,68
51897,28
51898,85
51899,27
51900,13
51902,54
51903,46
51904,98
51905,22
51907,12
51908,35
51909,70
51910,27
51911,2
51912,70
51913,59
51914,95
51915,7
51916,7
51917,15
51918,59
51919,59
51920,80
51921,93
51922,1
51923,80
51924,17
51925,80
51926,93
51927,80
51928,16
51931,18
51932,95
51933,3
51935,20
51936,37
51937,37
51938,37
51939,33
51940,15
51941,37
51942,16
51943,70
51944,85
51945,85
51946,85
51947,85
51948,15
51949,32
51950,16
51951,94
51952,15
51953,59
51954,93
51955,33
51956,33
51957,16
51958,37
51959,80
51960,75
51961,80
51962,80
51963,76
51964,45
51965,62
51966,1
51967,15
51968,15
51969,85
51970,70
51971,18
51972,37
51973,80
51974,59
51975,74
51976,95
51978,51
51979,92
51980,43
51981,59
51982,59
51983,76
51984,10
51985,70
51986,93
51987,93
51988,37
51989,93
51990,41
51991,79
51992,99
51993,34
51994,3
51995,74
51996,93
51997,98
51998,38
51999,41
52001,74
52002,37
52003,47
52007,41
52008,51
52009,25
52010,32
52014,31
52017,17
52018,17
52019,1
52020,85
52022,68
52023,35
52024,4
52025,92
52026,83
52027,20
52029,37
52030,84
52032,69
52033,8
52034,18
52038,83
52039,18
52040,18
52041,48
52042,18
52043,36
52044,74
52045,46
52046,46
52047,3
52049,37
52051,74
52052,80
52053,77
52055,37
52056,85
52057,20
52058,60
52059,93
52060,37
52061,97
52066,38
52068,76
52069,13
52070,41
52071,68
52072,35
52073,41
52074,77
52077,0
52078,29
52079,83
52081,69
52082,12
52084,33
52085,40
52086,79
52087,60
52088,10
52089,59
52090,11
52091,28
52094,46
52095,86
52096,10
52097,92
52098,40
52100,66
52101,16
52102,97
52103,24
52104,71
52105,12
52106,11
52107,80
52110,85
52112,54
52113,14
52114,97
52115,98
52116,79
52119,53
52120,66
52121,41
52122,83
52124,11
52125,94
52126,7
52127,67
52128,47
52130,17
52131,95
52132,45
52133,99
52134,40
52135,94
52136,94
52137,94
52138,17
52139,82
52141,22
52142,22
52143,17
52146,74
52147,46
52148,94
52149,20
52150,18
52151,20
52153,92
52154,41
52155,31
52156,46
52157,12
52160,20
52161,77
52162,11
52163,13
52164,71
52165,20
52166,11
52167,25
52168,36
52169,90
52172,40
52175,53
52176,92
52177,67
52178,51
52179,23
52180,70
52181,51
52184,77
52189,84
52190,11
52192,13
52194,92
52195,4
52196,4
52197,68
52201,12
52202,27
52203,80
52204,80
52207,62
52208,54
52209,15
52210,97
52211,80
52212,84
52213,84
52214,92
52215,47
52216,23
52217,17
52223,83
52225,76
52226,9
52227,77
52228,90
52229,92
52230,54
52231,57
52232,26
52233,35
52235,46
52236,12
52237,46
52239,95
52240,16
52242,87
52243,37
52244,89
52245,20
52246,13
52247,85
52248,42
52249,9
52250,83
52251,53
52252,42
52254,17
52255,17
52256,51
52257,17
52258,9
52260,60
52261,18
52263,11
52264,45
52265,18
52268,27
52272,18
52273,81
52274,18
52285,84
52286,45
52287,92
52289,16
52290,27
52292,8
52293,28
52296,74
52297,63
52298,74
52300,13
52301,45
52302,92
52303,9
52304,82
52307,16
52308,12
52309,72
52310,13
52311,35
52312,81
52314,55
52317,93
52318,71
52319,20
52320,54
52321,83
52324,68
52325,23
52326,25
52328,79
52329,24
52333,17
52338,27
52339,29
52340,7
52342,65
52343,65
52344,81
52345,29
52346,41
52347,95
52348,10
52351,17
52354,95
52355,83
52356,49
52357,2
52358,59
52361,57
52362,54
52363,70
52364,10
52365,93
52366,99
52367,60
52371,84
52375,93
52378,77
52382,32
52385,17
52386,17
52387,13
52388,1
52389,46
52390,40
52391,18
52393,3
52394,86
52395,95
52396,94
52397,92
52398,94
52399,83
52400,69
52402,82
52404,22
52405,54
52406,4
52407,17
52408,36
52410,59
52411,36
52412,41
52413,79
52414,20
52416,71
52417,72
52420,18
52421,18
52422,55
52423,14
52424,53
52425,12
52426,18
52429,8
52430,18
52434,79
52435,27
52436,51
52437,62
52438,80
52439,28
52440,18
52441,18
52442,27
52444,84
52447,1
52448,38
52449,59
52450,22
52451,12
52452,53
52453,13
52454,70
52455,38
52456,98
52457,98
52458,59
52459,59
52460,89
52461,59
52462,27
52464,18
52465,18
52466,23
52468,87
52472,48
52473,83
52480,43
52481,73
52482,79
52485,95
52491,10
52493,94
52494,85
52495,84
52498,33
52500,31
52501,25
52505,37
52506,74
52507,15
52509,22
52510,91
52512,48
52513,42
52514,96
52515,82
52516,95
52518,9
52521,72
52522,9
52523,20
52524,95
52528,42
52531,1
52532,23
52533,99
52534,20
52535,36
52538,53
52539,60
52540,41
52541,79
52545,92
52546,98
52548,7
52550,18
52551,21
52552,76
52553,71
52555,85
52557,17
52558,16
52559,12
52560,16
52561,22
52562,37
52563,15
52564,72
52566,31
52567,85
52568,85
52569,73
52570,23
52571,81
52572,92
52573,46
52574,90
52575,37
52576,2
52578,92
52579,17
52580,40
52581,75
52582,10
52583,17
52584,99
52586,16
52587,89
52588,96
52589,96
52590,16
52591,85
52594,84
52596,72
52598,80
52599,94
52600,32
52601,99
52603,91
52604,71
52606,37
52607,88
52608,92
52609,86
52610,92
52612,42
52613,10
52614,80
52615,37
52616,17
52617,43
52618,43
52619,53
52620,85
52621,31
52622,13
52623,98
52624,38
52625,27
52626,92
52627,8
52630,71
52631,27
52632,7
52634,63
52636,3
52637,86
52638,69
52639,26
52640,83
52641,36
52642,87
52644,92
52645,79
52646,26
52647,45
52648,20
52649,47
52650,65
52651,64
52652,27
52653,79
52654,13
52655,40
52656,12
52657,79
52660,20
52661,10
52662,60
52663,19
52664,4
52665,10
52666,74
52667,97
52668,85
52670,16
52674,34
52679,12
52680,47
52681,42
52683,17
52684,68
52685,31
52686,32
52694,18
52695,99
52696,12
52697,18
52699,93
52700,7
52701,94
52702,33
52703,94
52704,16
52706,53
52708,42
52709,28
52712,26
52713,48
52714,18
52715,93
52716,55
52717,10
52719,3
52720,79
52722,79
52723,9
52724,77
52728,75
52729,1
52730,51
52731,18
52733,0
52734,47
52738,75
52739,9
52740,48
52741,96
52742,18
52743,18
52745,71
52746,71
52747,20
52748,45
52749,67
52750,20
52754,77
52755,86
52756,37
52757,18
52759,18
52760,83
52761,38
52762,66
52763,97
52764,10
52766,31
52767,26
52768,18
52769,60
52770,43
52773,71
52775,79
52776,56
52777,27
52778,28
52779,13
52781,15
52782,92
52783,59
52784,56
52786,98
52787,3
52788,16
52790,27
52791,36
52793,9
52794,78
52796,98
52798,2
52799,55
52800,55
52801,81
52802,88
52803,98
52804,59
52805,56
52806,97
52809,17
52810,62
52811,89
52812,97
52813,4
52814,11
52815,55
52816,2
52817,77
52818,80
52819,18
52820,45
52821,11
52822,85
52823,11
52824,21
52825,77
52826,11
52827,12
52828,17
52830,51
52832,17
52833,66
52834,72
52835,77
52836,99
52838,23
52839,23
52840,18
52841,54
52842,70
52844,44
52845,93
52846,60
52848,28
52849,71
52850,77
52851,10
52853,42
52854,20
52855,44
52858,79
52859,79
52860,24
52862,13
52863,45
52864,48
52865,98
52866,36
52867,21
52868,4
52869,28
52872,17
52873,9
52874,79
52875,15
52877,83
52878,31
52881,11
52882,99
52885,60
52886,12
52887,36
52888,63
52889,88
52891,92
52896,42
52897,45
52898,98
52899,3
52900,1
52902,54
52903,45
52904,98
52905,3
52906,75
52907,92
52908,93
52909,36
52910,74
52911,88
52913,93
52914,20
52915,20
52917,20
52920,97
52921,28
52923,13
52924,48
52925,21
52928,38
52930,54
52931,36
52932,54
52934,12
52935,57
52937,87
52938,97
52939,18
52940,18
52941,49
52942,88
52944,45
52945,11
52946,17
52947,79
52949,27
52951,98
52956,59
52957,2
52958,26
52959,63
52962,91
52963,48
52964,92
52965,42
52967,79
52968,97
52969,36
52970,91
52971,23
52972,95
52973,23
52974,9
52976,27
52977,79
52978,92
52979,91
52980,51
52983,79
52984,89
52987,79
52988,35
52991,96
52992,55
52993,79
52995,25
52996,54
52997,23
52998,88
53000,31
53001,97
53002,72
53004,69
53005,46
53006,41
53007,79
53009,94
53010,88
53011,11
53012,88
53014,20
53015,90
53016,25
53018,89
53019,31
53020,38
53021,97
53022,18
53023,84
53024,47
53026,20
53027,21
53028,44
53030,24
53031,76
53032,22
53033,74
53034,25
53035,56
53036,85
53038,8
53039,34
53040,55
53041,82
53042,25
53043,27
53044,33
53045,25
53046,22
53048,25
53049,16
53052,89
53053,98
53057,51
53058,50
53059,90
53062,15
53063,4
53064,77
53065,50
53067,77
53070,72
53071,92
53072,98
53073,11
53074,92
53075,48
53078,50
53079,55
53080,72
53081,97
53083,84
53084,43
53085,33
53086,57
53087,98
53088,3
53089,56
53092,75
53093,9
53094,46
53095,92
53096,15
53097,33
53098,94
53099,98
53102,25
53103,72
53104,97
53105,75
53106,88
53108,87
53109,91
53111,45
53112,45
53113,35
53115,31
53116,17
53117,51
53118,13
53120,59
53121,63
53122,7
53123,56
53124,47
53125,47
53126,9
53127,95
53128,35
53130,42
53132,44
53133,85
53134,7
53135,95
53136,21
53138,95
53139,77
53140,83
53141,32
53142,75
53143,28
53144,73
53145,33
53148,38
53149,98
53151,12
53152,60
53153,40
53154,62
53155,60
53156,99
53157,85
53158,27
53159,48
53161,81
53162,99
53163,8
53164,29
53165,13
53166,92
53168,9
53169,80
53170,84
53172,28
53174,69
53175,16
53176,7
53177,42
53178,2
53179,7
53182,37
53186,31
53187,71
53188,50
53189,45
53190,80
53191,13
53192,92
53193,43
53194,29
53196,17
53197,92
53198,33
53199,79
53200,92
53202,79
53203,79
53204,59
53205,53
53206,99
53210,60
53212,36
53213,92
53214,33
53216,11
53219,21
53220,62
53222,45
53224,94
53225,10
53226,13
53227,50
53228,36
53230,60
53231,36
53235,77
53236,57
53240,24
53241,60
53242,50
53243,95
53244,4
53245,74
53248,4
53249,43
53250,16
53251,7
53252,92
53254,72
53255,71
53256,70
53259,95
53260,20
53261,89
53262,11
53263,33
53264,9
53267,68
53268,33
53269,86
53270,95
53271,22
53273,73
53275,45
53276,54
53277,54
53278,13
53280,80
53281,17
53285,13
53286,36
53288,77
53289,93
53290,75
53295,69
53296,15
53297,71
53298,16
53299,57
53300,81
53302,86
53304,55
53305,79
53306,92
53307,32
53308,9
53311,13
53312,60
53314,31
53316,89
53317,97
53318,77
53319,81
53320,86
53323,74
53324,48
53325,79
53327,42
53333,98
53334,10
53335,99
53336,8
53337,92
53338,46
53339,16
53340,50
53341,33
53345,92
53346,20
53347,79
53348,48
53349,9
53351,36
53352,36
53353,35
53354,96
53356,37
53357,74
53358,82
53360,9
53361,17
53362,41
53363,77
53366,51
53368,63
53369,51
53370,1
53371,23
53372,1
53373,51
53375,35
53376,50
53377,50
53378,24
53380,87
53382,13
53383,91
53384,4
53385,98
53386,92
53387,57
53388,10
53389,17
53390,17
53391,68
53394,47
53395,89
53396,28
53398,73
53400,84
53401,11
53402,1
53403,62
53404,38
53406,17
53407,86
53408,12
53409,40
53411,85
53412,20
53414,17
53415,98
53416,93
53417,9
53418,42
53419,76
53420,86
53422,35
53423,93
53424,46
53425,15
53426,2
53427,71
53430,11
53431,68
53432,64
53433,64
53434,70
53435,98
53440,92
53443,20
53445,98
53446,73
53447,4
53448,33
53449,98
53450,79
53452,84
53453,12
53455,85
53456,17
53458,55
53460,17
53464,53
53465,18
53466,17
53467,2
53468,17
53472,95
53473,48
53474,2
53475,88
53477,51
53478,60
53479,92
53480,42
53481,77
53482,12
53486,16
53487,93
53488,45
53489,97
53490,88
53491,83
53494,28
53495,53
53496,4
53498,83
53499,18
53500,23
53501,36
53506,72
53507,12
53508,51
53509,15
53510,84
53513,10
53515,17
53516,89
53518,17
53519,13
53520,54
53521,55
53522,1
53524,69
53525,55
53526,73
53527,20
53530,59
53531,35
53532,35
53533,17
53534,13
53535,64
53537,29
53538,2
53539,23
53541,7
53542,28
53544,92
53545,98
53547,50
53548,17
53549,91
53551,16
53557,73
53558,94
53559,46
53560,59
53561,51
53562,23
53563,46
53565,36
53566,0
53567,15
53568,84
53571,18
53572,50
53573,17
53574,4
53576,95
53577,52
53578,23
53579,70
53580,87
53581,92
53582,40
53583,1
53597,84
53598,15
53600,4
53601,13
53602,17
53603,31
53604,37
53606,38
53607,17
53608,31
53609,14
53610,94
53611,90
53613,77
53616,20
53617,60
53618,50
53619,24
53620,13
53621,99
53622,11
53623,98
53624,51
53625,88
53626,88
53627,55
53629,73
53630,73
53631,23
53635,62
53636,12
53637,92
53638,51
53639,81
53641,91
53642,94
53643,42
53644,46
53645,85
53646,4
53647,64
53648,27
53649,13
53650,1
53651,12
53652,36
53653,8
53654,57
53655,57
53656,34
53663,92
53666,59
53667,98
53668,37
53669,77
53670,84
53671,97
53672,23
53673,17
53674,91
53675,17
53676,37
53678,64
53679,11
53680,8
53681,73
53682,12
53683,13
53684,82
53685,76
53686,76
53687,76
53688,76
53690,53
53691,68
53692,17
53695,17
53696,13
53697,62
53698,41
53699,83
53700,82
53701,31
53702,68
53704,86
53705,74
53707,91
53708,27
53709,50
53711,1
53712,86
53716,91
53717,35
53719,89
53720,37
53723,72
53724,15
53725,46
53726,91
53727,17
53728,79
53729,59
53730,17
53732,74
53733,12
53734,57
53735,17
53736,12
53738,92
53739,63
53740,28
53744,15
53746,89
53747,99
53748,53
53750,54
53751,23
53753,36
53754,91
53755,79
53756,12
53758,27
53762,12
53763,63
53764,75
53765,3
53766,74
53767,31
53769,8
53770,18
53771,92
53772,36
53774,17
53775,26
53776,89
53777,54
53778,28
53784,4
53785,34
53786,74
53787,99
53788,92
53791,11
53792,11
53793,48
53794,76
53795,16
53796,13
53797,77
53799,20
53800,98
53802,44
53803,77
53804,82
53806,89
53808,3
53809,18
53810,17
53811,20
53812,3
53813,84
53814,12
53815,92
53816,38
53817,10
53818,12
53819,0
53820,45
53821,92
53822,41
53824,98
53826,57
53827,79
53828,79
53829,20
53830,95
53831,57
53832,57
53833,18
53834,13
53835,68
53836,79
53838,94
53839,29
53841,20
53843,31
53844,92
53847,4
53849,0
53850,51
53851,65
53852,14
53854,77
53855,97
53858,60
53859,86
53860,99
53861,59
53862,60
53863,79
53864,1
53865,71
53866,75
53868,92
53869,8
53870,20
53873,13
53874,91
53875,79
53876,13
53877,79
53879,20
53880,79
53881,68
53882,41
53884,26
53885,59
53887,12
53888,15
53889,45
53890,60
53891,85
53892,55
53893,77
53894,74
53895,57
53896,57
53897,27
53898,13
53899,17
53900,9
53901,3
53902,83
53903,54
53904,14
53905,49
53907,77
53908,47
53909,75
53910,8
53911,54
53915,4
53916,48
53917,13
53918,43
53919,94
53920,57
53924,27
53928,36
53929,59
53931,18
53932,59
53934,18
53935,18
53936,4
53937,63
53938,80
53939,27
53940,27
53941,10
53942,13
53943,36
53945,53
53948,36
53949,36
53951,55
53952,60
53953,36
53954,51
53955,54
53957,36
53958,11
53959,12
53960,36
53961,53
53963,36
53964,93
53965,32
53966,50
53967,96
53968,96
53969,96
53970,96
53974,79
53975,17
53976,12
53979,54
53980,36
53981,78
53982,78
53983,78
53985,18
53986,17
53987,92
53988,44
53989,16
53990,13
53991,59
53992,94
53993,85
53994,93
53995,43
53996,1
53997,82
54001,53
54003,98
54004,21
54005,54
54006,17
54007,27
54008,79
54009,77
54010,1
54011,1
54012,1
54014,10
54016,92
54017,98
54018,13
54019,27
54021,92
54022,92
54023,8
54024,36
54025,54
54026,36
54027,82
54028,94
54029,9
54030,85
54031,36
54032,36
54033,1
54034,86
54036,87
54037,76
54038,65
54039,55
54040,36
54041,42
54042,94
54043,46
54045,55
54046,27
54047,41
54048,85
54049,86
54050,74
54051,68
54053,29
54054,9
54055,74
54056,86
54057,12
54058,99
54059,87
54060,76
54061,67
54062,79
54063,10
54065,83
54066,1
54067,2
54068,44
54069,86
54072,35
54073,7
54074,33
54075,77
54076,89
54077,34
54078,92
54079,27
54080,95
54082,53
54083,29
54084,95
54086,4
54088,27
54090,77
54091,37
54092,53
54093,37
54094,37
54096,44
54097,70
54098,33
54099,22
54100,93
54101,70
54102,59
54103,7
54104,93
54105,38
54106,85
54107,9
54108,91
54109,56
54111,62
54114,8
54115,18
54116,92
54117,36
54119,50
54121,85
54122,91
54124,12
54125,35
54128,78
54129,87
54130,70
54131,50
54132,92
54133,92
54134,1
54135,74
54136,42
54137,11
54138,55
54140,60
54141,74
54142,85
54143,46
54144,4
54145,68
54146,8
54147,92
54148,38
54149,89
54150,88
54151,88
54152,51
54153,41
54154,51
54155,78
54156,78
54159,3
54160,84
54161,69
54162,95
54163,68
54165,73
54166,75
54168,88
54169,32
54171,83
54172,10
54173,21
54176,79
54177,93
54179,60
54180,84
54181,84
54186,91
54187,47
54188,84
54189,12
54190,17
54191,18
54193,77
54194,99
54195,92
54196,51
54197,75
54198,75
54199,53
54203,12
54208,95
54209,78
54210,28
54211,98
54212,16
54213,83
54214,92
54215,13
54216,94
54217,64
54218,13
54219,15
54220,51
54221,77
54222,59
54223,65
54224,53
54225,12
54226,18
54230,76
54232,78
54233,79
54234,50
54235,89
54236,49
54238,78
54239,91
54240,40
54241,40
54243,20
54244,77
54245,29
54246,18
54247,37
54250,88
54251,45
54252,78
54253,95
54254,74
54255,84
54256,59
54257,72
54258,78
54259,97
54260,20
54261,20
54265,92
54266,35
54267,78
54268,20
54269,18
54270,16
54271,98
54272,43
54273,33
54274,57
54275,12
54276,40
54277,11
54278,18
54279,9
54280,84
54281,91
54284,73
54286,46
54287,46
54288,46
54289,74
54290,78
54291,20
54292,18
54293,50
54294,92
54295,18
54296,12
54297,78
54298,26
54299,51
54300,8
54302,8
54303,7
54304,85
54309,18
54310,94
54312,12
54313,20
54314,75
54315,75
54316,75
54317,75
54318,60
54319,75
54320,75
54321,75
54322,75
54323,51
54324,75
54325,75
54326,75
54327,75
54328,75
54329,28
54330,63
54331,95
54332,79
54333,85
54334,88
54335,63
54336,75
54337,18
54338,12
54340,51
54344,75
54345,31
54346,47
54347,13
54348,84
54349,51
54350,92
54351,59
54354,29
54355,75
54358,41
54360,77
54361,15
54364,86
54365,54
54366,2
54367,80
54369,73
54370,89
54371,76
54372,68
54373,20
54374,15
54375,15
54376,28
54377,18
54378,28
54380,91
54381,75
54383,95
54384,38
54388,78
54389,92
54392,34
54394,31
54396,78
54399,77
54400,84
54401,27
54402,27
54403,14
54404,82
54405,60
54406,69
54407,20
54409,80
54410,10
54411,77
54413,86
54414,99
54415,82
54416,78
54417,9
54418,85
54420,28
54424,85
54425,42
54426,34
54429,50
54431,94
54432,94
54433,27
54437,7
54439,94
54441,9
54442,78
54444,7
54445,33
54446,86
54448,51
54451,36
54452,99
54453,98
54454,45
54455,28
54459,4
54460,12
54461,45
54462,40
54463,85
54464,85
54465,85
54466,73
54468,71
54470,59
54473,7
54474,4
54475,95
54476,51
54477,92
54478,71
54479,42
54480,3
54483,0
54484,91
54485,43
54486,89
54487,32
54488,20
54490,70
54491,59
54492,75
54493,47
54495,8
54496,86
54497,95
54498,80
54499,42
54500,42
54501,4
54502,27
54503,31
54504,1
54505,38
54506,77
54507,87
54508,57
54509,78
54510,1
54513,71
54514,88
54515,83
54518,9
54519,53
54520,71
54523,92
54524,88
54525,72
54526,38
54527,98
54529,17
54530,24
54531,84
54532,20
54533,42
54534,78
54535,10
54536,17
54537,34
54538,85
54539,88
54540,82
54541,88
54542,42
54544,16
54545,36
54546,28
54547,17
54548,40
54549,13
54550,23
54552,51
54553,79
54554,95
54557,28
54558,95
54561,45
54562,36
54563,78
54564,95
54566,4
54568,55
54569,85
54570,37
54572,70
54575,7
54576,77
54577,1
54578,13
54579,86
54580,38
54581,19
54583,91
54584,78
54585,77
54587,53
54589,50
54590,68
54591,82
54593,43
54594,43
54595,43
54596,37
54598,91
54599,63
54601,98
54602,51
54604,86
54605,74
54606,64
54607,9
54608,92
54609,19
54610,72
54611,11
54612,81
54613,83
54614,43
54615,43
54616,72
54617,18
54618,69
54619,49
54620,23
54621,92
54622,45
54623,40
54624,78
54625,71
54626,18
54627,70
54628,36
54629,56
54630,17
54631,64
54632,17
54633,46
54634,53
54635,13
54636,50
54637,4
54638,3
54639,32
54641,64
54642,53
54643,35
54644,18
54645,18
54646,45
54647,17
54648,44
54649,92
54650,63
54652,35
54653,35
54654,7
54657,54
54658,36
54660,93
54661,78
54662,20
54663,54
54664,24
54665,20
54666,89
54667,77
54669,94
54672,47
54673,85
54674,37
54675,71
54676,59
54678,92
54680,83
54682,72
54683,48
54684,43
54685,92
54686,0
54687,93
54688,50
54689,50
54692,42
54693,45
54694,8
54695,60
54696,75
54697,72
54698,10
54699,10
54700,87
54701,51
54702,65
54703,54
54704,63
54705,10
54707,27
54708,16
54709,7
54710,89
54711,10
54712,78
54713,79
54715,4
54716,40
54717,69
54718,42
54719,98
54720,27
54721,21
54722,78
54724,48
54725,92
54726,0
54729,17
54731,67
54732,24
54733,97
54734,3
54735,71
54736,26
54737,17
54740,42
54741,7
54742,82
54743,47
54746,95
54747,17
54748,78
54749,17
54751,83
54752,54
54755,17
54757,84
54760,53
54761,16
54763,92
54764,2
54765,14
54766,2
54767,92
54771,33
54772,92
54773,51
54774,20
54775,60
54776,12
54778,72
54779,85
54780,57
54781,78
54782,84
54783,85
54788,47
54789,99
54790,64
54792,50
54793,18
54794,49
54795,1
54796,97
54797,95
54798,31
54799,77
54800,35
54801,93
54803,57
54804,95
54805,33
54806,31
54807,47
54808,47
54809,75
54811,18
54812,14
54813,17
54814,11
54815,92
54816,12
54818,31
54820,45
54822,98
54823,83
54824,20
54825,74
54826,17
54827,73
54830,75
54833,41
54834,31
54836,45
54839,78
54840,73
54841,85
54843,79
54845,47
54846,13
54847,85
54848,46
54850,50
54851,99
54852,78
54854,16
54855,85
54856,85
54857,85
54858,26
54859,83
54860,73
54862,13
54863,70
54864,85
54865,1
54866,75
54867,65
54868,19
54869,33
54870,38
54871,12
54872,15
54874,24
54877,31
54878,45
54879,47
54880,13
54881,74
54882,93
54884,73
54885,50
54886,42
54887,92
54888,43
54889,32
54891,9
54892,54
54893,63
54894,31
54895,15
54896,85
54897,81
54898,35
54899,12
54900,43
54901,94
54902,98
54903,18
54904,45
54905,12
54907,98
54908,9
54909,17
54910,93
54911,79
54912,98
54913,74
54914,26
54915,92
54916,0
54917,12
54918,29
54919,29
54920,29
54921,29
54922,4
54923,4
54924,78
54925,76
54926,1
54928,97
54929,73
54930,17
54931,93
54932,53
54936,53
54937,1
54938,11
54939,9
54940,93
54941,93
54942,93
54943,8
54944,73
54945,17
54946,92
54947,98
54948,98
54950,82
54951,42
54953,46
54954,92
54955,63
54957,12
54958,35
54959,7
54961,92
54962,89
54964,9
54965,55
54966,18
54967,35
54968,34
54969,28
54970,40
54971,33
54973,86
54974,35
54976,28
54977,9
54978,31
54979,33
54980,60
54981,50
54982,63
54984,63
54985,99
54986,85
54987,70
54988,1
54989,67
54990,22
54991,87
54992,11
54993,70
54994,92
54995,92
54996,17
54999,34
55000,92
55001,57
55002,89
55003,78
55004,31
55005,49
55006,16
55007,31
55008,50
55009,35
55010,83
55011,98
55012,16
55015,31
55016,50
55017,13
55018,27
55019,9
55020,65
55021,92
55022,83
55024,87
55025,72
55031,99
55032,98
55034,42
55035,80
55036,9
55039,15
55040,37
55041,84
55042,98
55045,60
55046,81
55047,51
55048,12
55049,98
55051,77
55052,98
55053,73
55054,84
55055,97
55056,54
55057,8
55059,46
55060,73
55061,73
55062,60
55063,35
55064,45
55065,63
55066,78
55067,60
55068,42
55069,50
55070,47
55071,35
55073,31
55074,17
55075,31
55076,7
55077,22
55078,88
55079,99
55080,92
55081,33
55082,20
55084,32
55086,99
55087,9
55088,27
55089,17
55090,31
55091,72
55092,51
55093,27
55094,50
55095,50
55096,35
55097,3
55098,92
55099,89
55100,42
55101,33
55102,33
55104,79
55105,98
55106,92
55107,24
55108,20
55109,83
55110,68
55112,73
55113,53
55114,94
55115,85
55116,53
55118,51
55119,89
55120,45
55121,1
55122,1
55123,15
55124,47
55125,37
55126,28
55127,95
55128,8
55129,27
55131,96
55132,36
55133,36
55134,36
55137,33
55140,85
55141,31
55142,92
55143,57
55144,12
55145,51
55146,28
55147,82
55148,0
55149,23
55150,23
55151,7
55152,95
55153,96
55154,10
55155,37
55156,50
55158,36
55160,12
55161,74
55162,15
55164,70
55165,36
55166,16
55168,23
55169,13
55170,99
55172,20
55173,3
55174,69
55176,51
55178,99
55179,91
55180,78
55181,78
55182,78
55183,76
55185,83
55186,46
55189,33
55190,68
55191,32
55192,32
55194,36
55195,67
55196,78
55199,42
55200,54
55201,69
55202,78
55207,19
55208,36
55212,94
55213,17
55214,74
55216,95
55217,92
55218,36
55219,87
55220,64
55221,12
55222,1
55224,50
55225,76
55226,40
55228,26
55230,20
55231,9
55232,78
55234,47
55235,9
55237,37
55238,53
55239,53
55240,53
55241,36
55242,16
55243,3
55244,85
55246,60
55247,83
55249,59
55250,36
55251,73
55253,89
55254,83
55255,40
55256,3
55257,59
55258,35
55260,80
55261,12
55262,11
55263,13
55264,40
55266,77
55268,77
55269,84
55270,37
55272,91
55273,50
55274,7
55275,35
55276,16
55277,51
55278,68
55279,68
55280,13
55281,57
55282,49
55283,87
55284,87
55285,75
55286,10
55287,10
55288,85
55289,10
55290,10
55291,10
55292,10
55294,99
55295,9
55296,85
55297,17
55298,1
55299,36
55300,2
55303,35
55304,17
55305,33
55306,78
55307,87
55308,89
55309,33
55310,33
55311,33
55312,33
55313,33
55314,55
55315,98
55316,45
55317,65
55318,98
55319,23
55320,7
55323,85
55324,91
55325,37
55326,16
55327,85
55328,2
55329,37
55330,18
55331,73
55332,53
55333,36
55334,51
55335,17
55336,27
55337,37
55338,37
55339,93
55340,16
55341,98
55342,98
55343,12
55346,51
55347,73
55348,33
55350,89
55353,74
55354,8
55357,78
55358,51
55359,86
55360,7
55361,29
55362,36
55363,23
55364,91
55365,50
55366,79
55368,12
55369,96
55372,36
55373,75
55374,16
55375,45
55376,75
55377,99
55378,94
55379,51
55380,36
55381,41
55382,23
55383,36
55384,50
55385,50
55386,17
55387,28
55388,36
55389,49
55390,73
55391,9
55392,7
55394,73
55395,94
55396,36
55397,31
55398,15
55399,99
55400,22
55402,92
55403,77
55404,33
55405,48
55406,69
55407,93
55408,7
55409,4
55412,54
55413,83
55414,23
55415,17
55417,76
55418,78
55420,33
55421,12
55423,34
55424,13
55425,83
55426,10
55427,53
55428,77
55429,45
55431,62
55432,40
55433,50
55434,35
55435,7
55437,9
55439,74
55442,12
55443,12
55444,36
55445,51
55447,98
55450,75
55451,78
55452,31
55454,94
55455,42
55457,43
55458,99
55459,99
55460,78
55461,9
55463,56
55464,94
55465,35
55467,45
55468,1
55470,93
55471,59
55472,68
55473,82
55474,77
55475,13
55476,7
55478,68
55479,27
55482,74
55484,43
55486,50
55489,54
55490,54
55491,46
55492,10
55493,45
55494,18
55496,98
55497,67
55498,73
55499,62
55500,51
55502,87
55503,12
55504,75
55505,93
55506,16
55507,38
55508,11
55509,11
55510,33
55511,33
55512,75
55513,86
55518,78
55519,83
55523,74
55525,74
55526,43
55527,91
55528,91
55529,91
55531,20
55532,47
55534,86
55535,0
55536,9
55538,42
55539,72
55540,35
55541,77
55546,53
55548,14
55549,96
55550,37
55551,50
55553,14
55555,55
55556,59
55557,17
55558,8
55560,17
55561,95
55562,7
55564,99
55566,55
55567,89
55568,89
55570,95
55571,93
55575,18
55576,60
55577,87
55581,12
55582,87
55583,40
55584,21
55585,54
55586,20
55587,72
55589,97
55590,85
55591,64
55592,74
55593,42
55594,93
55595,54
55596,13
55597,7
55598,92
55601,94
55602,21
55603,78
55604,78
55605,49
55606,33
55608,83
55609,3
55610,89
55611,10
55612,50
55613,50
55614,51
55617,33
55618,20
55619,89
55620,12
55621,80
55622,59
55623,51
55624,59
55625,10
55626,28
55627,41
55628,18
55629,9
55630,28
55631,28
55635,2
55636,87
55642,33
55643,4
55644,68
55645,62
55646,49
55648,46
55650,37
55651,95
55652,2
55654,7
55658,88
55660,32
55663,86
55665,18
55666,12
55668,48
55669,22
55670,80
55671,80
55672,80
55673,95
55674,88
55676,59
55678,94
55679,31
55680,20
55681,84
55683,92
55684,77
55685,45
55686,89
55687,20
55688,51
55689,33
55690,13
55691,54
55692,20
55693,17
55694,17
55695,28
55696,37
55701,20
55702,12
55703,94
55704,32
55705,55
55706,91
55707,41
55708,76
55709,82
55710,51
55713,74
55714,13
55715,86
55716,99
55717,91
55718,27
55719,1
55720,35
55721,7
55722,63
55723,7
55724,45
55725,92
55726,49
55727,75
55728,84
55729,64
55730,92
55731,51
55732,60
55734,55
55735,21
55736,18
55737,82
55738,81
55739,79
55742,43
55743,20
55744,85
55745,85
55746,85
55748,33
55749,38
55750,68
55751,13
55753,89
55754,32
55757,77
55758,69
55759,84
55760,15
55761,20
55762,95
55763,7
55764,17
55765,91
55767,17
55768,17
55769,10
55771,97
55772,2
55773,94
55774,28
55775,42
55776,9
55777,42
55778,42
55779,92
55780,7
55781,6
55782,33
55783,33
55784,37
55785,21
55786,74
55787,77
55789,94
55790,80
55792,69
55793,77
55795,33
55798,22
55799,23
55800,23
55801,56
55802,42
55804,9
55805,32
55806,3
55807,98
55808,66
55809,95
55813,1
55814,24
55815,92
55816,93
55817,77
55818,18
55819,18
55821,85
55822,42
55824,84
55825,16
55826,17
55827,33
55828,87
55829,97
55830,17
55831,33
55832,2
55833,20
55837,17
55838,31
55839,45
55840,53
55841,18
55842,89
55843,92
55844,9
55845,17
55846,68
55847,45
55849,0
55850,15
55851,3
55852,92
55854,13
55856,92
55857,41
55858,17
55859,42
55861,87
55862,45
55863,77
55864,86
55865,29
55867,13
55868,85
55870,51
55871,51
55872,51
55876,12
55877,10
55878,73
55880,59
55885,15
55886,28
55887,54
55888,10
55891,92
55893,60
55894,51
55896,17
55897,21
55898,11
55899,75
55901,2
55902,45
55903,45
55904,45
55905,45
55906,45
55907,17
55908,74
55910,95
55918,60
55919,46
55920,27
55921,99
55922,10
55923,59
55926,65
55927,16
55928,37
55930,40
55931,27
55932,15
55933,92
55935,77
55939,89
55940,20
55941,34
55942,35
55945,10
55946,80
55947,33
55948,59
55949,94
55950,7
55951,15
55952,9
55953,9
55955,70
55956,33
55957,83
55958,84
55959,59
55960,33
55961,33
55962,93
55963,99
55964,17
55965,92
55966,91
55968,9
55969,95
55970,42
55971,77
55973,20
55974,89
55975,28
55976,74
55977,22
55978,83
55979,33
55980,27
55981,10
55982,86
55983,95
55986,64
55987,13
55988,20
55989,72
55990,18
55993,33
55994,76
55995,73
55996,36
55997,95
55998,45
56001,64
56002,69
56003,95
56004,81
56005,22
56006,77
56007,16
56008,38
56009,92
56012,95
56013,1
56014,1
56015,1
56016,95
56017,7
56018,89
56019,26
56020,20
56021,79
56022,18
56023,67
56027,9
56028,82
56029,85
56033,95
56034,29
56035,31
56036,22
56037,12
56038,9
56039,41
56040,13
56041,18
56042,35
56043,60
56046,59
56048,73
56049,65
56050,23
56053,38
56056,17
56058,16
56059,60
56060,31
56061,95
56062,7
56063,27
56070,95
56071,71
56073,17
56074,99
56075,11
56076,53
56077,93
56078,95
56079,3
56080,33
56081,22
56082,99
56083,42
56084,73
56085,17
56087,1
56088,13
56089,31
56090,63
56094,95
56095,89
56096,51
56097,17
56099,89
56100,35
56101,90
56102,50
56103,68
56104,27
56105,85
56106,95
56109,63
56111,71
56112,33
56113,64
56118,79
56119,46
56120,92
56121,31
56122,71
56126,97
56128,33
56129,40
56130,95
56132,77
56133,28
56134,68
56135,64
56137,79
56140,13
56141,12
56142,48
56143,22
56144,72
56145,4
56146,12
56147,79
56150,50
56151,10
56153,92
56154,59
56155,57
56157,29
56158,49
56159,28
56161,16
56162,64
56165,80
56166,13
56167,4
56168,4
56169,92
56170,74
56171,42
56175,35
56176,85
56177,16
56178,16
56179,22
56180,46
56181,19
56184,11
56185,2
56186,42
56187,8
56190,31
56191,33
56195,22
56196,42
56197,51
56198,59
56199,74
56200,54
56201,40
56203,95
56204,29
56205,28
56206,3
56207,92
56208,34
56209,83
56210,41
56211,9
56213,12
56215,17
56216,92
56217,23
56218,12
56220,9
56221,85
56222,57
56223,21
56226,15
56227,85
56228,98
56229,86
56230,16
56231,17
56232,92
56233,33
56234,92
56235,92
56236,7
56237,33
56238,35
56241,16
56242,16
56243,33
56244,99
56245,77
56247,92
56248,69
56249,77
56250,57
56254,64
56255,37
56256,65
56259,17
56260,84
56261,78
56262,4
56263,63
56264,53
56266,99
56267,68
56269,80
56270,3
56271,64
56276,60
56277,95
56278,17
56279,18
56280,34
56284,35
56285,21
56286,88
56287,11
56288,64
56289,74
56290,28
56292,12
56293,9
56294,9
56297,82
56298,22
56299,12
56300,98
56302,28
56303,23
56304,35
56305,28
56306,20
56307,99
56308,13
56310,16
56311,7
56312,51
56313,31
56314,84
56315,23
56316,12
56318,9
56319,17
56320,31
56321,42
56322,3
56323,12
56324,97
56325,17
56326,98
56328,79
56331,75
56332,77
56334,95
56335,94
56336,77
56337,17
56338,25
56339,77
56340,43
56341,50
56342,53
56344,51
56345,22
56346,27
56347,46
56348,27
56349,35
56353,77
56354,26
56355,94
56356,33
56357,12
56358,53
56359,4
56360,12
56361,99
56362,24
56363,7
56364,91
56365,77
56368,35
56369,17
56371,37
56372,37
56373,37
56375,99
56376,31
56379,97
56380,79
56381,92
56383,89
56384,89
56385,33
56386,18
56387,67
56388,89
56389,0
56391,46
56394,68
56395,68
56396,97
56397,32
56398,68
56400,13
56401,92
56402,42
56403,63
56404,26
56406,99
56407,11
56408,92
56409,9
56410,17
56411,29
56412,18
56414,18
56415,92
56416,92
56418,98
56419,74
56420,76
56423,70
56424,27
56425,16
56426,93
56427,68
56428,83
56429,60
56430,59
56432,33
56433,94
56434,94
56435,94
56436,98
56437,82
56438,53
56439,70
56440,81
56441,11
56442,53
56443,33
56444,84
56445,12
56447,85
56448,99
56449,92
56450,25
56453,45
56455,16
56456,87
56457,42
56462,60
56463,69
56464,69
56465,16
56466,99
56467,51
56468,18
56469,84
56470,33
56471,12
56472,64
56476,73
56477,55
56478,23
56479,18
56480,20
56481,92
56484,31
56485,60
56486,42
56487,18
56488,40
56489,20
56490,97
56494,18
56495,41
56501,80
56502,84
56503,45
56504,8
56505,95
56506,40
56507,40
56508,94
56510,3
56513,82
56514,59
56516,17
56517,73
56521,38
56522,91
56524,33
56526,64
56527,85
56528,16
56529,27
56530,53
56531,36
56534,97
56535,97
56536,13
56537,36
56538,99
56539,71
56540,55
56541,49
56542,73
56544,47
56549,36
56550,72
56551,89
56552,92
56553,17
56554,92
56555,3
56556,92
56557,46
56560,42
56562,33
56563,7
56564,37
56565,36
56566,37
56568,36
56569,13
56570,10
56571,84
56572,74
56574,36
56575,98
56576,70
56577,93
56578,31
56579,94
56581,47
56582,29
56583,92
56584,68
56585,77
56587,50
56588,68
56589,71
56590,0
56593,34
56594,17
56596,95
56597,72
56598,85
56599,57
56600,15
56601,77
56602,92
56603,9
56605,73
56607,38
56608,99
56609,9
56610,63
56611,87
56612,41
56613,88
56614,72
56615,34
56616,64
56617,51
56618,73
56619,95
56620,13
56621,99
56623,84
56625,4
56626,59
56628,54
56629,71
56630,53
56631,18
56632,92
56633,95
56634,18
56635,71
56637,77
56638,77
56639,89
56640,64
56642,71
56643,47
56644,72
56648,46
56650,20
56651,69
56652,94
56653,9
56654,47
56656,11
56657,84
56658,86
56659,73
56660,92
56661,12
56663,13
56664,85
56665,15
56667,84
56670,97
56671,41
56673,42
56674,54
56675,1
56676,17
56677,71
56678,87
56679,77
56681,38
56683,3
56684,18
56685,59
56686,92
56687,0
56688,77
56689,9
56690,3
56691,18
56692,92
56693,17
56694,17
56695,86
56696,82
56697,38
56698,18
56699,72
56700,18
56701,63
56703,21
56704,10
56705,93
56707,47
56709,41
56710,40
56711,99
56712,99
56713,76
56714,17
56717,59
56718,7
56719,87
56720,33
56721,11
56722,82
56725,17
56726,71
56727,48
56728,70
56730,92
56732,42
56734,84
56735,77
56736,95
56738,51
56739,80
56741,71
56742,60
56743,17
56746,86
56747,53
56748,1
56750,37
56751,3
56752,17
56753,43
56756,92
56758,87
56759,92
56761,18
56762,40
56763,53
56764,98
56765,80
56766,71
56767,40
56768,36
56771,71
56772,87
56773,17
56774,73
56776,77
56777,9
56778,42
56779,93
56780,33
56781,4
56783,24
56784,55
56787,33
56790,3
56791,18
56792,92
56795,74
56796,54
56797,87
56798,92
56799,22
56800,62
56802,71
56803,80
56805,38
56809,87
56810,91
56811,54
56812,9
56813,1
56815,54
56816,68
56817,77
56819,92
56821,11
56822,20
56823,17
56824,63
56827,1
56828,62
56829,53
56830,9
56831,92
56832,75
56833,51
56834,17
56836,84
56837,9
56838,33
56839,36
56840,71
56841,33
56843,76
56844,51
56845,71
56846,63
56849,22
56850,23
56851,73
56852,11
56853,9
56858,53
56860,0
56861,82
56862,85
56864,80
56865,60
56868,86
56869,11
56870,87
56872,85
56873,11
56875,46
56876,93
56877,13
56878,87
56880,20
56881,84
56883,59
56884,53
56886,50
56887,69
56889,90
56891,65
56893,79
56894,33
56895,86
56896,92
56899,13
56900,64
56902,33
56903,8
56904,89
56905,89
56906,73
56907,45
56908,89
56909,77
56910,50
56911,8
56913,99
56914,74
56917,95
56921,22
56923,73
56924,9
56925,85
56926,99
56927,97
56928,67
56929,69
56931,63
56932,92
56933,17
56934,69
56935,37
56937,57
56939,77
56940,4
56942,73
56945,22
56946,79
56948,1
56949,80
56950,3
56951,9
56953,50
56954,89
56955,18
56956,12
56957,48
56959,64
56960,33
56961,33
56962,35
56963,16
56964,95
56965,1
56966,51
56968,80
56970,1
56971,70
56972,14
56973,92
56974,99
56975,85
56976,91
56978,89
56979,89
56980,1
56984,85
56985,17
56986,85
56987,0
56988,73
56989,32
56992,31
56993,18
56995,96
56998,18
56999,62
57000,86
57002,85
57003,13
57004,60
57005,9
57006,85
57007,4
57008,86
57009,51
57010,84
57013,50
57014,50
57015,71
57016,46
57017,35
57018,38
57020,45
57021,18
57022,99
57024,46
57025,80
57026,45
57027,71
57028,13
57030,11
57031,77
57033,34
57034,80
57036,87
57037,89
57038,49
57039,91
57041,60
57042,63
57043,46
57044,10
57045,88
57046,17
57047,80
57048,73
57049,22
57050,87
57054,77
57055,68
57056,22
57057,68
57059,8
57060,45
57061,8
57062,80
57063,34
57066,33
57067,46
57068,82
57069,79
57070,96
57071,20
57072,1
57074,23
57077,73
57081,13
57083,79
57086,15
57087,15
57088,33
57089,34
57090,89
57091,74
57094,9
57095,45
57096,97
57097,60
57098,60
57099,94
57100,33
57101,92
57102,99
57106,27
57107,50
57108,50
57109,18
57110,13
57111,31
57112,95
57113,35
57116,68
57117,13
57118,42
57119,18
57120,77
57121,20
57122,79
57123,64
57124,75
57125,89
57126,20
57130,34
57132,53
57133,53
57134,32
57135,95
57136,28
57137,17
57138,33
57139,16
57140,46
57141,1
57142,64
57143,53
57144,12
57147,33
57148,51
57149,17
57150,20
57152,42
57153,42
57154,17
57155,34
57156,76
57157,47
57158,13
57159,67
57161,23
57162,95
57164,46
57165,92
57166,94
57167,82
57168,4
57169,77
57171,17
57172,7
57173,41
57174,50
57175,13
57176,36
57177,12
57178,13
57179,21
57180,80
57181,14
57185,96
57186,9
57188,60
57189,42
57190,27
57191,32
57192,51
57194,59
57195,91
57196,85
57197,92
57198,81
57199,92
57200,28
57201,42
57202,37
57203,93
57205,92
57206,84
57207,84
57208,84
57210,33
57211,77
57212,41
57215,79
57217,77
57218,26
57221,95
57223,86
57224,92
57226,9
57228,50
57229,92
57230,92
57231,95
57235,4
57236,33
57237,35
57239,10
57241,18
57242,17
57243,11
57244,17
57246,83
57247,31
57249,94
57250,98
57251,64
57252,23
57253,84
57254,1
57255,14
57258,23
57259,31
57260,11
57265,82
57266,60
57267,28
57268,46
57269,42
57271,22
57272,20
57273,68
57274,94
57275,57
57276,35
57277,56
57280,64
57283,8
57284,69
57287,12
57288,35
57289,46
57290,77
57291,40
57292,20
57294,33
57295,33
57296,33
57297,1
57298,17
57299,60
57300,50
57301,92
57302,76
57304,42
57305,86
57306,41
57307,12
57308,53
57309,74
57310,74
57311,33
57312,85
57313,21
57314,33
57315,89
57316,83
57317,38
57318,26
57319,16
57320,28
57321,92
57322,94
57323,16
57324,83
57325,24
57326,88
57327,22
57328,20
57329,68
57330,26
57331,63
57333,87
57334,41
57335,28
57336,46
57337,68
57339,3
57340,21
57341,13
57342,11
57343,14
57344,4
57345,59
57347,53
57348,77
57349,85
57350,9
57352,4
57354,77
57355,28
57356,98
57358,59
57359,11
57361,83
57362,86
57364,42
57365,60
57366,60
57369,87
57370,33
57371,10
57372,75
57374,84
57375,84
57376,84
57379,84
57380,74
57381,12
57382,13
57383,41
57384,40
57385,2
57387,63
57389,47
57390,69
57391,77
57392,41
57393,13
57395,85
57396,86
57397,18
57398,63
57399,72
57400,84
57401,47
57402,29
57403,94
57404,53
57405,15
57406,63
57407,46
57408,86
57409,20
57410,79
57411,72
57413,92
57415,33
57416,85
57417,98
57418,1
57421,23
57422,23
57423,93
57424,12
57426,92
57427,85
57428,73
57431,42
57432,27
57433,36
57434,51
57435,53
57436,54
57437,60
57438,68
57439,18
57440,41
57441,23
57442,96
57443,28
57444,93
57445,50
57446,50
57447,1
57450,32
57451,10
57452,27
57453,12
57455,4
57456,42
57457,55
57458,23
57459,79
57460,81
57462,17
57463,54
57464,1
57466,92
57467,12
57468,72
57469,3
57470,92
57471,45
57472,13
57473,82
57474,63
57475,41
57476,34
57478,58
57480,63
57481,12
57482,51
57483,96
57484,4
57485,58
57487,68
57488,58
57489,44
57490,58
57491,77
57492,51
57493,81
57494,59
57496,93
57497,16
57498,27
57500,89
57501,58
57502,42
57503,1
57504,98
57507,35
57508,17
57509,17
57510,50
57511,58
57512,63
57513,65
57514,58
57515,7
57517,2
57518,51
57520,72
57521,74
57522,74
57523,63
57524,58
57526,35
57527,44
57528,95
57529,95
57530,23
57531,7
57532,13
57533,15
57535,79
57536,41
57537,58
57538,58
57539,1
57540,84
57541,58
57542,58
57543,79
57544,95
57545,79
57546,13
57548,77
57551,63
57554,47
57555,41
57556,92
57558,15
57559,3
57560,1
57562,51
57563,4
57564,13
57566,28
57568,1
57569,8
57570,34
57573,11
57574,13
57575,63
57576,77
57577,16
57580,27
57581,20
57582,94
57583,73
57584,22
57585,31
57586,77
57587,3
57588,2
57589,82
57591,50
57592,63
57594,27
57595,55
57596,63
57597,12
57598,76
57599,60
57600,3
57601,53
57602,12
57603,1
57604,74
57605,34
57606,12
57608,18
57609,13
57610,2
57611,10
57612,51
57613,1
57614,7
57616,33
57617,2
57618,27
57619,40
57620,95
57623,33
57624,92
57625,14
57626,58
57627,13
57628,11
57630,55
57631,33
57632,75
57634,11
57635,13
57637,27
57638,43
57639,77
57640,85
57641,93
57642,40
57643,33
57644,0
57645,15
57646,84
57647,66
57649,71
57650,37
57651,11
57652,71
57653,71
57658,4
57659,4
57660,51
57662,3
57663,9
57664,60
57666,13
57667,20
57668,20
57669,33
57670,76
57671,81
57672,7
57673,92
57676,58
57678,15
57679,15
57680,15
57681,77
57682,71
57683,58
57684,58
57685,93
57686,58
57688,40
57689,11
57690,85
57691,73
57692,71
57693,71
57694,58
57695,42
57696,58
57699,17
57700,62
57701,9
57702,58
57703,58
57704,85
57705,77
57706,58
57707,22
57708,58
57709,35
57710,16
57711,27
57713,40
57714,58
57715,60
57716,58
57718,58
57720,58
57721,58
57722,18
57723,29
57724,62
57725,95
57726,18
57728,71
57729,3
57731,36
57732,36
57733,36
57734,36
57735,41
57736,36
57737,33
57738,13
57739,42
57740,17
57742,13
57744,95
57748,36
57749,20
57750,84
57751,70
57752,20
57753,64
57754,36
57755,33
57756,42
57757,1
57758,16
57759,66
57760,45
57761,9
57763,82
57764,18
57767,68
57768,89
57769,3
57771,42
57773,20
57774,0
57776,13
57777,13
57778,45
57779,18
57782,70
57783,31
57784,54
57785,70
57786,47
57791,77
57792,13
57793,83
57794,36
57795,38
57796,71
57797,71
57798,17
57799,92
57800,23
57801,95
57802,95
57803,88
57804,87
57806,51
57808,53
57810,88
57811,95
57812,29
57813,8
57814,7
57815,7
57816,86
57817,95
57818,36
57819,89
57820,7
57821,14
57823,18
57825,17
57826,82
57827,82
57829,69
57830,16
57833,17
57834,52
57835,23
57836,91
57837,20
57838,48
57840,20
57842,71
57843,71
57844,92
57845,68
57846,4
57847,49
57848,83
57849,83
57851,46
57852,51
57854,92
57855,18
57857,69
57858,48
57859,50
57860,40
57861,42
57862,31
57863,99
57864,54
57867,85
57868,84
57869,43
57871,36
57875,1
57876,94
57877,45
57881,4
57882,7
57884,22
57885,33
57886,95
57887,71
57888,71
57889,83
57890,83
57891,36
57893,8
57894,77
57896,55
57897,9
57898,23
57899,83
57900,77
57903,9
57904,85
57905,96
57906,4
57907,84
57908,3
57910,59
57911,67
57912,8
57913,63
57914,91
57916,99
57917,74
57918,17
57920,51
57921,73
57922,93
57923,23
57924,23
57925,17
57926,18
57927,74
57929,47
57931,12
57933,83
57934,70
57935,83
57936,9
57937,98
57939,95
57941,77
57942,4
57943,4
57944,1
57945,15
57946,15
57947,15
57949,8
57950,15
57953,31
57954,64
57958,54
57961,23
57962,84
57963,27
57966,58
57968,71
57969,71
57970,31
57971,27
57972,23
57973,28
57974,50
57975,16
57976,22
57978,72
57979,79
57980,20
57984,36
57985,89
57986,16
57987,45
57988,29
57989,7
57990,38
57994,50
57995,1
57996,17
57998,11
57999,69
58001,18
58002,92
58003,92
58004,92
58005,9
58006,18
58007,18
58009,87
58010,18
58011,18
58012,20
58013,86
58014,18
58015,18
58016,27
58017,26
58018,45
58019,18
58020,18
58021,94
58022,94
58023,71
58024,58
58025,20
58026,45
58027,18
58028,4
58029,58
58030,31
58031,31
58032,58
58033,77
58034,64
58035,95
58036,77
58037,99
58038,50
58039,18
58040,95
58041,63
58042,74
58043,36
58045,42
58046,15
58047,15
58048,18
58050,50
58051,50
58052,18
58053,45
58056,71
58057,51
58058,75
58060,42
58061,41
58062,26
58064,58
58065,84
58066,95
58067,18
58068,34
58070,87
58071,79
58072,18
58073,86
58074,84
58075,58
58076,10
58078,18
58079,58
58080,98
58081,47
58082,37
58083,88
58085,98
58086,33
58089,58
58091,82
58092,85
58093,85
58095,18
58096,60
58097,75
58098,74
58099,49
58100,54
58101,45
58102,54
58104,45
58105,18
58106,45
58107,74
58108,18
58109,81
58110,71
58111,40
58112,18
58113,75
58114,10
58115,69
58117,34
58118,32
58119,53
58120,60
58121,42
58122,60
58123,89
58124,67
58125,13
58126,50
58127,50
58128,50
58129,52
58131,80
58132,17
58133,89
58134,60
58135,18
58136,11
58137,68
58138,64
58139,53
58140,46
58146,18
58147,88
58150,1
58151,60
58152,11
58153,4
58155,59
58157,58
58158,58
58159,51
58160,75
58162,58
58163,58
58164,92
58165,17
58166,68
58167,71
58168,77
58169,11
58171,58
58172,58
58173,47
58174,9
58175,74
58176,45
58178,36
58179,11
58180,68
58181,58
58182,58
58183,85
58184,34
58185,37
58186,20
58187,64
58188,15
58189,64
58191,64
58192,17
58193,53
58195,58
58196,19
58197,20
58198,82
58199,58
58200,4
58201,80
58202,1
58204,69
58205,53
58206,27
58207,98
58209,9
58210,40
58212,75
58213,20
58214,47
58216,95
58217,15
58218,75
58220,52
58222,28
58223,71
58224,11
58226,76
58228,35
58229,64
58230,27
58231,12
58232,85
58233,12
58235,23
58236,65
58237,51
58239,13
58241,54
58242,69
58243,54
58245,67
58246,99
58249,58
58250,58
58252,71
58253,93
58255,8
58256,87
58262,92
58263,92
58266,12
58267,89
58268,96
58269,70
58270,7
58271,75
58272,58
58273,58
58274,48
58276,64
58279,51
58280,89
58281,27
58282,85
58283,36
58284,51
58285,41
58286,54
58287,16
58288,15
58289,42
58292,17
58293,77
58294,64
58295,95
58301,58
58302,58
58303,10
58304,92
58305,82
58307,9
58308,27
58310,46
58312,75
58314,14
58315,83
58318,95
58319,77
58320,37
58321,37
58322,37
58323,37
58324,15
58325,70
58328,58
58329,58
58330,27
58332,13
58333,81
58334,75
58335,68
58336,86
58337,53
58338,13
58340,15
58343,65
58344,35
58345,15
58346,15
58347,77
58348,51
58349,27
58350,79
58355,85
58356,45
58357,71
58358,46
58359,72
58360,72
58361,84
58363,35
58364,46
58367,77
58369,0
58370,17
58371,89
58373,71
58377,19
58378,74
58379,8
58380,19
58381,86
58382,58
58383,58
58384,73
58385,64
58386,89
58387,37
58388,14
58390,27
58391,77
58392,88
58393,20
58394,40
58395,13
58396,9
58397,2
58398,14
58400,73
58402,53
58403,2
58404,28
58405,46
58406,87
58407,86
58408,2
58409,72
58410,92
58411,11
58412,37
58413,33
58414,14
58416,27
58417,12
58418,69
58419,46
58420,17
58421,74
58422,35
58423,92
58424,20
58426,26
58430,53
58431,17
58432,17
58433,76
58434,17
58435,99
58436,85
58437,83
58439,58
58440,58
58441,82
58442,82
58443,82
58444,68
58445,64
58446,37
58447,31
58448,71
58449,22
58450,75
58451,18
58452,77
58453,71
58454,79
58455,53
58456,60
58457,71
58458,34
58459,93
58460,79
58461,8
58462,37
58463,35
58464,35
58465,72
58466,41
58468,97
58469,51
58470,94
58471,73
58472,95
58473,10
58475,63
58477,58
58478,58
58480,83
58482,60
58483,8
58485,78
58486,82
58488,32
58489,19
58490,79
58491,17
58492,18
58493,64
58494,36
58495,21
58496,63
58497,36
58498,69
58499,46
58500,13
58502,93
58503,43
58504,71
58507,12
58508,58
58509,12
58510,73
58511,34
58512,92
58513,92
58514,17
58516,53
58517,15
58518,85
58519,15
58523,41
58524,58
58525,79
58526,93
58527,3
58529,4
58530,88
58531,83
58533,17
58534,89
58535,18
58536,18
58537,38
58538,11
58539,26
58540,60
58541,14
58542,13
58546,57
58547,18
58548,18
58549,41
58550,17
58551,92
58552,71
58553,13
58554,18
58555,18
58556,38
58557,13
58558,57
58559,11
58560,58
58561,23
58562,34
58565,53
58566,92
58567,11
58568,59
58569,16
58570,14
58571,73
58572,58
58573,58
58574,58
58575,27
58576,33
58577,92
58578,29
58580,53
58581,7
58582,93
58583,58
58584,58
58585,20
58586,32
58587,23
58588,83
58589,74
58590,95
58591,79
58592,64
58593,82
58594,16
58595,92
58596,10
58597,33
58598,24
58599,18
58600,18
58601,59
58602,79
58603,18
58604,31
58605,77
58606,80
58608,42
58609,95
58610,95
58611,98
58612,32
58613,45
58614,88
58616,18
58617,41
58618,18
58619,18
58620,37
58621,55
58622,16
58623,31
58624,7
58625,15
58626,17
58627,7
58628,17
58629,3
58632,83
58633,48
58634,48
58635,83
58636,68
58638,16
58639,25
58642,99
58644,58
58645,13
58646,58
58647,58
58649,34
58650,8
58651,60
58652,12
58653,56
58654,11
58655,72
58656,89
58657,74
58658,31
58659,25
58660,40
58662,68
58663,55
58664,98
58665,51
58666,1
58667,68
58668,68
58669,31
58670,56
58671,60
58672,60
58673,25
58674,68
58676,58
58677,0
58678,0
58679,0
58680,16
58681,83
58682,90
58684,12
58685,20
58687,58
58688,44
58690,94
58691,60
58692,99
58693,92
58694,29
58695,40
58696,20
58697,51
58699,70
58700,47
58701,15
58702,68
58703,64
58704,32
58705,46
58707,29
58708,51
58709,86
58710,76
58711,33
58712,17
58714,74
58715,75
58716,38
58717,45
58718,59
58719,14
58720,0
58721,90
58722,58
58723,47
58725,56
58726,4
58727,4
58728,4
58729,36
58730,56
58731,53
58732,74
58733,90
58734,24
58735,25
58736,75
58737,58
58738,84
58739,58
58740,13
58741,98
58743,17
58744,44
58746,9
58747,28
58748,90
58749,14
58750,11
58751,92
58752,84
58753,91
58754,3
58755,91
58756,77
58757,75
58758,25
58759,79
58761,26
58762,92
58763,24
58764,60
58765,3
58766,11
58767,26
58768,84
58769,32
58770,22
58771,48
58773,56
58774,15
58775,60
58776,67
58777,58
58778,58
58781,35
58783,18
58784,44
58785,16
58786,46
58787,89
58789,3
58790,56
58791,74
58792,47
58793,94
58794,87
58795,13
58796,22
58797,13
58798,90
58799,4
58800,59
58802,90
58803,38
58806,58
58807,58
58808,51
58809,45
58810,28
58812,18
58813,12
58814,9
58816,72
58817,7
58819,17
58820,33
58821,2
58822,2
58823,29
58824,58
58825,58
58826,25
58827,93
58829,72
58830,72
58831,97
58832,71
58833,83
58834,60
58835,58
58836,53
58837,74
58838,91
58839,68
58840,51
58841,60
58842,64
58843,58
58844,58
58845,58
58846,94
58849,27
58850,80
58852,9
58853,21
58854,36
58855,15
58856,91
58857,79
58859,79
58860,79
58861,79
58862,79
58863,42
58864,36
58866,33
58867,81
58868,71
58869,60
58870,16
58871,34
58873,3
58874,82
58875,71
58876,1
58877,31
58878,80
58879,60
58880,36
58881,11
58882,95
58883,56
58884,1
58886,76
58887,12
58888,36
58889,72
58890,70
58892,60
58893,90
58894,29
58895,9
58896,71
58897,0
58898,60
58899,56
58900,72
58901,53
58902,53
58903,79
58904,58
58905,58
58907,51
58908,0
58909,60
58911,14
58912,44
58913,29
58914,12
58915,42
58918,79
58919,54
58920,58
58921,27
58922,23
58923,54
58924,40
58925,58
58926,36
58927,20
58928,82
58929,85
58930,43
58931,29
58932,87
58933,42
58934,60
58935,63
58937,92
58938,60
58939,40
58940,16
58942,2
58943,14
58944,16
58945,0
58946,71
58947,3
58948,55
58950,77
58951,32
58952,16
58953,1
58954,59
58955,71
58956,63
58958,68
58960,79
58961,64
58962,89
58963,89
58964,89
58965,71
58966,71
58967,49
58968,89
58969,36
58970,54
58971,23
58972,73
58973,27
58974,59
58975,14
58976,29
58977,20
58979,52
58980,76
58981,51
58982,13
58983,32
58984,32
58985,88
58987,62
58988,10
58990,79
58991,56
58992,98
58993,58
58994,58
58995,56
58996,60
58997,71
58998,18
59000,2
59001,36
59002,35
59003,71
59004,80
59005,86
59006,11
59007,65
59008,58
59009,58
59010,44
59011,0
59012,7
59013,4
59014,89
59015,76
59016,54
59017,52
59018,37
59019,89
59020,45
59021,74
59022,13
59023,20
59024,20
59025,58
59026,89
59031,13
59032,60
59033,4
59034,90
59035,4
59036,70
59038,20
59039,82
59040,74
59041,18
59042,89
59043,17
59044,75
59045,71
59048,58
59049,58
59050,59
59052,51
59053,56
59054,63
59055,1
59056,58
59057,10
59058,81
59060,33
59061,40
59062,42
59063,42
59065,71
59066,27
59067,68
59068,95
59069,17
59070,51
59071,27
59072,33
59074,23
59075,41
59076,68
59077,82
59078,99
59080,28
59082,11
59083,13
59084,0
59085,34
59086,84
59089,53
59090,62
59091,20
59092,23
59093,9
59094,15
59095,87
59096,93
59099,95
59100,1
59101,13
59102,22
59103,71
59104,89
59106,64
59107,69
59108,32
59109,51
59110,89
59111,58
59112,90
59113,62
59114,14
59116,14
59118,28
59120,95
59121,82
59122,58
59123,58
59124,68
59125,38
59126,33
59127,13
59128,71
59129,45
59130,84
59131,81
59132,69
59133,18
59134,67
59135,20
59136,92
59138,1
59139,13
59141,56
59142,0
59143,68
59144,33
59145,58
59146,51
59147,59
59148,90
59149,56
59150,56
59152,64
59153,99
59155,23
59156,72
59157,90
59158,4
59159,10
59160,90
59162,31
59163,20
59164,58
59165,76
59166,55
59167,98
59168,51
59169,92
59170,4
59171,81
59172,25
59174,90
59175,79
59176,89
59177,33
59178,91
59179,59
59180,76
59181,37
59182,17
59183,11
59184,71
59188,60
59190,32
59191,10
59192,83
59193,51
59194,58
59195,58
59196,87
59197,62
59198,33
59199,43
59200,93
59201,59
59202,29
59203,98
59204,99
59205,69
59206,51
59207,85
59208,23
59209,88
59210,10
59211,93
59212,28
59213,54
59214,20
59215,54
59216,98
59217,27
59220,62
59223,1
59224,90
59225,69
59226,58
59227,58
59228,58
59230,82
59231,88
59232,79
59233,84
59234,79
59235,69
59236,99
59237,60
59238,8
59239,85
59240,17
59241,23
59242,90
59243,90
59245,40
59247,17
59248,28
59249,94
59250,12
59251,97
59252,56
59253,83
59254,91
59255,56
59256,15
59257,89
59258,65
59259,90
59260,9
59261,3
59262,23
59263,57
59264,32
59267,56
59269,99
59270,84
59271,10
59272,18
59273,94
59274,23
59276,99
59277,16
59279,58
59280,58
59281,58
59282,3
59283,93
59284,36
59285,70
59286,14
59287,90
59288,51
59289,16
59290,13
59291,68
59293,97
59295,84
59296,79
59297,90
59299,58
59300,58
59301,58
59302,59
59303,42
59304,90
59306,69
59307,24
59308,19
59309,56
59310,45
59311,77
59312,79
59313,92
59314,90
59315,40
59316,64
59317,83
59318,40
59319,33
59320,84
59321,82
59322,96
59323,56
59324,58
59325,49
59326,37
59328,77
59329,90
59330,43
59331,79
59332,15
59333,1
59334,94
59335,71
59336,83
59339,36
59340,17
59342,40
59343,62
59344,31
59345,25
59346,24
59347,1
59348,84
59349,60
59351,88
59352,18
59354,92
59355,32
59356,90
59357,88
59358,32
59359,58
59360,58
59361,58
59362,64
59363,7
59364,18
59366,15
59367,42
59368,92
59369,33
59370,16
59371,71
59372,75
59373,56
59375,90
59376,25
59377,40
59378,40
59379,77
59380,77
59381,77
59382,18
59383,36
59384,78
59385,63
59386,63
59387,71
59388,85
59390,13
59391,58
59392,58
59393,58
59394,56
59396,42
59397,27
59398,32
59399,18
59400,18
59401,72
59402,45
59403,25
59404,90
59405,17
59406,91
59407,58
59408,58
59409,58
59410,71
59411,40
59412,64
59413,82
59414,82
59415,56
59418,56
59419,23
59420,83
59421,82
59422,82
59423,9
59424,16
59425,79
59426,35
59427,64
59428,33
59429,86
59430,2
59432,10
59433,18
59434,33
59436,71
59437,0
59438,90
59439,17
59440,68
59441,16
59443,89
59444,46
59446,16
59447,56
59448,63
59449,95
59450,75
59451,20
59452,71
59453,19
59454,53
59455,65
59456,45
59457,35
59458,90
59460,58
59461,58
59462,58
59463,33
59465,9
59466,60
59467,71
59468,29
59469,9
59470,56
59472,79
59473,51
59474,98
59475,40
59476,82
59477,71
59478,33
59480,63
59482,23
59483,23
59484,95
59485,64
59486,56
59489,96
59490,17
59491,71
59494,70
59495,92
59496,71
59497,16
59498,56
59499,62
59500,14
59501,79
59502,64
59503,21
59504,25
59505,56
59506,15
59507,58
59508,58
59509,58
59510,13
59511,73
59512,42
59514,16
59515,44
59516,25
59517,92
59518,89
59519,12
59520,88
59521,21
59522,95
59523,71
59524,40
59526,84
59527,74
59528,14
59529,37
59530,42
59531,53
59532,69
59533,47
59535,90
59536,17
59538,75
59540,58
59541,58
59542,58
59543,79
59545,44
59546,64
59548,59
59549,15
59550,79
59551,45
59552,13
59553,36
59554,40
59555,40
59556,25
59557,71
59558,56
59559,90
59560,40
59561,56
59563,83
59564,87
59565,2
59566,95
59567,32
59570,20
59571,58
59572,58
59573,12
59574,41
59575,25
59576,40
59577,67
59578,79
59579,64
59581,25
59584,84
59585,84
59586,71
59587,56
59588,90
59589,21
59590,11
59591,34
59592,35
59593,53
59594,57
59595,9
59598,72
59599,64
59600,71
59601,92
59602,16
59603,98
59604,80
59605,57
59606,8
59607,20
59608,32
59609,56
59610,58
59611,36
59614,58
59615,58
59616,90
59617,59
59618,45
59619,92
59621,89
59622,25
59623,86
59624,41
59625,64
59626,82
59627,95
59628,71
59630,21
59632,71
59633,28
59634,18
59636,96
59637,58
59638,58
59639,71
59640,70
59641,24
59642,95
59643,90
59644,71
59645,68
59647,49
59648,0
59649,71
59650,2
59651,20
59652,33
59653,33
59654,4
59656,51
59657,53
59658,28
59660,71
59662,23
59663,40
59664,80
59665,25
59666,71
59668,71
59669,51
59670,58
59671,58
59672,34
59673,20
59674,45
59675,63
59676,17
59677,51
59678,63
59679,56
59680,51
59681,17
59682,79
59684,42
59685,10
59688,23
59689,74
59690,23
59691,13
59692,23
59693,56
59694,51
59695,4
59698,79
59699,83
59700,51
59702,84
59703,56
59705,92
59706,58
59707,58
59708,58
59709,20
59710,13
59711,13
59712,90
59713,55
59714,4
59715,42
59716,16
59720,37
59721,37
59723,18
59724,76
59725,85
59726,24
59727,45
59728,90
59729,18
59730,10
59732,97
59733,96
59734,24
59735,24
59736,23
59737,23
59738,68
59739,98
59740,23
59741,83
59742,37
59743,18
59745,27
59746,51
59747,35
59748,23
59749,23
59750,69
59751,73
59752,25
59754,9
59755,97
59756,99
59757,12
59759,85
59760,33
59761,23
59763,31
59764,42
59766,58
59767,58
59768,58
59769,1
59770,10
59771,33
59772,33
59774,56
59775,22
59776,97
59777,10
59778,10
59779,9
59780,15
59782,60
59783,84
59784,20
59785,58
59786,58
59787,23
59788,99
59789,69
59790,33
59791,8
59792,89
59793,95
59794,12
59795,8
59798,93
59799,51
59800,12
59801,51
59802,14
59804,12
59805,56
59806,16
59807,41
59808,71
59809,20
59810,23
59811,23
59812,24
59813,27
59814,44
59815,89
59816,22
59817,27
59818,33
59819,17
59820,97
59821,54
59822,79
59823,37
59824,98
59825,25
59826,11
59827,13
59828,33
59829,29
59830,97
59831,49
59832,97
59834,59
59836,23
59837,36
59839,95
59840,23
59841,7
59842,25
59843,75
59844,20
59845,16
59846,79
59847,16
59848,85
59849,70
59850,68
59851,65
59853,92
59854,33
59855,71
59856,60
59857,70
59858,80
59860,70
59861,31
59862,51
59863,55
59864,46
59865,79
59867,23
59868,76
59869,23
59872,92
59873,91
59874,17
59875,51
59876,3
59877,54
59880,32
59881,23
59882,67
59883,40
59884,72
59885,40
59886,73
59887,69
59890,31
59891,13
59892,48
59893,33
59894,98
59895,22
59896,98
59897,98
59898,16
59899,70
59900,22
59901,20
59902,1
59904,92
59906,32
59907,53
59908,79
59909,22
59911,37
59912,37
59913,23
59914,23
59916,79
59918,1
59920,82
59922,74
59923,27
59924,88
59927,37
59928,81
59929,67
59930,17
59931,94
59932,62
59933,31
59934,9
59935,1
59936,22
59937,0
59938,0
59939,71
59940,98
59941,43
59944,97
59946,51
59947,95
59948,64
59949,23
59950,23
59951,18
59952,69
59953,72
59955,47
59956,69
59957,64
59959,46
59960,1
59961,96
59962,13
59963,1
59964,15
59965,82
59966,46
59967,92
59968,35
59969,54
59970,18
59971,51
59972,9
59974,8
59975,2
59976,71
59977,21
59978,95
59979,23
59980,77
59981,87
59982,56
59983,3
59984,45
59985,42
59986,86
59987,12
59988,98
59990,43
59991,18
59993,18
59994,3
59995,11
59997,99
59998,99
59999,42
60000,40
60001,70
60003,98
60004,72
60005,11
60006,60
60007,23
60008,60
60009,11
60010,59
60011,58
60012,58
60013,20
60014,58
60015,77
60016,60
60017,92
60018,37
60019,74
60020,90
60021,12
60022,80
60023,71
60024,56
60025,55
60026,12
60027,71
60028,1
60029,89
60034,51
60035,18
60036,96
60037,16
60038,46
60039,13
60040,16
60041,60
60042,3
60043,77
60044,98
60045,11
60046,38
60047,27
60048,9
60050,64
60051,27
60053,71
60054,63
60055,17
60056,26
60057,2
60058,43
60059,25
60060,31
60061,36
60064,13
60065,92
60066,82
60067,1
60068,11
60070,23
60071,11
60072,37
60073,37
60074,80
60075,13
60076,18
60077,38
60078,59
60081,92
60082,89
60083,71
60084,41
60086,87
60087,79
60090,16
60091,75
60093,16
60095,72
60096,33
60097,59
60098,3
60099,1
60100,13
60101,79
60102,59
60103,14
60104,79
60105,95
60107,18
60108,99
60109,74
60110,71
60112,99
60113,8
60114,98
60116,70
60118,23
60119,84
60120,15
60121,94
60122,37
60123,22
60124,7
60125,16
60126,8
60128,36
60129,84
60131,23
60132,40
60133,92
60134,89
60135,35
60136,49
60138,92
60139,36
60140,84
60141,36
60142,99
60143,23
60144,95
60145,14
60146,98
60148,36
60149,92
60150,89
60151,84
60152,18
60153,68
60154,22
60155,12
60156,83
60157,35
60158,99
60159,40
60162,92
60163,21
60164,80
60165,35
60166,22
60167,10
60168,1
60169,1
60170,35
60171,84
60172,71
60173,87
60174,1
60175,62
60176,43
60177,16
60178,85
60179,46
60180,14
60181,36
60182,65
60184,72
60185,16
60186,80
60187,79
60188,82
60189,72
60191,17
60192,21
60193,15
60195,64
60196,12
60197,83
60200,11
60202,36
60205,60
60207,24
60209,3
60211,17
60212,11
60213,53
60214,73
60215,73
60216,80
60217,27
60219,63
60220,17
60222,85
60225,28
60226,42
60227,7
60228,11
60229,93
60230,81
60231,91
60233,33
60234,23
60235,18
60236,31
60237,99
60238,54
60239,82
60240,71
60241,1
60242,49
60243,83
60244,17
60245,35
60246,27
60247,27
60248,44
60250,20
60252,98
60253,91
60254,32
60255,17
60256,87
60257,46
60258,27
60259,14
60260,99
60261,99
60262,12
60263,99
60264,79
60265,86
60267,18
60268,12
60269,17
60270,7
60271,28
60272,82
60273,1
60275,68
60276,85
60277,28
60278,85
60279,82
60280,60
60282,14
60283,56
60285,55
60286,15
60288,71
60289,28
60290,9
60291,56
60294,82
60296,62
60297,16
60298,50
60299,17
60300,54
60302,32
60303,90
60305,90
60307,37
60308,20
60309,25
60310,37
60311,7
60312,56
60313,35
60314,50
60315,87
60316,82
60317,95
60318,74
60319,84
60320,63
60321,9
60322,92
60324,92
60325,85
60326,85
60327,85
60328,86
60329,85
60330,10
60331,76
60332,12
60333,20
60334,11
60335,45
60337,32
60338,79
60339,76
60341,83
60342,95
60343,12
60345,86
60346,16
60348,13
60349,14
60350,77
60351,95
60356,68
60359,27
60361,83
60362,90
60363,83
60364,12
60365,29
60367,82
60368,37
60369,51
60370,22
60371,12
60372,62
60373,73
60374,90
60375,14
60377,18
60378,13
60379,89
60380,46
60384,90
60385,7
60386,9
60387,9
60388,9
60389,9
60390,9
60391,9
60392,28
60393,56
60395,22
60396,99
60397,38
60398,59
60399,18
60401,16
60402,36
60403,42
60404,80
60405,72
60406,20
60407,92
60408,96
60409,41
60410,41
60411,89
60412,90
60413,92
60414,37
60415,46
60418,92
60419,79
60420,68
60421,90
60422,11
60423,71
60424,21
60425,94
60426,53
60427,80
60432,87
60433,13
60434,90
60435,37
60436,45
60438,42
60440,45
60441,83
60442,90
60443,90
60444,92
60445,86
60446,17
60447,92
60448,13
60449,9
60451,33
60452,56
60453,95
60454,38
60455,29
60456,86
60457,3
60458,17
60459,24
60460,25
60461,17
60462,56
60463,17
60465,10
60466,15
60467,33
60468,20
60469,59
60470,71
60471,38
60472,60
60473,89
60474,42
60475,92
60476,50
60477,3
60479,2
60481,98
60482,7
60483,85
60484,8
60485,60
60486,92
60487,99
60488,20
60489,79
60490,18
60491,18
60492,18
60493,79
60495,70
60496,59
60503,45
60504,98
60505,41
60506,35
60507,56
60509,71
60511,79
60512,28
60513,56
60514,84
60515,16
60516,95
60517,40
60518,88
60519,71
60520,25
60521,90
60523,80
60524,46
60525,16
60526,17
60527,15
60528,85
60529,59
60530,22
60531,56
60535,63
60536,71
60537,82
60538,14
60540,92
60541,43
60542,73
60545,56
60546,96
60547,2
60548,90
60550,77
60552,52
60553,18
60554,71
60555,60
60556,60
60557,60
60558,60
60559,26
60560,45
60561,21
60562,80
60563,13
60564,28
60565,71
60566,71
60567,88
60568,90
60570,53
60572,23
60573,23
60574,23
60575,18
60576,31
60580,22
60581,92
60582,90
60584,79
60585,13
60587,1
60590,84
60591,44
60592,18
60593,59
60595,25
60596,71
60597,89
60598,55
60599,12
60600,58
60601,16
60602,20
60604,92
60605,79
60606,98
60607,28
60608,25
60611,92
60612,93
60613,93
60614,90
60615,84
60617,31
60619,28
60620,71
60621,68
60624,56
60625,3
60627,16
60629,83
60630,80
60631,20
60632,7
60633,35
60636,36
60637,54
60638,12
60640,25
60645,4
60646,32
60649,56
60650,14
60651,15
60652,12
60653,90
60654,90
60655,25
60658,51
60659,3
60660,22
60661,68
60662,99
60663,38
60664,70
60667,29
60668,31
60669,20
60670,14
60671,56
60676,92
60677,9
60681,71
60682,56
60683,56
60685,1
60686,13
60687,68
60688,81
60691,23
60692,31
60693,44
60694,25
60695,44
60696,42
60697,50
60698,56
60700,83
60704,97
60705,20
60708,18
60709,23
60710,23
60713,90
60716,99
60717,8
60718,40
60719,22
60721,79
60725,56
60726,44
60727,51
60729,60
60730,23
60731,18
60732,77
60733,95
60734,95
60735,63
60736,18
60737,90
60740,7
60741,1
60742,3
60743,25
60744,31
60745,56
60747,56
60749,27
60750,81
60751,82
60755,71
60756,95
60757,8
60758,18
60759,75
60760,60
60761,90
60762,90
60764,71
60765,77
60766,20
60767,88
60770,96
60771,49
60773,79
60774,18
60775,50
60776,0
60780,59
60781,54
60782,48
60783,1
60786,53
60787,59
60790,51
60791,9
60792,85
60793,74
60794,13
60795,59
60796,7
60797,59
60799,56
60802,1
60803,56
60804,92
60805,79
60807,94
60808,12
60809,90
60811,7
60813,86
60814,53
60815,18
60816,51
60819,77
60820,13
60822,79
60823,71
60825,17
60826,20
60829,90
60830,51
60831,69
60832,8
60833,32
60834,36
60837,90
60838,92
60839,25
60840,63
60842,42
60844,95
60846,25
60848,36
60849,56
60852,20
60853,13
60854,31
60855,31
60856,95
60857,13
60858,54
60859,48
60860,44
60861,95
60862,56
60866,15
60867,53
60870,98
60871,90
60872,2
60874,72
60875,12
60880,96
60881,56
60883,83
60885,70
60886,16
60887,71
60889,72
60890,92
60893,11
60894,17
60895,13
60897,90
60898,51
60899,1
60900,57
60901,13
60902,64
60903,33
60904,70
60906,63
60907,90
60908,41
60911,27
60912,8
60913,90
60914,69
60915,18
60917,45
60919,4
60921,56
60922,90
60923,3
60926,86
60928,25
60929,23
60933,65
60934,41
60935,92
60936,18
60937,79
60938,96
60939,56
60940,56
60941,59
60943,4
60944,44
60946,90
60947,25
60948,27
60949,40
60950,59
60951,2
60955,56
60956,73
60957,99
60959,89
60960,4
60961,74
60962,15
60963,56
60964,37
60965,37
60966,37
60967,85
60968,63
60969,83
60970,92
60972,51
60973,80
60974,17
60975,12
60976,70
60977,17
60978,33
60979,89
60980,31
60981,90
60983,94
60984,92
60985,45
60989,23
60990,23
60991,56
60992,13
60995,56
60996,41
60997,51
60999,25
61000,48
61001,75
61003,37
61004,20
61005,76
61006,56
61007,25
61009,24
61012,50
61013,90
61014,82
61015,50
61016,59
61017,59
61019,50
61021,12
61023,18
61025,69
61026,71
61027,83
61028,25
61029,79
61030,8
61034,51
61037,78
61040,12
61041,65
61043,70
61044,73
61045,8
61048,93
61050,25
61051,90
61052,90
61053,25
61054,25
61055,56
61056,64
61057,76
61058,83
61061,92
61062,18
61063,14
61064,86
61065,55
61068,59
61069,45
61070,99
61071,18
61072,85
61074,14
61076,80
61077,44
61078,20
61079,92
61080,91
61081,56
61082,3
61083,84
61084,26
61085,59
61086,20
61087,60
61089,17
61090,90
61092,27
61093,37
61094,17
61096,77
61097,25
61100,83
61102,85
61104,23
61105,68
61106,23
61107,17
61109,49
61110,90
61111,68
61112,28
61113,81
61114,17
61115,80
61116,73
61118,17
61119,16
61120,49
61121,99
61122,60
61123,77
61124,63
61125,9
61126,42
61127,60
61128,90
61130,20
61131,74
61132,79
61133,56
61135,33
61136,56
61137,37
61138,93
61139,90
61141,16
61142,10
61143,63
61144,84
61146,90
61147,12
61148,82
61149,82
61150,77
61151,20
61152,2
61153,13
61154,71
61155,42
61156,14
61157,56
61158,16
61159,94
61161,46
61163,92
61165,26
61166,9
61167,74
61168,33
61169,40
61170,18
61171,90
61172,87
61173,16
61174,17
61176,18
61177,12
61178,84
61180,37
61182,65
61183,49
61184,19
61185,55
61186,56
61187,16
61188,19
61193,57
61194,94
61195,32
61196,79
61198,25
61199,25
61200,46
61201,59
61203,54
61204,86
61205,96
61207,7
61208,92
61210,57
61211,95
61212,8
61213,90
61215,36
61216,9
61217,43
61219,77
61220,20
61221,85
61222,55
61223,53
61224,97
61225,86
61226,59
61228,56
61229,68
61230,23
61231,23
61232,23
61233,28
61234,89
61235,87
61236,92
61238,43
61240,64
61241,26
61242,25
61243,25
61245,13
61246,16
61247,65
61249,18
61250,53
61251,41
61253,20
61254,56
61255,88
61257,25
61259,77
61260,74
61261,74
61262,33
61263,43
61264,88
61265,95
61267,79
61268,42
61269,27
61271,90
61272,1
61273,32
61276,64
61277,18
61278,56
61279,60
61280,17
61281,65
61283,25
61284,15
61285,25
61286,38
61288,56
61290,1
61291,35
61293,77
61294,74
61295,3
61297,16
61298,70
61300,57
61301,80
61303,79
61306,71
61307,80
61308,88
61309,56
61310,87
61312,83
61313,15
61314,29
61315,68
61316,90
61317,51
61319,32
61320,83
61321,70
61325,88
61329,59
61330,83
61331,46
61332,56
61333,25
61334,90
61335,90
61336,48
61338,2
61340,72
61341,11
61342,84
61344,92
61345,15
61346,42
61347,89
61348,13
61349,17
61350,71
61352,20
61353,56
61355,82
61358,46
61359,53
61360,92
61362,79
61363,81
61364,11
61365,12
61366,88
61367,25
61368,99
61369,99
61370,12
61371,25
61372,38
61374,56
61375,53
61376,53
61378,1
61380,90
61382,46
61384,45
61385,16
61386,26
61387,56
61388,87
61389,56
61391,32
61393,18
61394,18
61395,70
61396,21
61397,90
61398,27
61399,95
61400,23
61401,92
61402,23
61403,23
61405,90
61406,53
61407,75
61410,73
61412,90
61414,56
61416,60
61417,18
61419,67
61420,40
61421,46
61422,93
61423,73
61424,90
61426,1
61427,17
61428,12
61429,3
61430,16
61432,32
61433,40
61434,90
61435,80
61436,48
61437,13
61439,90
61440,99
61441,3
61442,37
61443,37
61444,37
61445,37
61447,37
61449,69
61450,92
61451,55
61452,17
61453,13
61454,70
61455,92
61456,16
61457,17
61459,90
61462,79
61464,88
61466,91
61467,56
61468,13
61469,53
61470,13
61471,84
61473,42
61475,53
61476,79
61477,72
61478,84
61481,90
61482,94
61483,89
61484,47
61486,92
61487,55
61492,42
61494,77
61495,79
61496,42
61497,56
61498,90
61499,25
61502,46
61504,56
61505,63
61506,46
61507,80
61509,90
61510,46
61511,88
61512,74
61513,85
61514,7
61515,23
61517,99
61518,31
61519,83
61520,42
61521,99
61522,85
61523,16
61526,20
61529,95
61530,44
61533,77
61534,17
61535,17
61536,88
61537,79
61540,56
61545,60
61547,16
61549,15
61550,15
61551,90
61553,3
61555,23
61556,95
61557,87
61558,17
61560,79
61561,97
61562,24
61564,90
61567,75
61568,17
61569,79
61572,53
61574,77
61575,13
61577,35
61582,92
61583,84
61586,99
61587,13
61588,45
61589,32
61590,80
61591,45
61592,17
61593,84
61595,92
61596,69
61597,13
61598,99
61599,64
61600,37
61601,70
61603,95
61605,45
61606,57
61607,79
61608,93
61609,44
61610,86
61611,84
61612,69
61613,57
61614,18
61616,40
61618,43
61619,74
61620,16
61621,11
61622,28
61624,16
61625,16
61626,20
61628,89
61630,62
61632,46
61634,45
61635,31
61637,63
61640,18
61641,45
61643,32
61645,70
61646,75
61647,46
61649,9
61651,11
61652,4
61654,3
61657,27
61658,27
61659,27
61660,84
61661,15
61662,84
61663,81
61668,56
61669,16
61671,3
61672,83
61673,92
61674,25
61676,70
61678,55
61679,17
61681,17
61682,7
61683,28
61685,68
61686,70
61687,78
61688,3
61689,69
61690,18
61693,68
61694,25
61695,3
61696,25
61698,44
61699,65
61701,98
61703,79
61707,44
61709,44
61710,88
61711,64
61712,65
61715,13
61716,44
61717,25
61719,21
61720,55
61721,56
61723,32
61724,20
61725,20
61726,14
61727,8
61728,37
61729,63
61730,29
61731,20
61732,77
61734,80
61735,3
61736,75
61740,82
61741,14
61742,99
61744,25
61750,7
61751,91
61752,25
61754,0
61755,59
61756,90
61758,48
61759,25
61760,13
61762,98
61763,15
61764,11
61765,40
61766,25
61767,86
61769,9
61770,62
61771,20
61773,77
61774,42
61777,18
61778,31
61779,53
61781,25
61782,1
61783,80
61784,86
61785,21
61786,77
61787,27
61788,91
61790,16
61791,84
61792,69
61794,90
61795,64
61796,32
61797,25
61798,25
61799,88
61800,79
61801,4
61802,20
61803,7
61804,92
61805,25
61806,20
61807,20
61808,32
61809,79
61810,90
61811,56
61812,13
61813,72
61817,92
61818,14
61819,96
61820,50
61821,71
61823,24
61826,25
61828,46
61829,92
61830,17
61834,4
61836,89
61837,82
61839,7
61840,16
61842,90
61843,25
61844,25
61845,90
61846,50
61847,3
61852,24
61853,17
61854,17
61855,25
61857,92
61858,90
61859,90
61861,75
61863,25
61864,80
61865,93
61866,50
61867,7
61869,25
61870,90
61871,20
61872,25
61875,72
61877,33
61878,92
61880,77
61883,20
61884,25
61886,87
61888,3
61889,89
61890,25
61894,12
61895,25
61896,51
61899,7
61900,8
61901,69
61902,98
61903,87
61904,25
61907,25
61908,92
61909,95
61910,18
61911,92
61913,18
61914,29
61915,29
61916,29
61918,79
61919,25
61922,75
61923,18
61924,75
61925,93
61926,13
61927,25
61930,97
61931,7
61932,59
61935,68
61937,82
61938,8
61939,24
61940,18
61942,25
61943,25
61944,79
61945,79
61946,59
61947,45
61949,37
61950,25
61951,25
61952,25
61953,14
61954,37
61956,48
61958,25
61959,31
61962,26
61963,90
61964,45
61966,41
61967,25
61968,38
61969,92
61971,46
61973,40
61974,72
61976,25
61977,14
61978,25
61981,40
61982,36
61983,13
61984,1
61985,77
61986,51
61987,17
61989,51
61990,18
61992,4
61993,89
61995,17
61996,12
62000,86
62001,20
62002,18
62003,20
62004,18
62005,13
62008,77
62009,95
62010,33
62011,27
62012,89
62014,18
62016,60
62017,18
62018,27
62020,3
62023,18
62025,8
62026,86
62027,92
62028,41
62030,59
62032,93
62033,93
62034,25
62035,25
62036,16
62037,44
62039,90
62040,90
62042,25
62043,56
62044,32
62045,87
62046,13
62048,60
62050,89
62052,83
62053,23
62054,20
62055,18
62056,31
62057,35
62059,18
62060,13
62061,66
62062,82
62063,17
62064,8
62065,45
62066,79
62068,51
62069,4
62072,93
62073,60
62074,71
62075,90
62076,25
62077,80
62078,25
62079,17
62080,80
62081,16
62082,71
62084,94
62085,25
62086,13
62089,71
62091,46
62093,17
62094,35
62095,42
62096,38
62097,25
62098,53
62102,8
62103,2
62105,17
62109,25
62110,86
62113,4
62116,79
62117,77
62119,24
62121,27
62123,91
62124,79
62125,66
62126,74
62127,77
62128,8
62129,72
62130,8
62133,4
62134,60
62135,3
62137,25
62138,42
62139,90
62140,72
62141,18
62142,60
62143,38
62144,18
62146,98
62148,26
62149,18
62150,53
62151,17
62152,75
62153,77
62154,31
62155,27
62156,95
62157,60
62158,75
62159,37
62161,99
62162,20
62163,46
62164,4
62165,14
62167,18
62168,90
62169,25
62170,25
62171,90
62172,64
62173,91
62174,79
62175,8
62176,92
62180,48
62181,2
62182,79
62183,3
62184,46
62185,18
62186,25
62187,38
62188,55
62189,95
62190,68
62191,60
62194,1
62195,20
62197,45
62198,56
62199,25
62200,18
62202,18
62203,18
62204,18
62205,18
62206,18
62208,55
62209,4
62212,25
62214,31
62218,25
62219,1
62220,18
62221,18
62222,75
62223,18
62224,60
62225,9
62226,66
62227,68
62228,18
62229,92
62230,21
62231,89
62232,18
62234,64
62235,95
62236,33
62238,45
62240,75
62241,25
62242,56
62244,25
62246,25
62249,25
62250,60
62251,99
62252,51
62253,25
62254,18
62255,90
62257,77
62258,25
62259,11
62260,90
62261,25
62263,40
62264,55
62265,8
62266,41
62267,25
62268,89
62269,4
62270,10
62271,41
62273,4
62274,60
62275,22
62276,60
62277,46
62278,62
62279,80
62280,75
62282,27
62283,68
62284,55
62285,51
62286,51
62287,36
62288,92
62291,9
62292,89
62295,1
62296,36
62297,15
62298,37
62299,45
62300,79
62301,92
62303,62
62304,91
62306,68
62307,17
62308,74
62309,92
62310,92
62312,77
62313,90
62314,25
62315,3
62316,25
62317,1
62319,25
62320,45
62321,90
62322,92
62323,90
62324,25
62325,25
62326,54
62327,4
62328,17
62329,7
62332,83
62333,60
62335,69
62336,7
62338,43
62341,7
62342,75
62343,7
62344,7
62345,55
62346,82
62347,15
62348,25
62349,25
62350,25
62351,25
62353,45
62354,55
62355,42
62357,25
62360,92
62362,28
62363,7
62364,84
62365,60
62366,95
62369,36
62370,4
62371,17
62372,60
62374,69
62375,7
62376,8
62377,90
62378,15
62382,25
62385,82
62386,60
62390,13
62391,92
62395,90
62396,80
62397,9
62398,27
62401,60
62402,73
62403,4
62407,45
62408,3
62409,70
62410,60
62411,92
62413,83
62414,23
62416,90
62418,1
62419,15
62420,89
62421,17
62422,80
62423,60
62425,75
62426,25
62428,33
62429,79
62430,36
62431,51
62432,4
62434,84
62439,26
62440,92
62441,3
62442,92
62443,25
62444,51
62447,18
62448,10
62449,31
62451,67
62452,36
62453,69
62454,36
62455,43
62456,98
62459,89
62460,87
62462,23
62463,40
62464,37
62465,37
62466,37
62467,63
62469,93
62472,86
62474,29
62476,90
62478,1
62479,70
62480,12
62482,68
62483,7
62484,68
62485,68
62486,68
62487,68
62488,48
62489,17
62490,32
62492,79
62493,88
62494,10
62495,59
62496,82
62497,59
62498,90
62501,4
62502,88
62503,98
62505,3
62506,45
62507,42
62509,87
62512,69
62513,42
62514,72
62515,18
62516,1
62517,18
62518,47
62519,49
62521,64
62524,32
62526,31
62527,96
62528,74
62529,13
62530,55
62531,79
62532,3
62533,59
62534,60
62535,36
62536,84
62537,32
62541,42
62542,83
62544,79
62545,66
62546,90
62547,71
62548,65
62549,77
62551,3
62552,83
62555,87
62557,28
62558,80
62560,99
62561,35
62562,46
62568,74
62569,25
62570,51
62571,9
62572,46
62573,84
62580,25
62582,14
62583,8
62584,15
62585,15
62586,15
62587,79
62589,2
62590,17
62591,36
62592,77
62593,51
62597,77
62598,73
62599,17
62600,87
62602,88
62603,51
62605,64
62606,68
62607,60
62608,77
62609,77
62610,27
62611,75
62614,98
62618,11
62619,90
62621,60
62622,82
62625,74
62628,74
62629,12
62630,60
62631,17
62632,62
62633,42
62634,36
62636,83
62637,0
62638,59
62639,92
62640,95
62641,23
62642,12
62643,24
62644,79
62646,68
62648,13
62649,83
62650,47
62651,95
62652,59
62653,16
62654,92
62655,55
62656,95
62657,31
62658,23
62659,42
62663,11
62664,95
62665,55
62666,60
62667,49
62668,34
62669,0
62675,32
62676,64
62677,64
62678,32
62680,20
62682,3
62683,17
62684,91
62685,32
62686,64
62687,72
62688,60
62689,7
62693,23
62696,32
62697,42
62698,92
62700,51
62702,23
62703,10
62704,81
62705,63
62707,93
62708,27
62709,57
62710,42
62712,11
62713,90
62714,17
62715,64
62716,92
62718,68
62719,92
62720,79
62724,2
62726,92
62729,77
62730,85
62731,84
62734,92
62738,75
62739,96
62740,33
62741,14
62742,34
62743,59
62744,36
62745,4
62747,22
62748,74
62749,74
62750,80
62754,53
62756,69
62757,31
62758,37
62760,43
62762,21
62763,36
62764,28
62765,44
62767,24
62768,17
62769,86
62770,98
62771,3
62774,63
62777,16
62778,24
62779,25
62782,64
62783,92
62784,2
62786,97
62790,32
62792,86
62793,32
62794,3
62795,60
62797,36
62798,45
62799,14
62802,17
62803,35
62804,55
62805,68
62807,60
62808,66
62809,88
62810,75
62811,60
62815,94
62816,12
62817,96
62818,51
62819,21
62820,1
62821,13
62822,13
62823,2
62824,7
62826,71
62827,36
62829,92
62830,17
62831,23
62832,55
62833,98
62834,55
62835,21
62837,18
62838,21
62839,23
62841,55
62842,68
62843,23
62844,27
62845,95
62846,21
62847,68
62848,64
62849,66
62852,64
62854,68
62855,35
62856,11
62858,11
62859,64
62860,33
62861,33
62863,66
62864,33
62865,80
62866,92
62867,13
62868,72
62871,74
62873,20
62875,82
62876,92
62877,3
62878,46
62879,23
62880,87
62881,9
62882,68
62883,49
62884,64
62885,86
62886,28
62887,29
62888,7
62890,93
62891,23
62893,13
62895,51
62897,72
62898,95
62899,91
62900,34
62902,70
62903,92
62904,86
62907,82
62908,83
62909,83
62910,49
62911,59
62912,49
62913,18
62914,86
62915,25
62917,17
62918,81
62919,82
62920,80
62921,64
62923,28
62924,42
62925,77
62927,0
62928,24
62930,17
62931,79
62932,68
62934,51
62935,35
62939,48
62940,94
62941,92
62942,74
62944,20
62946,17
62947,53
62948,95
62949,76
62950,92
62956,22
62957,36
62958,79
62959,68
62961,45
62962,14
62963,33
62964,85
62965,96
62966,36
62967,85
62969,80
62970,66
62971,27
62972,31
62973,77
62974,13
62976,17
62977,83
62978,4
62979,16
62981,83
62982,74
62983,89
62988,18
62989,92
62990,20
62991,15
62992,28
62993,68
62994,23
62995,13
62996,90
62997,25
62998,64
62999,4
63000,16
63001,89
63004,55
63005,27
63006,12
63007,21
63009,82
63010,98
63011,73
63012,42
63013,64
63014,59
63015,82
63016,82
63017,68
63018,45
63020,97
63022,13
63024,17
63025,59
63027,27
63028,56
63029,3
63031,66
63032,90
63033,81
63036,4
63039,78
63040,83
63041,90
63044,59
63045,1
63046,25
63047,26
63048,25
63049,17
63050,92
63051,46
63052,21
63053,76
63054,18
63055,21
63056,21
63057,23
63059,27
63060,12
63061,42
63062,25
63065,95
63066,51
63067,72
63068,95
63071,51
63072,59
63073,85
63074,29
63075,92
63076,7
63077,77
63079,66
63081,63
63083,47
63084,18
63085,97
63087,51
63088,88
63089,79
63090,2
63091,51
63092,11
63093,18
63094,64
63095,98
63097,90
63098,68
63099,86
63102,42
63104,97
63107,94
63109,56
63111,9
63112,56
63113,38
63114,51
63115,83
63116,29
63117,77
63118,95
63119,31
63120,41
63121,93
63122,28
63123,25
63124,7
63125,94
63126,97
63127,46
63128,77
63130,25
63131,64
63132,89
63134,25
63136,84
63140,95
63142,1
63143,33
63146,50
63148,46
63149,36
63150,90
63152,31
63153,98
63154,98
63155,98
63156,17
63157,51
63158,1
63159,59
63160,59
63162,92
63163,34
63164,59
63165,64
63166,64
63168,32
63169,64
63170,64
63171,51
63172,27
63173,73
63175,35
63176,94
63180,55
63181,82
63182,17
63183,12
63184,59
63188,10
63189,25
63190,80
63191,3
63192,44
63196,64
63198,63
63199,51
63202,1
63203,10
63204,75
63205,92
63207,74
63208,64
63209,41
63210,9
63211,13
63212,23
63213,25
63216,42
63217,17
63218,13
63219,95
63221,27
63223,33
63224,12
63225,40
63226,40
63227,40
63229,40
63230,15
63231,89
63232,79
63233,31
63234,77
63237,54
63238,43
63240,66
63241,79
63242,51
63243,64
63245,14
63246,79
63247,66
63249,89
63250,16
63254,14
63255,97
63256,82
63257,75
63261,92
63262,98
63263,60
63264,21
63265,98
63266,72
63268,15
63269,7
63270,7
63273,13
63274,63
63275,84
63276,84
63277,84
63278,51
63279,14
63280,46
63281,36
63282,77
63283,55
63286,90
63287,13
63288,88
63289,98
63290,96
63292,8
63293,21
63294,20
63295,92
63297,92
63298,31
63299,51
63300,69
63302,1
63304,25
63306,72
63307,62
63308,1
63309,25
63310,16
63311,4
63313,79
63314,18
63315,18
63318,28
63320,87
63321,85
63322,11
63323,18
63325,18
63326,18
63327,10
63330,18
63331,18
63332,87
63334,48
63335,84
63336,53
63337,65
63338,65
63339,65
63340,33
63342,3
63344,21
63345,77
63346,15
63347,45
63348,14
63350,12
63351,77
63353,43
63354,63
63355,21
63356,83
63357,51
63358,95
63360,59
63361,85
63365,86
63369,44
63370,96
63372,28
63373,38
63374,95
63376,79
63377,13
63379,59
63382,22
63383,74
63384,46
63385,7
63386,7
63387,7
63388,75
63389,59
63390,84
63391,84
63392,25
63393,25
63394,86
63395,55
63396,23
63397,31
63398,25
63399,98
63400,45
63401,25
63404,49
63405,96
63407,17
63408,79
63415,45
63416,64
63417,3
63418,92
63419,25
63420,35
63421,77
63422,28
63423,98
63426,13
63427,51
63428,51
63429,25
63430,90
63431,59
63432,25
63433,45
63437,74
63441,95
63442,56
63443,27
63444,96
63445,1
63446,80
63448,1
63449,45
63450,8
63451,98
63452,18
63453,73
63454,68
63455,17
63456,79
63457,55
63458,3
63459,69
63462,22
63463,3
63466,12
63467,12
63468,14
63469,27
63473,25
63474,25
63475,56
63476,85
63477,56
63479,1
63480,3
63481,75
63482,75
63483,17
63486,20
63487,3
63489,67
63490,83
63491,3
63494,44
63495,21
63497,79
63499,17
63500,98
63501,16
63502,85
63503,53
63506,17
63507,66
63508,17
63510,20
63511,14
63514,24
63516,25
63517,51
63518,90
63519,23
63520,12
63521,25
63522,53
63523,25
63524,90
63526,1
63527,25
63528,26
63529,25
63530,82
63532,0
63533,66
63535,92
63536,22
63537,17
63538,13
63540,81
63541,92
63542,98
63544,91
63545,77
63546,22
63547,99
63549,92
63550,51
63551,43
63552,98
63553,27
63554,98
63556,45
63558,13
63559,7
63561,92
63562,1
63566,7
63567,46
63568,59
63569,1
63570,53
63571,22
63572,74
63573,92
63574,8
63577,63
63579,94
63580,82
63581,44
63582,37
63583,35
63584,77
63588,87
63590,86
63591,79
63592,32
63593,36
63596,83
63597,12
63598,11
63599,90
63603,73
63604,90
63605,25
63608,17
63609,56
63610,14
63613,25
63614,12
63615,28
63616,56
63617,25
63618,12
63619,92
63620,14
63621,12
63622,98
63623,28
63624,34
63625,16
63628,75
63629,82
63631,56
63632,90
63633,44
63635,14
63636,26
63637,12
63638,90
63639,36
63640,25
63641,70
63642,92
63644,69
63645,90
63648,25
63649,43
63650,43
63652,25
63653,82
63654,84
63656,56
63657,25
63658,25
63659,23
63660,10
63662,25
63663,25
63665,36
63667,17
63668,90
63669,36
63670,21
63671,23
63672,99
63673,35
63675,25
63676,25
63677,25
63678,27
63681,82
63682,37
63683,25
63684,71
63685,36
63686,44
63687,25
63688,18
63689,20
63692,3
63693,11
63694,25
63695,90
63696,44
63697,25
63698,75
63699,47
63701,35
63702,76
63703,56
63704,85
63705,59
63706,36
63707,25
63708,56
63709,90
63710,28
63711,36
63713,56
63715,25
63716,90
63718,36
63719,51
63720,25
63721,25
63724,18
63725,95
63727,18
63729,1
63730,54
63731,84
63733,27
63735,18
63736,18
63737,84
63738,18
63739,75
63740,45
63741,56
63742,44
63745,17
63746,45
63747,95
63748,13
63749,25
63750,36
63751,25
63752,0
63753,45
63754,13
63755,75
63756,66
63757,56
63758,25
63759,90
63761,8
63763,18
63764,20
63765,18
63766,44
63769,26
63770,18
63771,75
63772,71
63775,1
63776,97
63778,99
63779,25
63780,72
63781,94
63782,25
63783,25
63784,77
63785,89
63786,25
63787,25
63788,64
63790,98
63791,49
63792,9
63793,74
63795,44
63796,25
63797,44
63798,51
63799,82
63803,28
63805,60
63806,29
63807,90
63808,90
63809,36
63812,90
63813,56
63814,51
63815,92
63817,90
63818,18
63819,49
63820,83
63821,90
63822,95
63824,44
63825,27
63826,44
63827,90
63828,25
63830,79
63831,97
63832,88
63833,56
63834,77
63836,56
63837,25
63838,56
63839,36
63840,60
63841,37
63842,20
63843,56
63844,45
63847,25
63849,59
63850,74
63851,4
63852,49
63854,90
63855,56
63856,90
63858,24
63859,1
63860,90
63861,56
63862,25
63863,7
63864,33
63865,1
63866,48
63867,25
63868,59
63869,56
63870,41
63872,25
63873,92
63874,90
63875,25
63876,94
63877,62
63878,77
63879,42
63880,13
63882,12
63883,55
63884,68
63885,90
63886,16
63888,2
63889,25
63890,25
63891,25
63892,17
63893,43
63894,42
63895,12
63896,10
63897,25
63898,63
63899,25
63900,90
63901,37
63902,37
63903,37
63907,54
63909,18
63910,12
63911,59
63912,27
63913,88
63916,25
63917,25
63918,17
63919,90
63923,23
63925,41
63928,84
63929,8
63930,25
63931,25
63932,25
63934,56
63935,85
63936,25
63938,79
63939,85
63940,75
63942,90
63944,90
63945,25
63947,93
63948,63
63949,25
63950,90
63952,77
63953,90
63954,3
63956,25
63957,94
63958,20
63959,63
63960,16
63962,43
63963,90
63964,7
63965,90
63967,90
63968,89
63969,51
63970,25
63971,25
63972,25
63973,98
63974,45
63975,25
63977,33
63978,75
63980,38
63981,25
63982,90
63983,34
63985,73
63986,25
63987,25
63988,56
63989,25
63990,25
63992,3
63993,25
63995,11
63996,95
63997,25
64001,13
64002,16
64005,74
64006,60
64007,25
64009,25
64010,90
64011,97
64012,3
64013,53
64014,25
64015,25
64016,24
64017,17
64019,90
64020,25
64021,81
64022,25
64024,49
64026,25
64029,75
64030,98
64031,25
64032,25
64033,17
64035,66
64036,16
64037,26
64039,59
64040,71
64041,3
64043,25
64044,44
64045,25
64046,77
64047,17
64048,7
64049,90
64050,29
64052,44
64053,44
64054,51
64055,20
64056,89
64057,13
64059,2
64060,42
64061,68
64063,90
64064,25
64068,77
64069,75
64070,92
64071,25
64072,25
64073,25
64074,13
64075,44
64076,56
64077,77
64078,3
64079,95
64080,7
64081,7
64082,7
64083,36
64088,74
64092,57
64093,57
64094,57
64095,37
64097,79
64098,89
64100,57
64101,12
64102,99
64103,57
64105,74
64107,57
64108,57
64109,57
64110,70
64111,9
64112,95
64114,7
64117,57
64118,99
64120,55
64121,20
64122,24
64123,92
64124,57
64125,33
64126,13
64127,4
64128,1
64131,46
64132,4
64134,57
64135,95
64136,95
64137,95
64138,11
64139,17
64140,55
64141,25
64142,25
64143,79
64147,33
64148,98
64149,32
64150,74
64152,76
64154,60
64155,54
64156,77
64157,25
64158,95
64159,25
64160,20
64161,7
64162,92
64163,72
64164,60
64166,12
64167,60
64169,92
64170,38
64171,27
64172,56
64173,25
64174,77
64175,90
64176,35
64177,36
64178,57
64179,75
64180,36
64181,25
64182,4
64184,86
64185,18
64186,45
64187,75
64189,72
64190,25
64191,35
64192,1
64195,60
64196,27
64197,31
64198,90
64199,25
64203,60
64207,79
64208,73
64210,16
64212,77
64214,25
64215,69
64216,3
64217,56
64218,60
64219,29
64223,37
64224,89
64225,94
64226,18
64227,81
64228,56
64229,80
64230,25
64231,59
64233,54
64234,25
64235,69
64236,22
64237,79
64238,56
64239,93
64241,89
64242,59
64243,66
64244,44
64247,84
64248,85
64249,33
64250,27
64251,93
64252,22
64253,22
64254,22
64255,62
64257,27
64258,92
64260,99
64262,59
64263,89
64264,90
64265,90
64266,25
64267,25
64268,79
64269,82
64270,25
64271,84
64272,53
64273,66
64275,74
64277,89
64279,25
64280,92
64281,21
64282,70
64284,59
64285,41
64286,11
64287,55
64288,90
64292,90
64293,90
64295,11
64296,77
64297,20
64298,3
64300,25
64301,59
64302,25
64303,25
64306,77
64307,72
64308,90
64309,25
64310,72
64312,51
64313,25
64314,44
64315,92
64316,51
64317,16
64318,98
64319,40
64320,85
64321,7
64323,90
64325,64
64326,90
64329,93
64330,25
64331,25
64332,51
64333,36
64334,90
64336,64
64337,15
64338,14
64340,63
64341,25
64342,44
64343,36
64344,46
64345,66
64346,16
64347,17
64348,84
64349,42
64350,56
64351,25
64352,79
64353,89
64354,56
64358,90
64359,90
64360,24
64361,25
64362,90
64363,90
64364,25
64365,1
64366,92
64368,51
64372,35
64373,89
64374,51
64378,51
64380,40
64384,72
64385,15
64386,17
64387,51
64392,18
64394,60
64395,27
64396,15
64397,3
64398,1
64400,89
64402,2
64404,90
64405,94
64406,83
64407,17
64408,98
64410,8
64412,89
64413,20
64415,90
64419,7
64420,56
64422,74
64425,1
64426,14
64430,17
64432,24
64433,65
64434,23
64435,17
64437,45
64443,51
64444,96
64445,25
64446,59
64447,70
64448,25
64451,23
64452,3
64454,51
64455,12
64456,49
64457,15
64458,94
64459,55
64460,84
64461,42
64462,67
64464,53
64467,70
64468,3
64469,45
64470,18
64471,18
64472,18
64473,56
64474,25
64475,66
64476,42
64480,25
64481,56
64485,23
64488,11
64489,88
64490,65
64491,56
64492,25
64493,89
64494,21
64495,75
64496,18
64497,90
64498,40
64499,81
64500,81
64503,18
64504,14
64505,25
64506,11
64507,25
64510,1
64511,82
64512,25
64514,51
64515,90
64516,25
64517,32
64518,15
64519,25
64520,89
64521,42
64526,80
64527,82
64528,25
64529,43
64530,25
64531,90
64532,64
64534,16
64535,84
64536,4
64537,28
64540,1
64544,20
64545,98
64546,37
64547,79
64548,98
64549,27
64550,40
64553,84
64554,88
64555,82
64556,82
64557,82
64559,94
64560,77
64561,33
64562,10
64564,74
64565,38
64566,92
64567,44
64568,20
64569,36
64570,51
64571,66
64572,70
64573,74
64574,67
64575,13
64576,69
64577,28
64578,51
64581,9
64583,95
64584,95
64585,85
64586,92
64587,15
64591,54
64592,74
64593,96
64594,99
64595,25
64596,90
64599,85
64601,64
64602,56
64603,1
64604,80
64606,74
64607,74
64608,59
64609,17
64610,11
64612,16
64613,70
64615,91
64616,45
64620,84
64621,94
64622,20
64623,20
64624,93
64625,25
64626,75
64627,69
64628,14
64629,89
64630,44
64631,56
64632,25
64633,12
64634,1
64635,17
64636,70
64637,25
64638,9
64640,25
64641,25
64642,80
64643,7
64644,44
64646,90
64647,25
64648,25
64649,28
64651,25
64653,13
64654,40
64655,44
64657,2
64658,44
64659,44
64660,93
64662,42
64664,70
64665,17
64666,77
64667,25
64669,91
64670,91
64671,53
64672,90
64673,44
64675,84
64677,40
64678,25
64679,25
64681,92
64682,16
64683,26
64684,95
64685,21
64686,51
64687,55
64689,38
64690,25
64691,44
64692,2
64693,28
64694,7
64695,90
64696,25
64697,35
64699,23
64700,43
64701,37
64702,25
64703,55
64704,13
64705,84
64707,23
64710,22
64711,44
64712,55
64715,74
64716,18
64717,18
64720,13
64722,56
64723,44
64724,25
64725,25
64726,90
64727,32
64728,26
64730,95
64731,18
64732,18
64733,18
64734,18
64735,18
64738,80
64739,49
64741,18
64742,18
64743,18
64744,56
64745,76
64746,25
64747,90
64748,20
64749,62
64752,97
64753,13
64754,79
64755,90
64756,83
64757,16
64758,36
64759,44
64761,80
64762,64
64763,83
64764,44
64765,13
64767,36
64768,4
64770,1
64771,25
64772,25
64773,45
64774,25
64777,37
64778,37
64779,37
64782,25
64783,98
64785,79
64786,20
64788,87
64789,90
64790,16
64791,25
64793,13
64794,10
64795,56
64796,51
64797,56
64799,56
64800,59
64801,60
64803,56
64804,14
64807,72
64808,49
64809,47
64812,25
64813,44
64814,59
64815,96
64816,56
64817,25
64818,90
64819,14
64820,25
64822,84
64823,15
64825,89
64826,25
64827,56
64828,95
64829,95
64831,95
64832,77
64833,23
64834,8
64835,59
64836,29
64837,67
64840,90
64841,44
64842,44
64843,84
64846,25
64847,59
64848,25
64849,28
64851,33
64852,16
64854,15
64856,77
64857,95
64858,18
64860,36
64861,1
64863,25
64864,95
64865,6
64866,35
64868,29
64870,95
64871,13
64873,25
64874,25
64875,25
64876,18
64877,18
64878,18
64879,18
64880,56
64881,56
64882,45
64883,14
64887,25
64888,93
64889,25
64890,49
64891,92
64892,93
64893,36
64894,14
64895,34
64896,7
64898,45
64900,97
64901,36
64903,95
64904,12
64905,46
64907,33
64908,51
64910,95
64911,92
64914,97
64915,36
64916,75
64917,92
64919,36
64922,77
64923,97
64924,82
64925,83
64926,45
64927,83
64928,88
64930,76
64931,63
64933,95
64934,33
64936,51
64938,36
64940,36
64941,40
64942,36
64943,12
64944,2
64948,88
64953,10
64954,7
64955,36
64957,1
64959,97
64961,36
64962,66
64963,25
64964,0
64965,25
64967,13
64968,90
64969,56
64970,97
64971,14
64972,89
64975,66
64977,0
64978,92
64979,71
64981,14
64982,3
64984,75
64985,15
64988,3
64989,98
64991,65
64992,14
64993,66
64994,66
64997,76
64998,20
64999,7
65000,69
65001,3
65002,32
65003,79
65004,84
65005,77
65007,83
65008,83
65009,83
65010,83
65011,83
65012,33
65013,90
65014,75
65015,66
65017,44
65018,15
65020,21
65022,60
65023,69
65026,80
65027,14
65029,92
65030,73
65032,56
65033,14
65035,56
65036,71
65037,71
65039,15
65040,35
65041,20
65042,12
65043,12
65044,12
65045,12
65046,12
65047,12
65048,41
65049,81
65050,14
65053,56
65058,69
65060,80
65061,55
65062,98
65064,90
65065,38
65066,35
65067,44
65068,98
65069,56
65070,56
65071,42
65072,16
65074,56
65075,25
65076,85
65077,25
65078,28
65079,41
65080,92
65081,14
65083,14
65084,17
65085,56
65086,90
65087,59
65090,45
65091,23
65097,20
65098,43
65099,2
65100,56
65101,56
65103,42
65104,54
65106,27
65107,4
65110,73
65112,10
65113,44
65114,28
65115,20
65116,95
65117,94
65119,90
65120,55
65121,20
65122,25
65123,27
65124,25
65125,27
65126,56
65127,25
65128,56
65129,34
65130,63
65132,32
65133,66
65134,93
65135,92
65136,38
65137,56
65138,44
65139,3
65140,25
65141,16
65142,67
65143,7
65144,7
65145,81
65146,34
65147,99
65148,36
65149,0
65151,23
65152,8
65153,1
65155,36
65156,36
65157,87
65159,87
65160,95
65161,40
65162,74
65166,4
65167,23
65168,95
65169,35
65170,49
65171,40
65172,70
65173,32
65174,57
65176,90
65177,90
65180,36
65181,56
65182,85
65184,74
65185,90
65186,44
65188,79
65189,82
65190,51
65191,15
65192,79
65193,27
65194,38
65195,37
65196,64
65198,36
65199,56
65200,56
65201,59
65202,92
65203,62
65204,38
65205,17
65206,17
65207,1
65208,25
65209,66
65210,56
65214,37
65215,0
65218,56
65220,56
65221,25
65222,32
65223,92
65226,93
65227,37
65228,73
65229,56
65230,56
65231,16
65232,98
65233,45
65234,85
65235,36
65236,83
65237,17
65238,33
65239,66
65240,56
65241,25
65242,25
65243,51
65244,63
65245,51
65246,90
65247,26
65248,84
65249,2
65250,55
65252,85
65253,42
65254,25
65255,10
65256,35
65257,95
65258,18
65259,75
65260,79
65261,75
65262,22
65264,89
65265,32
65267,2
65269,64
65270,36
65271,17
65272,59
65274,11
65276,51
65278,89
65279,66
65280,10
65282,16
65283,90
65284,4
65285,34
65286,64
65287,21
65288,23
65289,94
65290,92
65291,86
65293,79
65294,9
65295,79
65296,41
65298,56
65299,82
65302,34
65303,21
65304,60
65305,57
65306,54
65307,23
65308,17
65309,76
65310,70
65311,94
65312,91
65313,15
65314,3
65315,75
65316,4
65317,47
65318,15
65319,68
65320,82
65321,23
65322,55
65323,74
65324,44
65325,25
65326,55
65327,55
65328,37
65329,37
65330,37
65331,44
65334,18
65335,95
65336,89
65337,67
65338,66
65341,79
65342,95
65343,25
65345,33
65347,90
65348,90
65350,90
65351,41
65354,68
65355,35
65356,71
65357,99
65358,71
65359,28
65360,92
65361,47
65362,92
65363,46
65364,21
65365,92
65367,20
65368,24
65369,9
65370,90
65371,95
65372,23
65373,71
65374,25
65375,99
65376,13
65377,90
65378,56
65379,55
65380,31
65381,69
65382,62
65383,33
65384,1
65385,59
65386,0
65387,93
65388,25
65389,66
65390,75
65392,53
65393,22
65394,90
65395,44
65396,88
65397,31
65398,55
65399,77
65400,71
65401,37
65404,84
65406,71
65407,93
65411,32
65412,19
65413,27
65414,84
65415,29
65416,33
65417,44
65418,17
65423,35
65424,24
65425,9
65426,23
65427,92
65428,12
65429,51
65430,21
65431,47
65432,76
65433,3
65436,84
65437,90
65438,44
65439,55
65440,32
65441,8
65442,14
65443,89
65445,16
65446,56
65447,93
65450,33
65451,56
65452,14
65453,67
65454,27
65455,14
65456,14
65458,29
65459,0
65460,18
65461,69
65462,51
65463,22
65464,45
65465,1
65466,51
65471,32
65472,45
65473,82
65474,84
65475,59
65476,7
65477,31
65478,20
65479,79
65480,18
65481,93
65482,44
65483,90
65484,18
65487,59
65489,33
65490,85
65492,8
65493,71
65495,99
65496,63
65497,84
65498,83
65499,41
65500,34
65501,55
65502,55
65503,68
65504,35
65505,34
65506,55
65507,55
65508,55
65509,74
65510,55
65511,64
65512,77
65513,2
65514,48
65515,32
65518,14
65519,10
65520,80
65521,56
65524,99
65526,44
65527,59
65528,59
65533,44
65534,56
65537,56
65538,44
65539,17
65540,71
65542,17
65543,66
65544,88
65545,20
65547,23
65548,32
65549,67
65550,83
65551,23
65552,92
65553,33
65554,69
65555,62
65556,62
65557,62
65558,17
65559,33
65560,62
65561,82
65562,55
65563,21
65564,98
65566,70
65567,66
65568,3
65569,64
65570,13
65571,98
65572,55
65573,95
65574,98
65576,8
65577,13
65579,74
65581,92
65582,31
65583,2
65585,54
65587,41
65588,85
65589,83
65590,92
65591,91
65592,38
65593,95
65594,66
65596,75
65597,59
65598,66
65601,35
65604,51
65605,23
65606,73
65608,33
65609,32
65613,95
65614,1
65615,37
65616,37
65617,37
65618,64
65619,43
65620,93
65621,32
65622,96
65623,73
65624,4
65625,99
65626,24
65628,79
65629,59
65630,16
65631,37
65633,37
65634,37
65635,63
65636,1
65637,70
65638,11
65641,41
65642,25
65643,77
65645,68
65646,35
65647,66
65650,86
65651,71
65652,99
65653,75
65654,9
65655,3
65656,59
65658,34
65659,56
65663,95
65665,40
65666,25
65667,82
65668,90
65669,90
65670,46
65671,56
65673,77
65674,3
65675,95
65676,56
65677,38
65679,66
65683,13
65686,33
65688,20
65690,25
65691,25
65692,14
65693,89
65695,94
65696,71
65699,81
65700,32
65701,63
65704,23
65705,64
65706,55
65707,89
65708,20
65709,0
65710,4
65712,75
65714,11
65715,42
65716,10
65717,67
65718,7
65720,20
65721,88
65722,24
65723,66
65725,56
65726,25
65727,37
65728,56
65729,56
65730,25
65731,89
65732,80
65733,71
65735,13
65737,92
65739,18
65740,36
65741,56
65742,55
65743,55
65744,27
65747,34
65748,74
65749,84
65750,62
65752,71
65753,14
65754,75
65755,93
65756,71
65757,15
65758,93
65759,16
65760,92
65761,12
65762,13
65763,3
65765,27
65766,53
65767,25
65768,25
65769,56
65770,33
65771,7
65772,56
65773,22
65774,14
65775,89
65776,23
65777,3
65778,82
65779,81
65780,46
65781,46
65782,57
65783,33
65784,1
65785,66
65786,98
65787,46
65789,68
65790,33
65791,77
65792,44
65793,55
65794,23
65795,66
65799,93
65800,29
65804,55
65805,33
65806,57
65807,98
65808,64
65809,57
65810,57
65811,33
65812,56
65813,90
65816,71
65817,25
65818,2
65819,92
65820,64
65821,66
65822,35
65823,79
65825,82
65826,36
65827,67
65828,66
65830,57
65831,2
65833,16
65834,59
65836,51
65837,76
65838,56
65839,25
65840,32
65841,59
65842,38
65843,56
65844,16
65847,54
65848,16
65849,17
65850,0
65853,59
65855,18
65856,79
65857,23
65858,23
65859,95
65860,10
65861,56
65862,66
65863,41
65865,34
65866,26
65867,28
65868,2
65869,17
65870,89
65871,94
65872,79
65873,51
65874,25
65875,23
65876,56
65877,90
65881,66
65882,22
65883,66
65884,8
65885,44
65886,25
65887,49
65889,12
65890,13
65891,23
65892,95
65893,28
65894,16
65895,16
65896,44
65897,71
65898,22
65899,23
65900,60
65901,44
65902,44
65903,11
65906,56
65907,22
65908,51
65909,69
65910,72
65912,10
65913,73
65914,93
65915,45
65916,18
65917,23
65918,75
65919,60
65920,74
65921,60
65923,3
65924,56
65925,56
65926,0
65927,20
65929,47
65930,49
65931,44
65932,29
65933,59
65934,37
65935,37
65936,25
65938,90
65939,85
65940,13
65941,31
65942,17
65943,41
65944,16
65945,90
65947,59
65948,36
65949,59
65950,16
65951,66
65952,56
65953,48
65954,35
65955,28
65956,56
65957,1
65959,56
65960,36
65961,59
65962,51
65964,71
65965,82
65966,87
65967,77
65968,74
65970,20
65971,1
65972,69
65974,80
65975,79
65976,12
65977,56
65978,9
65979,56
65980,86
65981,27
65982,16
65983,23
65984,18
65985,66
65987,68
65992,15
65993,74
65994,51
65995,59
65997,84
65998,16
66000,99
66002,99
66003,88
66004,94
66005,90
66006,92
66007,66
66008,59
66009,11
66010,51
66011,23
66012,64
66014,44
66015,83
66016,79
66017,92
66018,17
66019,84
66021,25
66022,20
66024,16
66025,18
66026,89
66027,92
66028,12
66029,10
66030,85
66031,14
66032,32
66033,77
66034,92
66036,51
66038,24
66039,99
66040,99
66041,11
66042,44
66044,59
66045,82
66046,77
66047,42
66048,20
66049,51
66050,82
66051,33
66052,27
66054,36
66055,17
66056,45
66057,1
66059,32
66060,49
66061,21
66062,86
66063,27
66064,59
66065,21
66066,16
66068,32
66069,55
66070,69
66071,93
66072,32
66073,43
66074,2
66075,36
66076,85
66077,79
66078,77
66079,45
66080,98
66081,33
66082,74
66083,36
66084,82
66085,59
66086,75
66088,33
66089,68
66090,16
66091,92
66092,74
66093,75
66094,38
66095,65
66096,27
66097,66
66098,75
66099,71
66101,89
66102,71
66103,15
66106,59
66108,99
66109,77
66110,33
66111,68
66112,20
66113,32
66114,33
66115,0
66116,72
66119,3
66120,29
66121,29
66122,29
66123,43
66124,74
66125,8
66126,27
66127,66
66128,71
66129,2
66130,23
66131,97
66132,13
66133,98
66134,56
66135,95
66136,21
66137,44
66138,56
66139,56
66140,56
66141,66
66142,56
66143,25
66144,25
66145,18
66146,16
66147,65
66148,13
66150,62
66151,90
66152,32
66153,20
66154,44
66155,90
66156,22
66157,59
66160,89
66161,33
66162,11
66163,90
66164,21
66166,0
66168,61
66169,92
66171,33
66172,75
66173,29
66174,45
66175,66
66176,25
66177,28
66178,89
66180,98
66181,33
66182,61
66183,93
66184,62
66185,21
66186,49
66187,25
66188,25
66189,25
66190,59
66191,16
66192,72
66193,59
66194,95
66195,7
66196,16
66197,61
66198,61
66199,61
66201,73
66202,91
66203,16
66204,14
66205,85
66206,70
66207,78
66208,72
66209,76
66210,56
66211,25
66212,7
66213,98
66215,16
66216,34
66217,36
66218,27
66220,68
66221,84
66222,13
66224,16
66225,28
66226,21
66227,59
66228,60
66229,85
66230,35
66231,59
66232,66
66234,68
66235,71
66236,66
66237,17
66238,49
66239,49
66240,49
66242,80
66244,76
66245,25
66246,28
66247,40
66248,59
66249,59
66250,83
66251,12
66252,9
66254,79
66257,2
66258,15
66259,44
66260,75
66264,93
66265,18
66266,64
66267,66
66268,28
66269,27
66270,63
66271,68
66272,68
66273,72
66274,82
66275,4
66276,70
66277,95
66278,64
66279,13
66280,91
66282,22
66283,93
66284,21
66286,77
66287,25
66288,56
66289,56
66290,25
66291,56
66292,25
66293,25
66294,10
66295,53
66296,27
66299,4
66300,82
66301,99
66302,84
66303,74
66304,99
66305,83
66306,32
66307,13
66308,23
66309,59
66310,16
66312,25
66313,25
66314,25
66316,55
66317,23
66318,95
66320,93
66321,17
66323,45
66324,25
66325,1
66327,70
66328,25
66329,14
66330,44
66331,21
66332,95
66333,40
66334,68
66335,59
66336,36
66341,17
66342,42
66343,42
66344,1
66345,2
66346,34
66349,25
66350,69
66351,90
66353,36
66354,16
66355,42
66356,64
66357,72
66358,87
66359,95
66360,56
66362,99
66363,12
66364,23
66365,83
66366,26
66367,1
66368,51
66369,8
66371,87
66372,74
66374,43
66375,43
66376,37
66377,63
66379,56
66380,25
66381,25
66382,92
66383,16
66385,38
66386,84
66387,33
66388,84
66389,25
66390,93
66391,51
66392,51
66393,16
66394,76
66395,25
66396,90
66397,25
66398,14
66399,69
66403,23
66404,95
66405,49
66406,28
66407,16
66408,28
66409,56
66410,95
66411,93
66412,22
66413,22
66414,22
66415,16
66416,25
66417,10
66418,66
66419,66
66420,66
66422,15
66423,68
66424,71
66425,71
66427,90
66428,56
66429,9
66431,25
66432,56
66433,95
66434,25
66435,25
66436,25
66438,44
66439,93
66441,59
66442,12
66443,72
66445,71
66446,33
66447,25
66448,25
66449,68
66450,3
66451,20
66453,47
66454,1
66455,70
66456,25
66458,79
66459,9
66460,13
66461,56
66462,66
66463,25
66464,36
66465,85
66466,99
66467,18
66468,12
66469,54
66470,41
66471,1
66472,95
66473,49
66474,36
66476,8
66477,16
66482,77
66484,18
66485,33
66486,33
66487,14
66489,0
66490,2
66492,46
66493,46
66494,59
66495,62
66496,20
66498,92
66500,13
66502,22
66503,47
66506,79
66507,45
66508,69
66509,35
66510,28
66511,77
66513,0
66516,72
66517,49
66518,89
66519,34
66520,99
66521,84
66522,2
66524,55
66525,87
66526,25
66527,53
66528,85
66529,25
66530,12
66531,66
66533,17
66534,79
66536,88
66538,25
66539,90
66540,25
66541,37
66542,91
66544,87
66545,1
66546,40
66547,72
66550,99
66551,36
66552,54
66555,20
66558,91
66559,28
66562,35
66563,35
66564,12
66565,63
66566,20
66568,1
66569,25
66570,33
66571,25
66572,25
66574,25
66575,66
66576,2
66577,22
66579,66
66580,22
66581,22
66582,22
66583,72
66584,16
66585,88
66587,43
66588,59
66590,25
66592,0
66595,65
66596,35
66597,60
66598,9
66599,66
66600,15
66601,33
66602,82
66605,82
66606,66
66607,95
66608,25
66609,67
66610,89
66612,44
66613,25
66614,9
66616,77
66617,91
66618,90
66619,99
66620,47
66621,9
66622,94
66623,41
66625,51
66627,33
66628,59
66629,9
66631,16
66632,68
66634,23
66635,66
66636,49
66637,7
66638,48
66639,28
66640,77
66641,83
66643,87
66644,8
66646,25
66647,36
66648,90
66650,40
66651,59
66654,55
66655,92
66658,12
66659,66
66660,79
66661,13
66663,53
66667,8
66668,74
66669,74
66670,74
66671,85
66676,91
66677,82
66678,82
66679,82
66680,64
66683,83
66684,31
66685,89
66687,3
66688,72
66689,99
66690,67
66691,82
66693,63
66694,67
66696,66
66697,22
66698,25
66699,25
66700,16
66701,31
66702,77
66703,23
66705,95
66706,22
66707,25
66708,33
66710,89
66711,21
66712,92
66713,56
66714,90
66716,97
66717,63
66718,33
66719,9
66720,59
66721,91
66722,16
66723,56
66724,33
66726,40
66727,68
66728,0
66729,79
66730,71
66731,25
66732,33
66733,1
66734,15
66735,21
66736,40
66737,93
66738,33
66740,33
66743,40
66744,40
66745,16
66746,51
66747,7
66748,66
66749,91
66750,33
66751,37
66752,25
66753,90
66754,16
66755,32
66756,33
66758,33
66759,25
66760,56
66762,40
66763,91
66764,33
66766,75
66767,11
66768,37
66773,4
66774,37
66775,80
66779,17
66780,40
66782,33
66785,99
66786,32
66788,75
66790,87
66791,27
66792,73
66794,85
66796,9
66798,25
66799,77
66800,66
66802,56
66806,86
66807,41
66808,94
66809,77
66812,84
66813,84
66815,90
66816,68
66818,74
66819,72
66820,20
66821,16
66822,51
66823,82
66824,28
66825,25
66828,57
66829,1
66830,71
66831,2
66832,16
66833,85
66837,76
66838,51
66840,13
66843,90
66844,40
66846,22
66848,51
66849,41
66850,51
66851,37
66854,40
66855,34
66856,18
66857,59
66858,9
66859,33
66860,41
66861,54
66862,56
66863,33
66864,16
66868,27
66869,51
66870,72
66871,82
66872,37
66873,37
66874,37
66875,37
66876,82
66877,91
66881,76
66882,49
66884,92
66885,32
66886,13
66887,45
66888,74
66889,99
66890,31
66891,75
66892,98
66893,15
66895,95
66898,59
66899,64
66900,94
66901,89
66905,2
66906,73
66907,16
66908,13
66909,31
66910,13
66911,49
66913,42
66914,42
66915,82
66916,33
66917,14
66918,14
66919,74
66920,77
66921,86
66922,27
66923,72
66925,3
66926,3
66928,17
66932,22
66933,36
66934,36
66935,36
66936,36
66937,60
66938,41
66940,70
66941,13
66942,51
66943,66
66944,28
66945,9
66946,99
66948,74
66950,80
66951,77
66953,18
66954,13
66955,81
66956,92
66957,57
66958,9
66960,20
66961,98
66962,17
66964,99
66966,57
66968,15
66969,33
66970,74
66971,92
66972,1
66973,89
66974,92
66975,0
66976,59
66981,59
66982,8
66983,66
66984,66
66986,33
66987,13
66988,68
66990,9
66991,76
66992,89
66993,9
66996,59
66997,98
66998,77
67000,40
67001,9
67003,42
67004,2
67005,36
67006,12
67007,81
67008,66
67009,66
67011,99
67012,98
67014,66
67016,38
67017,11
67018,59
67019,20
67020,66
67021,18
67022,57
67025,93
67026,93
67027,51
67028,66
67029,82
67030,17
67031,45
67032,18
67034,57
67035,63
67036,18
67037,45
67038,90
67039,8
67040,79
67041,79
67042,15
67043,16
67044,3
67045,45
67046,17
67047,36
67050,65
67051,62
67053,17
67055,86
67056,4
67057,17
67058,94
67059,2
67060,59
67061,32
67062,40
67063,13
67064,18
67065,40
67069,99
67070,80
67071,90
67072,93
67073,32
67075,16
67077,92
67078,1
67079,33
67082,33
67084,35
67085,72
67087,92
67088,8
67089,16
67090,44
67091,17
67093,14
67095,18
67097,20
67098,3
67100,17
67101,35
67103,12
67104,28
67105,57
67106,71
67107,64
67108,64
67109,51
67110,40
67111,82
67113,86
67114,79
67115,1
67116,18
67117,79
67118,82
67121,82
67122,56
67123,16
67124,60
67127,31
67128,35
67130,93
67132,45
67133,35
67134,81
67135,27
67138,0
67139,59
67141,89
67142,41
67143,43
67144,24
67145,59
67146,44
67147,91
67148,10
67149,74
67150,41
67151,26
67152,98
67153,28
67154,80
67156,53
67160,33
67164,70
67165,16
67166,77
67167,38
67168,72
67169,59
67171,20
67172,72
67173,33
67174,17
67175,72
67176,72
67177,63
67179,17
67180,72
67182,79
67183,64
67184,92
67185,86
67186,59
67187,82
67188,2
67190,76
67191,72
67193,14
67194,57
67195,16
67196,23
67198,73
67199,92
67200,42
67201,40
67202,98
67203,75
67204,11
67206,92
67207,3
67208,56
67209,36
67214,67
67215,86
67216,7
67218,22
67221,51
67222,11
67223,32
67224,87
67226,22
67227,22
67228,22
67229,70
67232,75
67234,74
67235,95
67237,15
67238,92
67239,34
67242,7
67246,98
67247,18
67254,1
67255,57
67256,72
67257,68
67258,89
67259,16
67265,40
67266,16
67267,88
67268,51
67269,70
67270,83
67271,74
67277,96
67278,22
67279,3
67280,1
67282,81
67284,64
67285,92
67287,23
67288,93
67292,76
67293,83
67294,89
67298,3
67299,59
67300,89
67301,41
67302,74
67306,59
67308,60
67309,92
67310,9
67311,7
67312,62
67313,43
67314,40
67315,8
67316,25
67317,90
67318,9
67319,76
67321,43
67322,80
67323,56
67324,56
67325,90
67326,21
67328,13
67329,13
67330,28
67331,28
67332,11
67333,35
67334,25
67335,56
67336,76
67337,88
67338,88
67339,88
67341,82
67342,93
67343,56
67344,72
67345,82
67346,84
67347,59
67349,14
67350,31
67351,12
67352,1
67353,14
67355,82
67356,31
67357,59
67358,51
67359,21
67361,59
67362,25
67363,11
67364,56
67365,82
67366,18
67367,95
67368,16
67369,16
67370,59
67371,82
67372,70
67373,80
67374,59
67375,68
67376,93
67377,27
67378,82
67379,38
67380,70
67383,59
67384,98
67386,28
67388,20
67389,75
67390,75
67391,74
67392,44
67393,9
67395,41
67396,77
67397,17
67401,4
67403,63
67404,41
67405,63
67406,70
67410,17
67411,33
67412,43
67413,18
67414,79
67416,45
67418,59
67419,75
67420,73
67421,16
67422,15
67423,88
67425,72
67426,72
67428,95
67429,33
67430,92
67431,16
67432,70
67433,3
67434,36
67435,64
67436,98
67437,93
67438,86
67439,64
67441,99
67443,36
67445,17
67446,40
67447,45
67448,37
67449,95
67450,36
67451,82
67453,79
67454,1
67455,25
67456,36
67457,25
67458,46
67459,46
67460,47
67461,47
67462,88
67463,20
67464,82
67465,79
67466,63
67467,36
67468,45
67470,36
67471,54
67472,63
67473,14
67474,68
67475,59
67476,2
67477,64
67478,86
67479,16
67480,36
67482,55
67483,13
67484,86
67485,92
67486,26
67487,16
67489,7
67490,4
67493,86
67494,51
67495,7
67496,59
67497,25
67498,90
67500,59
67501,63
67502,14
67503,8
67504,79
67505,13
67506,82
67507,77
67509,98
67511,92
67512,12
67513,35
67514,33
67515,27
67516,59
67517,81
67518,51
67519,59
67520,47
67521,59
67522,24
67526,42
67527,81
67528,91
67529,16
67530,42
67531,33
67532,67
67533,64
67534,17
67536,42
67538,64
67539,27
67542,44
67543,82
67544,45
67545,34
67546,93
67547,75
67548,43
67549,16
67550,16
67551,13
67552,69
67553,74
67554,9
67557,63
67558,45
67560,74
67562,41
67564,3
67565,43
67566,12
67567,17
67568,84
67569,77
67570,74
67571,17
67573,69
67574,75
67575,82
67576,29
67577,63
67580,90
67581,15
67582,92
67583,34
67584,7
67585,11
67586,91
67587,90
67589,25
67590,76
67591,95
67592,91
67593,69
67596,59
67597,79
67598,33
67599,2
67600,54
67601,92
67602,90
67603,56
67604,2
67605,2
67606,85
67607,74
67608,94
67609,29
67610,1
67611,16
67612,93
67613,13
67614,7
67615,33
67617,33
67618,33
67621,93
67622,22
67623,42
67624,20
67625,49
67626,84
67627,62
67628,2
67629,51
67630,17
67632,68
67633,9
67634,45
67636,51
67637,69
67639,13
67640,79
67641,16
67642,92
67643,49
67645,15
67646,93
67647,17
67648,89
67649,98
67650,82
67651,55
67652,41
67654,17
67655,44
67656,42
67658,91
67659,70
67661,12
67662,63
67663,36
67667,84
67668,27
67669,1
67670,93
67671,0
67672,95
67673,13
67674,91
67675,11
67677,59
67678,59
67679,44
67680,93
67681,47
67682,17
67683,77
67684,23
67685,23
67687,69
67688,12
67689,92
67691,79
67692,76
67693,8
67694,16
67695,74
67696,77
67697,22
67698,16
67699,35
67702,44
67703,16
67704,79
67706,93
67707,69
67709,63
67710,87
67711,13
67714,42
67716,10
67717,64
67718,36
67720,48
67721,2
67722,83
67723,92
67727,18
67728,37
67729,68
67730,27
67731,0
67732,16
67733,94
67734,79
67735,33
67736,21
67738,70
67739,63
67742,84
67744,91
67745,31
67747,59
67748,56
67749,87
67750,16
67751,16
67752,51
67753,76
67755,13
67756,36
67757,2
67758,42
67759,59
67760,22
67761,74
67764,16
67765,2
67766,31
67768,79
67769,64
67770,64
67771,75
67772,79
67774,46
67775,32
67776,3
67777,3
67778,69
67781,3
67783,43
67784,75
67785,3
67786,55
67787,17
67788,31
67789,16
67790,75
67791,99
67792,28
67795,4
67796,36
67797,36
67798,93
67799,88
67800,23
67801,16
67802,3
67803,42
67804,91
67805,86
67806,10
67808,75
67809,92
67810,13
67811,12
67813,64
67814,24
67815,38
67816,64
67820,15
67821,73
67822,59
67823,62
67824,79
67825,15
67826,7
67827,34
67828,34
67829,7
67832,98
67833,79
67834,59
67835,16
67836,46
67837,77
67838,77
67839,68
67840,41
67841,23
67842,60
67844,77
67845,48
67847,13
67851,67
67852,77
67854,41
67855,59
67856,37
67858,79
67859,19
67864,46
67865,87
67866,90
67869,37
67870,15
67871,36
67872,2
67873,23
67874,64
67876,36
67877,36
67878,85
67879,84
67880,17
67881,59
67882,87
67883,38
67886,74
67888,2
67890,33
67891,23
67892,45
67893,7
67894,99
67896,42
67898,17
67899,7
67900,33
67901,43
67903,84
67904,83
67905,82
67906,40
67907,92
67908,77
67912,63
67913,82
67914,17
67915,43
67918,17
67919,14
67920,28
67921,82
67922,4
67923,25
67925,15
67926,15
67928,60
67929,1
67934,14
67936,63
67937,99
67938,87
67942,64
67944,27
67946,64
67947,98
67950,92
67951,12
67953,8
67954,79
67957,1
67958,59
67959,79
67960,27
67962,36
67965,82
67967,57
67968,21
67969,18
67970,51
67971,79
67972,51
67973,27
67975,36
67977,76
67978,2
67979,16
67980,18
67983,36
67984,69
67985,59
67986,92
67987,8
67988,10
67989,17
67990,3
67992,47
67994,66
67995,36
67996,76
67997,16
67998,90
68000,90
68001,90
68002,90
68003,90
68004,90
68005,25
68006,90
68007,56
68008,25
68009,94
68011,51
68013,45
68014,36
68016,94
68017,17
68018,20
68019,36
68020,36
68021,36
68022,33
68023,36
68027,36
68028,36
68029,36
68030,36
68031,14
68032,79
68033,1
68034,9
68035,66
68037,74
68038,12
68039,75
68040,15
68041,17
68042,14
68043,23
68044,4
68045,94
68046,36
68047,90
68048,15
68049,33
68050,91
68051,16
68052,95
68053,21
68054,27
68055,8
68056,14
68058,36
68059,3
68060,16
68061,16
68062,17
68063,12
68064,53
68066,38
68067,59
68068,11
68069,1
68070,31
68071,3
68072,10
68073,66
68074,35
68075,35
68077,79
68078,66
68080,92
68081,31
68082,12
68083,74
68084,59
68085,56
68088,76
68089,33
68091,33
68092,0
68093,64
68094,33
68095,83
68096,28
68097,64
68098,24
68099,73
68100,77
68101,82
68102,16
68103,27
68104,66
68105,43
68106,33
68108,33
68110,84
68112,18
68113,98
68116,33
68118,77
68119,31
68120,77
68122,28
68123,33
68124,84
68125,66
68126,41
68127,69
68128,75
68129,80
68130,77
68133,45
68134,38
68135,49
68136,31
68137,55
68140,33
68141,36
68142,27
68143,41
68144,14
68145,35
68146,95
68147,80
68148,21
68149,79
68150,51
68151,92
68152,2
68153,1
68156,98
68157,64
68158,74
68159,31
68160,59
68161,90
68162,59
68163,80
68164,17
68165,79
68169,85
68170,90
68171,92
68172,91
68173,42
68174,82
68175,36
68176,84
68177,4
68178,13
68179,92
68180,69
68181,31
68182,17
68185,53
68186,40
68187,9
68189,11
68194,10
68195,13
68196,56
68197,56
68198,3
68201,35
68203,25
68204,99
68205,13
68207,15
68208,25
68209,10
68210,73
68211,59
68212,9
68213,13
68214,26
68215,90
68217,14
68218,90
68219,89
68222,1
68223,90
68224,77
68225,72
68226,63
68229,59
68230,56
68231,69
68232,83
68233,90
68234,14
68235,55
68236,25
68237,33
68238,53
68239,64
68240,17
68241,51
68242,15
68243,64
68247,44
68248,92
68249,94
68252,3
68253,90
68254,92
68255,83
68256,56
68257,63
68260,98
68261,51
68266,31
68267,58
68268,93
68269,64
68270,9
68272,90
68273,93
68274,93
68275,16
68276,14
68277,37
68278,7
68279,16
68280,90
68282,21
68283,82
68284,64
68285,77
68287,27
68289,68
68290,70
68291,74
68292,72
68293,37
68294,37
68295,37
68296,22
68299,36
68300,16
68301,12
68302,53
68304,90
68305,56
68308,41
68309,31
68310,36
68313,90
68315,79
68316,36
68317,36
68318,2
68319,41
68320,18
68322,17
68323,29
68324,83
68325,44
68326,77
68328,33
68329,90
68330,35
68331,25
68332,17
68333,83
68334,15
68336,31
68337,14
68338,33
68340,85
68341,20
68343,76
68344,62
68345,12
68346,46
68347,46
68348,88
68349,70
68350,31
68351,70
68352,74
68353,98
68354,90
68357,87
68358,16
68359,24
68360,33
68361,33
68362,73
68363,59
68364,33
68366,85
68367,27
68369,31
68370,36
68371,16
68372,12
68373,25
68374,56
68376,33
68377,90
68379,22
68380,25
68382,36
68383,36
68384,36
68385,89
68386,68
68387,27
68388,20
68389,82
68390,22
68391,28
68392,41
68393,25
68394,28
68396,63
68397,44
68398,1
68399,16
68405,36
68406,79
68407,93
68408,59
68409,25
68410,56
68411,43
68412,11
68413,17
68414,45
68416,32
68417,57
68418,90
68419,53
68420,99
68421,11
68422,31
68423,41
68424,57
68426,82
68428,28
68430,93
68433,90
68434,49
68436,92
68439,93
68440,59
68442,89
68445,35
68446,55
68447,13
68448,16
68449,31
68450,59
68451,87
68453,74
68454,68
68457,14
68458,99
68459,17
68460,33
68462,28
68463,95
68464,77
68465,54
68466,68
68467,33
68468,0
68469,47
68470,81
68471,33
68472,14
68473,80
68474,33
68479,80
68480,7
68481,74
68482,16
68483,44
68486,87
68488,59
68490,13
68491,79
68492,17
68493,8
68494,27
68495,55
68496,82
68497,17
68498,90
68499,33
68500,64
68502,23
68503,85
68504,85
68506,86
68507,16
68508,17
68513,59
68514,10
68515,75
68517,73
68518,36
68519,35
68520,85
68521,89
68522,34
68523,44
68524,22
68526,75
68529,90
68530,28
68531,98
68532,17
68533,25
68535,10
68536,9
68538,35
68539,10
68540,95
68542,59
68544,85
68545,74
68546,70
68547,70
68548,59
68549,43
68550,7
68551,17
68552,22
68553,85
68554,59
68555,33
68556,27
68557,22
68558,56
68559,25
68561,47
68562,53
68563,92
68564,27
68565,90
68567,55
68568,84
68569,1
68570,8
68572,84
68573,98
68574,81
68575,34
68576,10
68577,1
68578,73
68579,99
68580,64
68582,47
68583,77
68584,92
68585,3
68586,59
68587,41
68589,3
68590,57
68592,14
68596,43
68597,87
68598,90
68599,56
68600,25
68601,59
68604,80
68605,70
68607,97
68608,97
68609,25
68610,70
68611,28
68612,53
68613,46
68614,75
68615,56
68616,87
68617,84
68619,87
68620,54
68623,63
68624,86
68625,16
68626,2
68627,18
68628,33
68629,1
68630,92
68631,57
68638,36
68639,38
68640,38
68641,35
68642,24
68643,87
68646,20
68647,13
68649,10
68650,74
68651,67
68652,41
68653,36
68654,12
68655,63
68656,62
68657,51
68658,44
68659,56
68662,28
68664,14
68665,41
68666,35
68667,43
68669,25
68670,64
68671,98
68672,27
68673,59
68674,44
68676,1
68677,92
68678,85
68679,33
68680,69
68681,58
68682,15
68683,2
68684,50
68685,93
68686,90
68687,13
68688,16
68689,85
68690,28
68692,59
68693,81
68694,62
68697,33
68698,17
68699,59
68700,25
68703,67
68704,76
68705,26
68706,75
68707,44
68708,40
68709,98
68711,54
68712,33
68713,9
68714,18
68715,63
68716,8
68717,27
68718,7
68720,51
68721,77
68722,76
68723,41
68724,47
68725,59
68726,90
68727,94
68729,18
68730,90
68731,14
68732,7
68733,90
68737,27
68738,85
68739,56
68741,65
68742,18
68743,25
68744,97
68747,84
68748,90
68749,17
68750,8
68752,45
68753,56
68754,48
68755,89
68756,79
68757,95
68758,0
68759,63
68760,93
68761,10
68762,51
68763,16
68765,9
68767,1
68768,35
68769,54
68771,76
68772,79
68773,48
68774,22
68775,16
68776,48
68778,77
68779,13
68780,51
68781,40
68782,42
68783,44
68785,36
68786,51
68789,0
68790,76
68792,58
68794,95
68796,7
68798,41
68799,17
68800,1
68801,32
68802,1
68803,33
68804,13
68805,23
68806,84
68809,85
68810,70
68811,16
68812,74
68813,17
68815,90
68817,11
68820,16
68822,3
68823,4
68824,99
68825,17
68827,56
68829,44
68830,21
68831,49
68832,16
68833,92
68835,80
68836,25
68837,94
68840,31
68841,35
68842,44
68843,57
68844,54
68845,83
68846,68
68847,33
68849,0
68850,51
68853,85
68854,12
68855,83
68858,1
68859,49
68860,25
68861,68
68864,54
68866,51
68867,59
68868,16
68869,63
68870,46
68873,74
68875,16
68876,80
68886,46
68887,18
68888,91
68889,89
68890,40
68891,3
68892,70
68894,70
68895,12
68896,59
68897,64
68898,84
68899,92
68902,74
68903,76
68904,44
68906,27
68907,73
68908,3
68909,55
68910,95
68912,8
68913,35
68914,0
68915,85
68916,85
68917,85
68918,7
68919,7
68920,7
68921,62
68922,82
68923,87
68925,40
68926,24
68927,36
68928,31
68929,70
68930,33
68931,41
68933,46
68936,1
68938,41
68939,1
68940,89
68941,1
68942,59
68943,7
68944,17
68946,69
68949,74
68950,22
68951,33
68953,64
68954,36
68955,36
68956,91
68957,76
68958,42
68961,53
68962,12
68963,46
68964,12
68966,48
68967,68
68969,17
68970,12
68972,27
68974,40
68975,59
68976,18
68981,40
68983,55
68984,57
68987,42
68988,37
68989,75
68990,34
68991,77
68994,28
68995,17
68996,85
68997,36
68998,4
68999,22
69000,13
69002,45
69004,33
69006,16
69008,89
69009,25
69010,10
69011,3
69012,51
69014,16
69016,77
69017,60
69018,4
69019,77
69021,63
69022,28
69023,96
69024,1
69025,77
69026,53
69027,89
69029,43
69030,1
69032,33
69035,70
69036,7
69037,92
69038,7
69042,25
69043,68
69044,43
69046,51
69047,3
69049,40
69050,22
69051,29
69052,2
69053,28
69054,92
69055,85
69056,85
69057,85
69060,76
69061,77
69062,21
69063,7
69064,43
69065,7
69067,4
69068,57
69070,16
69071,37
69072,74
69073,89
69074,89
69075,3
69076,74
69077,7
69078,79
69079,75
69080,68
69084,77
69085,63
69086,89
69087,33
69088,89
69090,45
69091,42
69092,32
69093,81
69095,10
69096,85
69097,57
69099,29
69102,28
69104,47
69105,0
69106,33
69107,12
69108,33
69109,32
69110,16
69111,27
69112,33
69114,15
69115,57
69116,9
69117,3
69118,27
69119,59
69121,12
69124,90
69125,63
69126,80
69127,51
69128,68
69129,17
69130,7
69131,60
69132,92
69134,23
69135,3
69136,17
69137,85
69138,27
69139,22
69140,56
69141,79
69142,1
69143,12
69144,22
69145,16
69146,22
69147,81
69148,90
69149,49
69150,56
69151,41
69152,41
69153,0
69154,95
69156,42
69158,90
69162,68
69166,14
69167,79
69168,16
69170,20
69171,55
69173,82
69174,69
69175,2
69177,38
69178,14
69179,84
69180,47
69181,3
69184,27
69185,59
69186,79
69188,92
69190,90
69191,16
69192,27
69193,16
69196,91
69197,79
69198,1
69199,18
69200,3
69201,76
69202,15
69203,77
69204,33
69206,92
69207,8
69208,51
69210,90
69211,90
69212,90
69213,25
69214,95
69215,25
69216,80
69217,37
69218,59
69219,20
69220,9
69222,69
69223,3
69224,37
69225,74
69226,73
69227,13
69228,13
69232,56
69233,14
69234,63
69235,2
69236,8
69237,25
69238,90
69240,7
69241,14
69242,3
69243,20
69244,7
69245,57
69246,0
69248,98
69249,98
69250,93
69251,74
69252,90
69253,77
69254,44
69255,76
69256,45
69257,56
69258,2
69260,33
69261,94
69262,84
69263,33
69265,7
69268,59
69269,10
69270,4
69271,1
69272,65
69273,51
69274,95
69276,20
69277,92
69280,90
69281,0
69282,15
69283,79
69284,13
69285,77
69286,37
69288,79
69289,22
69290,14
69295,27
69296,31
69297,57
69298,75
69299,90
69300,27
69302,24
69303,73
69304,34
69305,51
69306,73
69307,76
69308,25
69310,16
69311,11
69312,49
69313,41
69314,90
69315,92
69316,82
69317,86
69318,74
69319,23
69321,75
69322,1
69323,41
69328,82
69329,26
69330,13
69331,47
69332,47
69333,16
69334,55
69335,57
69336,38
69337,34
69338,25
69339,59
69340,82
69341,59
69342,16
69344,69
69345,63
69346,55
69348,14
69349,10
69350,44
69351,46
69352,17
69354,42
69355,23
69356,17
69360,77
69361,59
69362,81
69363,9
69364,55
69365,98
69367,14
69368,86
69369,16
69370,55
69371,88
69372,14
69373,70
69374,77
69375,77
69376,14
69378,14
69379,57
69382,70
69383,85
69385,33
69386,77
69387,36
69388,33
69389,27
69390,89
69392,46
69393,90
69394,16
69395,85
69397,76
69398,17
69399,4
69400,47
69401,57
69402,45
69403,32
69404,33
69405,3
69406,46
69407,42
69408,59
69409,31
69410,1
69412,23
69413,91
69414,12
69415,51
69416,57
69417,51
69418,51
69419,35
69420,91
69421,80
69425,64
69426,2
69427,16
69428,15
69429,16
69430,1
69431,13
69432,27
69433,92
69434,73
69435,59
69438,76
69439,21
69440,63
69441,42
69442,79
69443,0
69444,89
69445,63
69446,85
69447,9
69449,44
69450,37
69451,55
69452,74
69453,14
69454,20
69457,26
69458,3
69460,91
69461,25
69463,17
69464,20
69466,69
69467,80
69468,99
69473,73
69474,43
69475,10
69476,85
69477,17
69478,17
69479,64
69480,89
69481,53
69482,3
69483,91
69484,99
69485,63
69486,87
69487,68
69488,77
69489,15
69490,59
69491,32
69492,60
69493,8
69494,44
69495,44
69496,44
69497,9
69498,15
69499,46
69500,15
69501,62
69502,73
69503,20
69504,40
69507,77
69508,51
69509,86
69510,42
69511,86
69512,11
69513,77
69514,90
69515,17
69517,86
69519,55
69521,92
69526,23
69527,12
69528,28
69529,4
69530,80
69531,11
69532,17
69533,51
69534,15
69535,25
69537,12
69538,16
69539,49
69542,96
69543,51
69544,15
69545,15
69546,53
69547,16
69549,16
69550,44
69551,28
69553,91
69554,17
69555,98
69556,79
69557,89
69558,72
69560,68
69562,83
69563,32
69566,26
69569,37
69570,92
69571,51
69572,28
69573,8
69574,23
69577,40
69579,47
69580,80
69581,26
69582,18
69584,90
69585,96
69586,82
69587,76
69588,27
69589,85
69590,60
69591,95
69592,29
69593,67
69594,43
69595,9
69599,13
69600,57
69601,57
69602,92
69603,8
69606,76
69607,76
69608,76
69609,91
69610,92
69611,92
69612,7
69613,16
69614,20
69615,88
69616,24
69617,73
69619,51
69620,2
69622,20
69623,91
69624,91
69625,91
69627,15
69628,85
69629,85
69630,12
69632,80
69633,4
69635,28
69636,1
69637,25
69638,91
69639,40
69640,85
69641,57
69642,85
69643,85
69644,26
69646,84
69647,35
69648,73
69649,17
69650,4
69651,85
69654,17
69655,93
69656,8
69657,60
69662,53
69664,27
69667,82
69668,76
69669,1
69670,96
69671,59
69672,74
69674,51
69675,85
69676,64
69677,2
69678,93
69679,95
69681,41
69682,86
69683,93
69684,89
69685,57
69686,45
69690,80
69691,12
69692,14
69693,34
69696,82
69698,12
69699,40
69700,33
69701,70
69702,62
69703,25
69704,45
69705,64
69706,23
69707,3
69710,12
69711,85
69712,14
69714,1
69715,1
69716,20
69717,85
69718,59
69720,91
69721,16
69723,51
69724,72
69725,77
69727,95
69728,2
69730,76
69732,89
69734,63
69735,33
69736,17
69737,93
69739,72
69740,89
69741,94
69745,80
69746,3
69747,92
69749,22
69750,12
69751,89
69752,53
69755,63
69756,74
69757,84
69758,16
69759,27
69760,17
69761,98
69762,90
69763,82
69764,28
69765,53
69766,8
69767,64
69768,16
69769,35
69772,24
69773,33
69774,32
69775,93
69776,92
69777,16
69779,82
69780,94
69781,74
69782,92
69783,64
69784,94
69785,85
69786,82
69787,20
69788,33
69789,33
69790,33
69791,92
69793,18
69798,17
69800,57
69801,35
69803,42
69805,36
69806,84
69807,42
69808,0
69809,93
69810,69
69812,55
69813,1
69814,83
69815,9
69816,88
69817,10
69818,88
69819,47
69823,79
69824,88
69825,15
69826,34
69827,95
69828,94
69830,28
69831,28
69832,28
69834,67
69835,14
69836,27
69837,16
69838,17
69839,49
69840,49
69841,74
69842,38
69843,93
69844,51
69845,33
69846,51
69847,84
69849,2
69851,18
69852,18
69854,57
69855,11
69856,34
69857,13
69858,55
69859,21
69862,64
69865,41
69866,98
69867,36
69868,80
69869,71
69870,41
69871,95
69874,79
69875,74
69876,55
69877,16
69879,89
69880,16
69881,23
69882,2
69885,1
69886,40
69888,77
69889,13
69890,16
69891,0
69892,28
69895,64
69896,74
69897,51
69904,40
69906,42
69907,59
69908,89
69909,77
69910,21
69911,12
69912,46
69913,0
69914,28
69916,90
69920,1
69922,21
69923,3
69924,54
69925,16
69927,40
69928,48
69929,59
69930,20
69934,60
69935,17
69937,88
69938,24
69939,63
69943,83
69945,42
69946,62
69947,64
69950,83
69952,15
69953,13
69954,15
69955,33
69956,95
69957,20
69958,89
69959,31
69961,51
69962,49
69963,73
69964,9
69965,79
69966,36
69968,17
69969,98
69970,64
69971,53
69972,94
69973,16
69974,68
69975,77
69976,92
69978,23
69979,68
69980,12
69983,28
69984,33
69985,21
69986,34
69987,68
69988,17
69989,74
69990,53
69991,64
69992,64
69993,48
69994,8
69995,23
69996,87
69998,63
70000,48
70002,16
70004,15
70006,99
70008,33
70009,89
70010,16
70011,84
70013,51
70014,51
70016,7
70017,92
70018,51
70019,63
70021,94
70022,42
70023,70
70024,79
70026,27
70028,54
70029,13
70030,98
70031,95
70032,4
70033,20
70034,33
70035,84
70036,95
70037,16
70038,64
70039,59
70040,8
70041,1
70045,51
70046,95
70047,74
70048,15
70049,51
70050,4
70052,28
70055,20
70056,9
70059,16
70060,82
70062,51
70066,89
70067,21
70068,89
70069,74
70070,99
70072,51
70073,85
70074,20
70075,64
70076,35
70077,16
70078,40
70079,51
70082,40
70083,17
70085,40
70086,75
70087,43
70089,16
70090,92
70091,20
70092,18
70093,40
70096,40
70097,57
70098,95
70099,14
70100,77
70101,35
70103,47
70104,15
70105,33
70106,38
70107,36
70108,17
70109,42
70110,83
70111,4
70113,20
70114,33
70115,81
70116,92
70118,38
70119,73
70120,62
70122,95
70123,14
70124,35
70125,31
70128,16
70129,31
70130,42
70131,94
70132,34
70133,79
70134,16
70135,84
70136,20
70137,24
70138,15
70139,16
70140,4
70142,57
70143,17
70145,93
70146,56
70147,99
70148,56
70149,46
70150,24
70151,94
70152,3
70154,90
70156,91
70157,93
70158,25
70159,92
70163,15
70164,55
70165,18
70166,35
70167,14
70168,92
70169,77
70170,83
70171,84
70172,49
70174,94
70175,33
70176,27
70179,8
70180,42
70181,45
70182,86
70185,0
70188,89
70189,99
70190,36
70191,59
70192,32
70193,2
70194,77
70195,25
70196,20
70197,92
70198,57
70199,44
70200,93
70203,34
70204,41
70205,77
70206,60
70207,73
70209,10
70210,54
70211,10
70213,12
70214,60
70217,1
70220,59
70221,84
70222,1
70223,12
70224,44
70225,92
70226,77
70228,68
70229,35
70231,20
70232,89
70233,33
70234,15
70235,90
70236,92
70237,16
70243,45
70244,34
70245,66
70249,92
70252,2
70253,13
70254,34
70255,80
70258,88
70259,55
70261,10
70262,20
70263,13
70264,63
70265,53
70266,99
70267,45
70269,95
70270,0
70271,24
70272,28
70273,57
70274,74
70275,63
70276,51
70277,90
70278,66
70279,92
70280,53
70281,47
70282,17
70283,63
70284,98
70285,10
70286,41
70287,84
70288,16
70289,16
70290,82
70291,57
70292,92
70293,14
70294,57
70295,3
70298,79
70300,35
70301,79
70302,11
70304,18
70305,15
70306,15
70307,15
70308,79
70309,38
70310,25
70313,2
70314,18
70315,22
70316,38
70318,35
70320,83
70321,17
70323,84
70324,85
70325,57
70326,79
70328,74
70329,27
70330,79
70331,14
70332,45
70333,79
70334,92
70338,77
70339,77
70341,3
70342,12
70343,54
70344,48
70345,35
70346,35
70347,25
70348,56
70349,7
70350,79
70352,73
70356,81
70357,35
70358,3
70359,73
70360,16
70361,90
70364,56
70365,66
70366,23
70367,89
70368,31
70371,49
70372,66
70373,27
70374,36
70375,84
70377,89
70378,42
70379,16
70380,12
70381,88
70382,28
70383,12
70384,91
70385,42
70386,66
70387,56
70388,56
70389,56
70390,74
70391,25
70392,25
70393,2
70394,84
70397,68
70398,54
70399,85
70400,62
70401,16
70402,44
70403,90
70404,14
70405,51
70407,95
70408,96
70409,77
70410,89
70411,36
70412,26
70413,16
70414,83
70415,98
70416,85
70417,51
70418,46
70419,18
70420,95
70424,24
70425,62
70426,85
70427,54
70429,17
70431,0
70432,33
70433,51
70434,2
70436,16
70437,24
70438,63
70440,49
70441,12
70442,34
70443,2
70444,53
70445,55
70446,37
70447,95
70448,79
70449,59
70450,41
70451,81
70452,4
70453,28
70455,92
70456,21
70457,59
70458,4
70459,85
70460,92
70461,84
70462,92
70463,89
70464,56
70465,2
70466,25
70467,13
70469,1
70470,8
70471,82
70472,16
70473,59
70474,94
70475,56
70476,1
70477,32
70478,56
70479,85
70480,27
70481,16
70482,92
70483,25
70484,4
70485,1
70486,59
70487,1
70488,59
70489,42
70490,3
70491,24
70492,15
70493,80
70494,90
70495,80
70496,56
70497,18
70498,57
70499,16
70500,56
70501,25
70502,87
70503,27
70506,92
70507,36
70508,36
70509,80
70512,45
70513,86
70514,89
70515,10
70516,24
70517,77
70520,16
70521,57
70522,22
70523,46
70524,10
70525,84
70526,10
70527,33
70528,75
70529,91
70530,79
70531,79
70532,79
70533,79
70535,83
70536,16
70537,84
70539,66
70540,16
70541,25
70543,98
70544,80
70545,80
70546,80
70547,80
70548,80
70549,90
70550,73
70552,90
70553,36
70554,92
70555,35
70556,89
70557,74
70559,90
70561,18
70562,44
70563,13
70565,84
70566,49
70568,8
70570,16
70571,90
70572,92
70573,40
70574,3
70575,17
70577,49
70578,49
70579,2
70580,44
70581,84
70582,93
70583,90
70584,66
70586,77
70587,15
70588,99
70589,82
70590,90
70591,46
70592,46
70593,46
70594,60
70595,17
70596,69
70597,80
70598,74
70599,1
70600,14
70601,23
70605,44
70606,44
70607,22
70608,66
70610,22
70611,51
70613,14
70614,86
70615,79
70619,88
70620,28
70621,8
70622,33
70623,90
70624,42
70625,95
70626,7
70627,3
70628,31
70629,31
70630,31
70633,12
70634,33
70635,10
70636,95
70637,13
70638,90
70639,73
70640,17
70641,92
70642,15
70643,79
70644,46
70645,59
70646,88
70647,16
70648,20
70649,51
70651,16
70652,16
70653,16
70654,64
70655,92
70656,45
70657,20
70658,18
70659,1
70660,79
70665,79
70666,20
70667,79
70668,90
70669,51
70670,34
70671,56
70674,4
70675,95
70677,31
70678,28
70679,78
70681,14
70683,59
70684,49
70685,15
70686,15
70688,13
70689,13
70690,33
70691,25
70693,18
70695,51
70696,37
70697,92
70698,1
70699,9
70700,84
70701,51
70702,57
70703,20
70704,18
70705,49
70706,36
70707,36
70708,28
70709,20
70710,82
70711,36
70714,83
70715,84
70716,89
70717,99
70718,54
70719,33
70720,36
70721,15
70723,79
70725,42
70726,27
70727,37
70728,84
70729,88
70730,46
70731,85
70732,15
70734,15
70735,95
70736,92
70737,89
70738,8
70739,11
70740,0
70741,14
70744,12
70745,92
70748,10
70749,20
70750,54
70751,23
70755,48
70756,48
70757,48
70758,4
70759,95
70760,90
70761,25
70763,98
70765,23
70766,73
70767,13
70768,47
70769,45
70771,99
70776,94
70777,7
70779,29
70780,70
70781,17
70782,83
70783,92
70784,45
70785,16
70787,84
70788,33
70790,18
70791,28
70793,28
70794,59
70795,46
70796,84
70797,79
70802,69
70803,81
70808,93
70809,94
70810,33
70811,1
70812,74
70813,21
70814,90
70815,25
70816,25
70817,37
70820,91
70822,15
70823,51
70824,90
70826,17
70827,15
70828,64
70829,92
70830,16
70831,34
70832,59
70833,84
70834,14
70835,88
70836,15
70837,93
70838,53
70839,53
70840,53
70841,7
70842,95
70843,92
70844,16
70847,84
70848,18
70849,59
70850,73
70851,94
70852,82
70853,29
70854,85
70855,93
70856,88
70857,84
70858,31
70859,72
70861,1
70862,94
70863,28
70864,67
70865,67
70866,9
70867,59
70869,75
70870,1
70871,43
70872,88
70873,17
70874,77
70875,16
70877,33
70879,82
70880,41
70881,41
70882,33
70883,1
70884,49
70885,27
70887,74
70888,28
70889,84
70893,94
70894,13
70895,20
70899,76
70901,48
70902,43
70903,9
70906,13
70907,40
70908,79
70909,12
70911,11
70912,59
70913,82
70914,46
70918,40
70919,92
70920,92
70921,92
70922,92
70923,56
70924,33
70927,84
70928,57
70929,42
70930,13
70935,92
70936,92
70937,51
70938,16
70939,74
70942,10
70943,67
70944,33
70946,84
70947,27
70950,99
70951,79
70953,20
70955,81
70957,54
70958,80
70959,72
70962,90
70963,20
70964,33
70965,96
70966,94
70967,16
70968,53
70969,12
70970,95
70971,84
70972,16
70973,64
70976,76
70977,92
70978,92
70979,59
70980,54
70981,84
70982,22
70983,32
70985,41
70986,94
70987,80
70991,55
70992,41
70996,33
70998,38
70999,27
71000,89
71001,91
71002,85
71003,35
71004,63
71008,99
71009,95
71010,12
71011,84
71012,91
71013,84
71015,79
71018,4
71019,74
71020,42
71021,42
71024,93
71026,81
71028,92
71029,92
71030,1
71032,92
71034,86
71035,37
71036,92
71037,33
71038,23
71039,81
71042,51
71043,53
71044,17
71045,11
71046,46
71047,1
71048,47
71049,25
71050,1
71051,47
71052,76
71057,97
71058,74
71060,79
71061,92
71063,20
71064,20
71065,82
71066,37
71067,76
71068,17
71069,79
71072,13
71073,33
71074,69
71078,22
71079,92
71080,92
71081,77
71082,23
71085,82
71086,49
71087,8
71088,28
71089,72
71090,41
71091,12
71092,72
71094,16
71095,20
71096,92
71097,63
71098,94
71099,94
71100,84
71103,84
71104,29
71105,41
71106,89
71107,69
71108,94
71109,16
71112,37
71113,37
71114,37
71116,79
71117,44
71118,93
71119,55
71122,40
71124,44
71125,77
71126,32
71127,27
71128,92
71129,84
71130,18
71132,92
71133,92
71134,40
71135,12
71138,25
71139,76
71140,18
71141,69
71142,88
71144,74
71145,93
71146,92
71150,53
71152,1
71153,20
71154,51
71155,73
71156,92
71157,20
71158,77
71159,13
71160,21
71162,38
71163,38
71164,37
71165,94
71166,80
71167,76
71168,16
71169,89
71170,63
71171,14
71174,17
71175,92
71176,17
71177,73
71178,24
71179,40
71180,76
71181,17
71182,84
71184,79
71185,3
71186,36
71187,10
71188,54
71190,92
71191,28
71192,92
71193,13
71194,63
71195,82
71196,80
71197,16
71200,86
71201,17
71202,17
71203,76
71205,37
71209,67
71212,86
71213,17
71214,8
71215,92
71219,77
71220,14
71221,18
71222,14
71223,89
71224,95
71226,25
71228,93
71229,1
71230,84
71231,26
71233,89
71234,81
71235,15
71237,25
71238,20
71239,17
71240,92
71243,74
71244,92
71245,74
71246,27
71247,35
71248,20
71249,20
71252,20
71253,75
71254,84
71255,90
71256,51
71257,17
71258,29
71259,60
71260,97
71261,59
71262,36
71263,1
71264,48
71266,4
71267,77
71268,90
71271,92
71273,3
71276,40
71277,15
71278,8
71279,15
71282,89
71283,46
71284,47
71285,16
71286,9
71291,28
71292,77
71297,89
71301,16
71302,99
71304,63
71305,99
71306,17
71307,54
71308,87
71309,17
71312,79
71313,90
71314,36
71315,77
71316,82
71317,93
71318,42
71319,92
71321,92
71322,1
71323,91
71324,2
71325,29
71326,20
71327,12
71328,87
71329,92
71332,45
71333,34
71334,92
71335,72
71337,33
71338,4
71340,68
71342,67
71343,38
71344,34
71345,34
71346,92
71347,42
71348,59
71349,1
71350,53
71351,33
71352,17
71353,17
71356,47
71357,1
71358,1
71359,1
71360,1
71361,92
71362,2
71363,84
71365,47
71367,3
71368,32
71370,82
71371,16
71372,82
71374,33
71375,53
71376,37
71377,59
71378,14
71379,84
71380,98
71381,1
71382,92
71383,74
71384,20
71385,53
71386,59
71387,75
71388,7
71391,36
71392,68
71393,2
71395,55
71396,94
71397,40
71398,84
71400,40
71401,82
71402,69
71404,57
71406,63
71407,32
71408,64
71409,68
71410,49
71411,59
71414,63
71416,26
71417,17
71418,89
71422,27
71425,98
71426,84
71427,92
71428,72
71431,48
71432,4
71433,38
71436,42
71437,23
71438,68
71439,76
71441,93
71442,12
71444,66
71447,23
71448,16
71449,1
71450,16
71454,40
71456,93
71459,17
71461,0
71462,74
71463,68
71464,53
71465,62
71466,54
71467,66
71468,66
71470,88
71471,98
71475,63
71476,92
71477,94
71478,74
71480,84
71481,32
71482,17
71483,28
71484,92
71485,79
71486,19
71488,16
71491,17
71492,74
71493,92
71494,32
71495,32
71496,4
71497,27
71498,66
71500,0
71501,19
71502,31
71503,35
71505,84
71506,17
71507,32
71508,98
71509,21
71511,60
71512,4
71513,26
71514,19
71515,3
71516,33
71517,79
71518,51
71519,36
71521,33
71522,28
71523,3
71525,56
71526,36
71527,27
71528,53
71529,15
71530,25
71531,32
71532,2
71535,84
71536,88
71537,53
71538,91
71539,75
71540,51
71542,18
71543,17
71544,89
71546,92
71547,57
71548,7
71549,27
71550,2
71551,47
71552,17
71556,53
71557,97
71558,73
71559,74
71561,28
71562,69
71563,89
71564,1
71565,56
71566,92
71567,92
71568,44
71569,73
71570,16
71571,7
71572,27
71574,23
71575,83
71576,92
71577,2
71578,29
71580,44
71581,2
71584,25
71585,84
71586,25
71587,33
71589,25
71590,92
71592,25
71593,40
71594,3
71595,87
71596,13
71597,85
71598,74
71599,92
71600,92
71604,86
71605,38
71607,47
71608,24
71609,41
71610,36
71611,36
71615,15
71617,1
71621,84
71622,84
71623,51
71624,13
71625,97
71626,94
71627,36
71628,90
71629,90
71630,11
71631,33
71633,17
71634,13
71637,56
71638,10
71639,40
71640,27
71641,54
71642,59
71643,4
71644,38
71645,56
71646,93
71647,20
71649,84
71650,14
71651,84
71653,95
71654,28
71655,28
71656,4
71659,76
71660,90
71661,74
71663,13
71664,57
71665,98
71666,44
71667,85
71668,92
71669,77
71670,21
71671,37
71672,2
71673,94
71674,16
71675,77
71676,3
71677,32
71679,47
71682,2
71683,11
71685,27
71687,21
71688,96
71691,15
71692,44
71693,81
71694,56
71695,18
71696,31
71698,57
71699,57
71700,37
71701,60
71706,34
71707,4
71708,86
71709,92
71710,3
71711,92
71712,80
71713,67
71716,44
71717,42
71718,60
71719,31
71722,20
71725,27
71726,13
71727,27
71728,86
71729,92
71730,0
71732,12
71734,11
71735,72
71736,83
71739,4
71740,92
71741,83
71742,92
71743,60
71744,13
71746,8
71747,8
71748,13
71749,55
71750,92
71751,70
71752,67
71753,93
71754,42
71755,17
71756,87
71757,28
71758,13
71759,57
71760,92
71761,1
71765,56
71766,94
71768,75
71769,33
71770,16
71771,17
71772,46
71774,74
71775,35
71776,31
71777,23
71779,64
71780,90
71781,99
71782,77
71783,2
71784,44
71785,11
71786,1
71788,85
71789,76
71790,95
71791,17
71792,74
71793,17
71794,83
71795,83
71796,83
71797,83
71798,8
71799,95
71800,90
71804,13
71805,63
71806,25
71807,77
71808,84
71810,44
71811,26
71812,2
71813,56
71814,56
71815,25
71816,33
71818,43
71819,56
71821,25
71822,92
71823,92
71824,92
71825,92
71827,89
71828,89
71829,45
71830,66
71835,36
71837,40
71838,2
71840,17
71842,84
71843,74
71844,42
71845,36
71846,36
71847,93
71848,16
71849,27
71850,20
71851,12
71853,70
71854,74
71855,77
71856,68
71857,25
71858,13
71859,56
71860,46
71862,34
71863,84
71864,33
71865,93
71866,99
71867,25
71868,90
71869,70
71870,25
71872,2
71873,59
71874,79
71876,92
71879,92
71880,3
71881,36
71882,15
71883,90
71884,87
71885,20
71886,90
71887,79
71888,20
71889,83
71891,32
71892,79
71893,14
71894,84
71895,12
71897,54
71898,63
71899,12
71902,10
71904,88
71905,84
71906,92
71907,57
71908,27
71909,25
71910,90
71913,16
71914,48
71915,53
71916,46
71917,56
71918,25
71919,37
71921,35
71922,2
71923,0
71924,20
71927,53
71928,77
71929,16
71930,97
71931,79
71933,87
71934,77
71935,84
71936,4
71937,18
71939,59
71940,4
71941,85
71942,74
71943,74
71944,7
71945,17
71946,18
71948,92
71949,92
71950,92
71951,12
71952,92
71953,73
71954,83
71955,64
71957,95
71958,29
71960,79
71961,84
71964,17
71965,84
71968,51
71970,4
71971,84
71972,40
71973,90
71974,53
71975,46
71977,57
71978,92
71979,89
71981,15
71982,36
71983,36
71984,4
71985,89
71987,84
71988,21
71989,34
71990,73
71991,77
71992,92
71993,20
71995,85
71996,7
71997,92
71999,28
72000,43
72001,89
72002,57
72003,89
72004,15
72005,8
72006,64
72007,31
72008,89
72009,77
72010,47
72011,17
72013,17
72014,51
72015,90
72016,68
72017,17
72018,95
72019,17
72020,92
72021,92
72022,93
72026,56
72028,13
72029,56
72030,25
72031,53
72032,96
72033,98
72037,22
72038,7
72039,3
72040,92
72041,33
72042,64
72043,77
72044,74
72045,77
72046,77
72047,26
72049,46
72050,46
72051,7
72052,32
72054,51
72056,64
72057,59
72058,76
72059,25
72060,40
72061,17
72062,77
72063,3
72064,29
72065,92
72066,33
72067,25
72069,56
72070,25
72072,36
72073,36
72074,20
72075,54
72076,85
72077,85
72078,56
72079,56
72080,25
72081,56
72082,56
72083,95
72084,84
72085,12
72086,3
72088,17
72089,85
72092,56
72093,21
72094,17
72095,81
72096,77
72098,12
72099,31
72100,23
72101,35
72102,42
72103,27
72104,48
72105,48
72106,93
72107,93
72109,74
72110,74
72111,92
72112,17
72115,32
72118,4
72119,33
72120,56
72121,15
72122,49
72123,27
72125,3
72128,84
72129,80
72130,94
72131,25
72132,92
72133,40
72134,26
72138,42
72140,1
72141,84
72142,88
72143,77
72144,75
72146,33
72147,56
72148,25
72149,25
72150,84
72154,74
72155,84
72156,60
72157,92
72158,4
72159,16
72164,12
72165,13
72166,13
72167,13
72168,15
72170,9
72171,34
72172,56
72173,25
72174,25
72175,76
72176,7
72177,17
72178,56
72179,56
72180,25
72181,25
72182,65
72183,84
72185,12
72186,17
72187,56
72188,23
72190,90
72191,56
72192,25
72195,22
72196,93
72197,33
72198,44
72199,17
72200,92
72202,48
72203,25
72204,17
72206,2
72207,92
72208,85
72209,13
72210,48
72211,42
72213,93
72214,93
72216,53
72217,54
72219,15
72220,17
72221,85
72222,31
72223,1
72224,36
72225,36
72226,16
72227,80
72228,1
72229,92
72231,56
72232,73
72233,32
72234,25
72235,33
72236,15
72237,92
72238,40
72239,79
72240,89
72241,76
72243,85
72245,90
72247,25
72248,25
72249,44
72250,25
72253,47
72255,18
72257,73
72258,22
72261,18
72262,29
72263,4
72264,97
72265,84
72266,90
72267,27
72268,26
72269,25
72270,13
72271,87
72272,90
72273,92
72274,92
72275,35
72276,36
72277,90
72278,16
72279,32
72280,92
72281,13
72282,88
72283,13
72286,28
72287,3
72288,81
72289,64
72290,77
72291,8
72292,2
72293,68
72294,3
72295,60
72296,45
72297,70
72299,31
72300,85
72301,79
72302,56
72303,34
72304,25
72305,25
72306,21
72307,1
72310,25
72311,25
72312,25
72313,85
72314,33
72315,13
72316,33
72317,36
72318,15
72319,59
72320,51
72324,99
72325,92
72326,59
72327,95
72328,31
72329,13
72330,40
72331,32
72332,3
72333,13
72334,13
72335,10
72336,32
72337,25
72338,25
72339,25
72340,83
72341,42
72342,85
72343,97
72344,89
72346,95
72347,56
72351,84
72352,29
72353,29
72354,29
72355,37
72356,85
72360,87
72361,79
72362,74
72363,92
72364,10
72365,35
72367,62
72368,20
72369,52
72371,95
72372,17
72374,0
72375,0
72378,16
72379,44
72380,90
72381,89
72386,84
72387,89
72388,49
72389,25
72390,56
72391,25
72392,16
72394,21
72395,2
72396,38
72397,56
72398,89
72401,56
72402,90
72403,92
72406,1
72407,56
72408,25
72410,56
72411,18
72412,9
72415,44
72416,99
72417,89
72418,48
72420,25
72421,85
72422,56
72425,89
72426,91
72427,89
72428,15
72429,44
72430,90
72431,25
72432,85
72433,48
72434,94
72437,53
72438,64
72439,25
72440,56
72441,44
72442,7
72443,55
72444,22
72445,8
72446,16
72450,85
72451,21
72452,84
72453,57
72454,92
72455,91
72456,24
72457,52
72461,27
72462,33
72463,46
72464,46
72465,46
72466,13
72468,13
72469,89
72471,84
72472,38
72473,1
72476,20
72477,85
72479,8
72480,4
72482,55
72483,56
72485,56
72488,42
72489,56
72490,2
72492,57
72495,8
72496,56
72497,56
72498,44
72499,31
72500,11
72501,17
72502,51
72504,56
72505,41
72506,33
72507,56
72508,74
72510,2
72511,68
72512,12
72513,14
72514,88
72515,10
72516,66
72517,25
72518,56
72519,48
72520,29
72521,74
72522,25
72524,73
72525,66
72526,51
72528,16
72529,64
72531,79
72532,41
72537,56
72538,56
72539,25
72540,15
72541,23
72542,53
72543,12
72544,79
72545,51
72546,57
72547,66
72548,40
72550,48
72551,89
72552,42
72553,25
72554,8
72555,90
72556,15
72557,31
72558,90
72559,92
72560,15
72561,15
72562,15
72563,1
72564,66
72565,90
72569,90
72571,36
72572,77
72573,1
72574,15
72575,15
72576,15
72577,59
72578,17
72581,33
72582,3
72583,79
72584,32
72585,33
72586,92
72589,90
72597,25
72598,51
72599,34
72600,88
72601,53
72602,82
72607,3
72609,16
72610,57
72611,16
72612,3
72614,90
72615,90
72621,57
72622,84
72624,55
72625,57
72626,20
72627,31
72628,95
72629,33
72632,17
72633,57
72636,89
72638,44
72639,12
72640,92
72642,93
72644,17
72645,18
72646,36
72647,88
72648,79
72651,85
72653,36
72654,20
72655,4
72658,79
72659,33
72660,85
72661,10
72662,90
72667,31
72668,31
72669,85
72670,64
72672,76
72673,17
72675,33
72676,14
72677,14
72678,43
72679,20
72680,1
72681,1
72682,1
72683,18
72686,72
72688,36
72689,89
72693,29
72694,57
72695,24
72696,27
72697,16
72698,99
72699,84
72700,29
72701,86
72704,12
72705,17
72706,44
72707,7
72708,95
72713,57
72714,81
72715,29
72716,27
72717,80
72718,59
72719,33
72720,20
72721,17
72722,91
72723,86
72728,29
72729,8
72730,20
72731,29
72732,13
72735,72
72736,83
72737,27
72740,92
72741,1
72742,57
72743,37
72744,37
72745,37
72746,3
72747,9
72751,7
72752,92
72756,84
72757,89
72760,12
72761,26
72764,67
72765,20
72766,17
72767,36
72769,92
72770,64
72771,33
72772,85
72774,57
72775,92
72776,74
72777,29
72778,42
72779,21
72781,15
72782,33
72786,20
72787,28
72789,15
72795,90
72796,86
72797,84
72800,28
72803,35
72806,60
72807,98
72811,16
72812,60
72813,16
72814,96
72815,20
72816,33
72817,7
72818,84
72820,15
72822,34
72823,84
72824,33
72825,33
72826,1
72827,80
72828,16
72830,4
72831,55
72835,77
72837,52
72838,52
72839,74
72840,17
72843,89
72846,31
72847,77
72848,37
72849,16
72852,18
72854,25
72855,33
72859,7
72860,16
72861,4
72862,40
72863,86
72864,98
72865,84
72869,33
72870,33
72871,82
72873,1
72875,28
72880,72
72881,9
72882,27
72883,33
72884,31
72886,83
72890,85
72891,16
72892,77
72893,7
72894,79
72897,77
72898,74
72901,16
72902,68
72903,99
72904,70
72906,16
72907,25
72908,47
72909,59
72910,37
72911,64
72913,25
72914,25
72916,84
72917,70
72918,91
72919,95
72921,10
72922,69
72923,89
72924,89
72926,33
72927,41
72928,15
72929,66
72930,59
72932,84
72933,1
72934,45
72935,66
72936,73
72938,16
72940,36
72941,89
72942,25
72943,56
72944,8
72945,93
72946,51
72948,33
72949,52
72950,3
72953,64
72955,71
72957,70
72958,17
72960,42
72961,0
72962,0
72963,28
72966,76
72967,33
72968,92
72969,94
72970,92
72971,76
72972,37
72974,9
72979,1
72981,11
72983,17
72985,99
72986,33
72987,99
72988,35
72989,42
72991,45
72995,51
72996,7
72997,1
72998,92
72999,0
73000,10
73001,41
73004,54
73005,3
73008,92
73009,40
73011,3
73012,18
73013,20
73015,1
73016,92
73017,8
73019,79
73020,18
73021,72
73023,34
73026,74
73027,92
73028,51
73029,16
73031,49
73032,20
73034,32
73035,2
73040,59
73041,2
73042,93
73043,17
73047,73
73048,12
73049,99
73050,89
73051,84
73052,84
73053,16
73056,2
73057,31
73059,12
73065,59
73068,83
73069,9
73070,20
73071,89
73072,15
73073,36
73074,89
73075,80
73078,51
73079,93
73080,44
73081,74
73082,28
73085,18
73086,29
73087,28
73090,77
73091,33
73092,20
73093,72
73096,15
73098,92
73099,91
73101,92
73102,17
73104,33
73106,15
73109,5
73110,15
73111,46
73112,46
73115,70
73116,20
73117,26
73120,84
73121,3
73122,73
73123,92
73125,17
73126,33
73127,34
73128,88
73131,82
73132,49
73133,82
73134,17
73135,90
73136,35
73138,42
73139,15
73140,20
73141,59
73142,13
73144,93
73145,90
73146,25
73147,56
73148,25
73149,1
73150,89
73154,63
73155,33
73156,56
73157,46
73158,93
73159,9
73160,88
73165,0
73166,72
73167,7
73169,92
73170,3
73172,2
73173,25
73174,15
73175,16
73176,99
73177,16
73178,25
73180,94
73181,76
73182,82
73184,84
73186,77
73187,45
73188,1
73189,99
73190,41
73192,47
73193,92
73196,92
73198,33
73200,92
73201,1
73203,88
73204,14
73207,16
73208,45
73209,92
73211,34
73213,92
73214,88
73217,25
73218,25
73219,36
73220,56
73221,89
73222,13
73223,15
73224,92
73226,25
73227,49
73228,23
73229,92
73230,76
73231,56
73233,76
73234,13
73237,54
73243,16
73244,7
73245,92
73247,59
73248,16
73249,93
73250,85
73251,79
73254,33
73256,82
73258,84
73259,64
73260,84
73261,18
73264,10
73265,52
73266,33
73267,18
73269,1
73270,25
73271,20
73272,54
73273,93
73274,35
73275,92
73280,6
73281,88
73283,83
73285,89
73286,92
73287,85
73288,25
73292,9
73293,72
73295,33
73296,90
73297,28
73300,92
73301,92
73302,64
73303,68
73304,25
73305,42
73308,1
73310,46
73312,82
73313,25
73314,25
73315,59
73316,59
73317,92
73318,66
73319,66
73323,53
73324,16
73325,16
73326,25
73328,95
73330,59
73331,92
73334,22
73335,60
73338,40
73339,74
73340,92
73341,9
73344,85
73345,31
73346,85
73347,52
73350,77
73351,25
73352,16
73353,18
73354,25
73355,25
73356,56
73357,25
73358,56
73359,64
73362,28
73363,64
73364,65
73365,47
73366,84
73368,27
73369,67
73371,64
73375,25
73376,16
73377,13
73378,22
73379,27
73381,36
73382,44
73383,25
73385,90
73388,26
73389,92
73390,80
73391,32
73392,32
73393,16
73394,79
73395,66
73396,64
73397,51
73398,42
73401,95
73402,16
73403,88
73404,63
73407,12
73409,46
73410,28
73411,92
73413,82
73414,33
73415,9
73416,1
73417,16
73418,35
73419,18
73420,64
73421,74
73422,52
73423,34
73425,0
73426,13
73427,64
73428,7
73429,42
73430,11
73431,56
73433,90
73434,79
73435,17
73438,52
73441,36
73442,44
73444,92
73447,36
73448,13
73450,16
73452,79
73453,70
73455,51
73456,17
73460,62
73461,69
73462,59
73463,82
73464,77
73465,84
73466,84
73468,7
73469,90
73470,15
73472,1
73473,1
73474,80
73475,89
73476,9
73477,33
73483,90
73484,22
73487,45
73488,69
73489,17
73490,3
73491,1
73492,88
73493,46
73495,90
73496,93
73497,56
73498,41
73499,41
73503,36
73504,90
73505,90
73506,13
73507,46
73508,44
73510,7
73511,92
73514,89
73515,70
73516,47
73517,9
73518,77
73519,18
73520,16
73521,17
73522,41
73523,44
73524,40
73525,56
73527,90
73528,92
73530,54
73531,64
73532,4
73533,69
73536,56
73537,2
73540,25
73541,22
73542,16
73543,88
73544,9
73545,16
73546,15
73547,33
73548,74
73549,14
73550,16
73551,40
73554,56
73555,59
73556,93
73557,23
73558,37
73559,88
73560,55
73563,32
73564,42
73565,92
73566,77
73567,33
73568,67
73569,94
73570,18
73572,44
73575,76
73576,56
73577,90
73578,56
73579,90
73580,8
73581,8
73583,89
73584,26
73585,54
73586,16
73588,85
73589,56
73590,16
73591,90
73593,44
73594,90
73595,90
73596,92
73597,33
73600,52
73601,41
73602,3
73603,3
73604,7
73605,19
73606,51
73607,42
73608,0
73609,40
73610,4
73611,44
73612,33
73613,89
73614,4
73615,4
73616,21
73617,18
73618,33
73619,59
73620,16
73621,49
73622,40
73623,12
73624,12
73626,40
73629,98
73630,49
73631,49
73636,33
73637,92
73638,49
73639,54
73641,13
73643,60
73644,20
73645,55
73647,11
73648,89
73649,80
73651,77
73652,77
73654,1
73657,18
73658,77
73659,92
73660,92
73661,18
73662,16
73663,43
73664,89
73665,74
73668,34
73670,49
73671,55
73672,1
73673,16
73674,25
73675,16
73677,82
73678,56
73679,90
73680,25
73681,92
73682,25
73683,16
73685,20
73686,91
73691,15
73692,12
73693,94
73694,29
73695,29
73696,76
73699,27
73701,77
73702,32
73703,76
73704,90
73705,98
73706,33
73707,92
73708,1
73709,62
73710,13
73711,33
73712,53
73714,13
73715,14
73716,33
73718,11
73721,18
73722,22
73723,80
73724,90
73727,44
73728,2
73729,87
73730,79
73731,16
73734,1
73736,74
73737,92
73738,16
73739,59
73740,33
73741,31
73742,33
73744,55
73745,1
73746,17
73748,31
73749,7
73750,25
73751,53
73752,53
73753,33
73754,92
73755,89
73756,94
73757,84
73758,42
73759,95
73760,92
73761,20
73763,17
73765,12
73766,72
73767,9
73770,1
73771,33
73772,47
73774,85
73778,23
73779,42
73780,92
73782,20
73783,8
73784,27
73786,92
73787,17
73788,95
73789,69
73790,77
73791,44
73792,92
73793,85
73797,18
73798,33
73801,32
73802,81
73803,16
73805,85
73807,31
73811,51
73812,92
73814,80
73816,55
73819,22
73820,77
73824,92
73825,64
73826,48
73827,15
73828,84
73829,92
73830,23
73833,18
73834,81
73838,49
73839,84
73840,79
73841,74
73842,24
73843,95
73844,31
73845,77
73848,73
73849,53
73850,17
73851,89
73852,40
73855,25
73856,94
73857,90
73858,15
73859,49
73860,49
73863,64
73866,92
73867,16
73868,56
73869,25
73870,14
73873,49
73875,75
73876,92
73877,11
73878,79
73879,84
73882,87
73885,32
73886,90
73887,83
73891,13
73893,49
73899,89
73900,62
73902,27
73903,27
73906,11
73910,16
73911,60
73914,92
73917,16
73921,89
73922,89
73923,14
73924,7
73925,25
73926,56
73929,86
73930,27
73931,33
73932,11
73933,31
73936,90
73937,16
73938,15
73940,32
73941,59
73942,56
73943,25
73944,1
73945,60
73949,84
73950,73
73951,90
73952,90
73953,87
73954,74
73955,92
73956,66
73957,20
73958,45
73959,47
73960,16
73964,3
73972,15
73973,15
73974,15
73975,64
73976,86
73978,66
73983,88
73984,7
73986,36
73987,22
73988,56
73990,77
73991,34
73996,28
73997,89
74000,0
74001,79
74002,10
74006,94
74007,92
74010,27
74011,93
74012,17
74014,9
74015,7
74018,59
74019,25
74020,44
74021,56
74022,17
74023,59
74024,56
74025,16
74032,92
74033,4
74038,91
74039,54
74042,13
74043,13
74044,17
74045,17
74046,17
74047,20
74048,62
74049,89
74050,20
74051,92
74056,73
74057,77
74062,36
74064,20
74067,31
74068,75
74069,92
74070,84
74071,87
74074,1
74075,25
74076,91
74077,23
74082,92
74083,36
74084,88
74085,63
74086,90
74088,80
74095,90
74098,22
74099,78
74101,15
74102,95
74103,93
74104,2
74105,59
74108,92
74109,56
74110,56
74111,68
74112,36
74113,56
74116,0
74118,7
74119,56
74120,76
74121,16
74122,9
74124,22
74127,84
74129,12
74130,86
74132,25
74134,36
74135,20
74136,65
74137,7
74138,25
74139,25
74140,59
74142,7
74144,90
74145,56
74146,66
74147,10
74148,91
74149,56
74150,59
74151,84
74152,20
74154,79
74155,59
74156,20
74158,62
74160,25
74161,56
74162,56
74163,9
74165,56
74166,1
74167,69
74168,31
74170,23
74171,90
74172,35
74173,56
74174,25
74175,17
74176,84
74177,94
74178,11
74179,73
74180,41
74181,3
74182,73
74183,93
74184,14
74187,83
74188,12
74189,86
74190,85
74191,13
74192,87
74195,74
74196,40
74197,33
74198,7
74199,25
74200,92
74201,64
74203,20
74205,56
74206,90
74207,40
74210,33
74212,97
74214,33
74215,16
74217,92
74219,56
74220,64
74221,56
74222,0
74223,66
74224,63
74226,22
74227,44
74229,80
74230,98
74231,69
74232,11
74233,94
74234,47
74235,32
74236,45
74237,49
74238,89
74239,28
74240,73
74243,15
74244,46
74245,64
74246,84
74247,36
74250,20
74251,2
74252,79
74253,69
74254,11
74255,46
74256,22
74257,76
74258,4
74261,32
74262,89
74263,48
74264,98
74266,18
74268,84
74269,33
74270,93
74271,59
74272,53
74275,18
74276,92
74277,3
74280,53
74281,42
74284,99
74287,90
74288,90
74291,42
74292,80
74293,74
74294,56
74295,25
74298,85
74300,46
74301,53
74302,25
74303,40
74306,16
74307,60
74308,31
74309,22
74310,85
74313,92
74314,10
74315,63
74316,23
74317,29
74318,36
74319,89
74322,53
74323,72
74324,60
74328,22
74331,13
74333,42
74334,95
74335,35
74336,12
74337,70
74338,10
74339,35
74340,93
74345,8
74346,95
74347,65
74349,51
74350,74
74354,84
74355,22
74356,32
74357,99
74358,77
74359,79
74360,77
74361,77
74362,77
74367,34
74368,15
74369,55
74370,76
74373,92
74374,74
74375,40
74376,8
74378,42
74379,72
74380,1
74381,81
74382,42
74385,43
74390,23
74391,79
74393,84
74395,12
74397,88
74400,7
74401,35
74406,9
74409,7
74413,4
74416,11
74417,28
74418,44
74419,93
74421,68
74422,92
74423,65
74425,13
74427,92
74428,92
74431,35
74435,16
74436,92
74437,43
74438,29
74440,74
74441,33
74442,16
74443,93
74444,11
74445,68
74447,18
74452,16
74454,35
74458,93
74460,93
74461,93
74462,22
74463,14
74466,23
74467,92
74469,16
74471,92
74473,42
74474,51
74477,2
74478,62
74479,70
74480,20
74482,35
74484,16
74485,72
74489,92
74490,82
74491,41
74494,53
74496,22
74498,57
74500,66
74501,66
74504,17
74507,84
74508,18
74510,29
74514,13
74518,51
74519,79
74521,13
74522,16
74523,18
74524,79
74525,3
74526,92
74527,26
74528,7
74529,92
74531,42
74532,23
74533,80
74534,13
74535,27
74536,74
74537,57
74538,21
74544,1
74545,92
74546,92
74548,33
74549,76
74550,56
74551,74
74553,45
74554,63
74555,98
74556,74
74558,42
74559,27
74560,57
74563,8
74565,15
74567,22
74570,72
74571,28
74572,31
74575,51
74576,22
74579,98
74581,92
74582,76
74583,80
74584,84
74585,84
74587,42
74588,17
74589,38
74590,79
74591,13
74593,86
74594,70
74595,31
74598,93
74601,92
74602,2
74603,85
74608,53
74612,93
74614,89
74618,73
74619,38
74620,35
74621,83
74622,27
74624,83
74625,92
74626,92
74629,31
74630,16
74631,53
74632,88
74633,57
74635,15
74636,93
74638,93
74640,43
74642,10
74643,43
74644,22
74645,92
74646,98
74647,88
74650,70
74651,92
74652,67
74654,81
74655,94
74657,13
74660,42
74661,42
74662,74
74664,9
74667,95
74669,49
74670,1
74672,54
74673,53
74674,63
74675,42
74676,42
74680,31
74681,31
74682,67
74683,92
74687,90
74690,16
74691,57
74693,79
74695,3
74696,15
74698,59
74699,16
74700,62
74701,59
74702,95
74703,92
74706,16
74708,80
74709,44
74710,29
74713,49
74714,7
74716,68
74717,13
74718,59
74719,69
74723,42
74725,42
74726,12
74727,12
74728,12
74730,27
74732,11
74733,80
74734,76
74736,87
74737,57
74738,17
74739,83
74741,64
74742,56
74744,16
74745,98
74746,59
74748,15
74750,42
74751,99
74753,17
74754,92
74755,13
74756,97
74757,0
74759,59
74763,92
74764,28
74765,51
74767,25
74768,93
74769,63
74770,88
74771,53
74772,53
74773,17
74774,84
74776,96
74778,93
74780,49
74782,37
74783,77
74786,75
74787,1
74791,17
74792,27
74793,92
74796,94
74798,11
74799,95
74802,76
74804,79
74805,15
74806,15
74807,15
74809,60
74812,41
74813,79
74814,95
74815,73
74818,11
74822,17
74826,53
74827,83
74830,7
74831,84
74834,95
74835,7
74836,23
74838,28
74840,76
74846,20
74847,84
74848,92
74849,57
74852,25
74856,45
74857,18
74858,75
74860,57
74864,11
74865,7
74866,70
74867,77
74869,75
74870,54
74871,40
74872,98
74873,98
74874,84
74875,64
74876,94
74878,20
74879,63
74880,59
74883,38
74885,51
74886,1
74887,51
74888,92
74890,95
74891,9
74892,98
74893,4
74896,59
74897,72
74899,63
74901,92
74902,1
74903,51
74904,92
74909,94
74910,28
74912,62
74913,22
74916,72
74918,17
74919,17
74921,1
74922,59
74925,69
74926,15
74928,68
74929,1
74930,29
74933,77
74934,98
74935,13
74936,60
74937,60
74938,36
74939,92
74940,95
74941,59
74942,59
74943,7
74947,72
74948,28
74949,93
74953,90
74954,57
74955,53
74956,1
74957,35
74958,59
74964,32
74966,21
74967,98
74968,98
74969,51
74971,51
74972,64
74973,73
74974,62
74975,86
74976,42
74978,64
74979,78
74980,94
74982,80
74984,74
74986,52
74987,42
74988,44
74989,10
74993,59
74994,18
74998,92
74999,79
75000,72
75001,9
75002,92
75006,93
75009,59
75010,20
75011,22
75012,92
75013,62
75015,7
75016,52
75017,92
75018,59
75019,7
75020,79
75021,95
75024,31
75026,98
75027,55
75028,16
75030,16
75031,92
75032,52
75033,42
75034,92
75036,33
75038,20
75039,27
75040,84
75041,86
75047,43
75048,52
75049,33
75050,2
75051,85
75052,42
75056,1
75057,92
75059,53
75060,53
75062,57
75063,79
75064,83
75066,80
75067,17
75068,17
75069,92
75070,33
75071,33
75074,28
75075,7
75076,93
75077,8
75081,12
75089,72
75092,22
75093,7
75094,33
75095,33
75096,59
75097,59
75098,86
75099,33
75101,74
75102,15
75105,38
75107,77
75110,40
75111,18
75112,86
75113,70
75114,28
75117,8
75118,57
75119,23
75120,82
75121,95
75125,1
75130,73
75131,59
75132,11
75137,1
75138,96
75142,85
75144,2
75145,89
75146,33
75147,94
75148,32
75149,86
75150,79
75153,57
75154,38
75155,38
75156,38
75157,33
75161,35
75163,36
75164,17
75165,13
75166,92
75167,52
75168,79
75170,16
75171,17
75172,33
75173,15
75174,15
75175,15
75176,59
75177,83
75178,27
75179,82
75180,92
75181,70
75182,70
75183,59
75184,69
75186,88
75188,89
75189,27
75190,31
75191,92
75192,92
75193,76
75195,33
75200,0
75201,22
75202,51
75203,28
75204,66
75209,33
75210,96
75211,66
75212,76
75213,75
75215,52
75216,13
75217,17
75218,25
75219,57
75222,33
75226,80
75227,43
75229,74
75230,79
75231,93
75232,20
75233,44
75234,70
75237,14
75238,17
75239,13
75240,33
75243,28
75244,33
75246,10
75247,57
75248,77
75250,17
75254,18
75256,7
75257,43
75258,33
75261,17
75262,95
75263,11
75265,51
75266,12
75270,10
75271,59
75272,73
75273,33
75274,93
75275,93
75276,93
75279,63
75281,85
75282,95
75283,20
75284,79
75287,32
75288,33
75289,77
75292,84
75293,96
75294,31
75295,80
75300,89
75302,28
75303,45
75304,3
75307,33
75309,13
75310,92
75313,7
75314,7
75316,76
75317,94
75318,33
75320,83
75322,17
75323,12
75324,67
75325,33
75326,77
75327,3
75329,66
75331,74
75332,92
75333,11
75334,22
75337,29
75338,92
75339,47
75340,1
75341,85
75342,17
75343,17
75344,36
75345,51
75347,33
75348,45
75349,99
75350,63
75351,92
75356,72
75359,33
75360,79
75361,77
75363,25
75364,92
75366,63
75367,74
75368,45
75369,97
75370,27
75372,93
75376,95
75377,73
75378,60
75380,17
75381,60
75383,93
75384,33
75385,92
75389,64
75390,24
75391,28
75392,79
75393,93
75394,86
75395,92
75399,51
75400,17
75401,40
75402,94
75403,1
75404,1
75407,33
75408,59
75410,1
75411,1
75412,1
75413,13
75415,79
75416,2
75417,49
75418,77
75419,55
75420,89
75421,12
75422,99
75423,13
75425,97
75427,56
75428,1
75431,15
75432,42
75434,26
75435,85
75436,59
75438,25
75439,46
75441,76
75442,55
75446,87
75448,63
75449,66
75451,10
75452,28
75453,42
75456,2
75460,18
75461,33
75462,99
75463,87
75464,28
75465,92
75466,82
75467,89
75469,42
75471,17
75473,42
75474,92
75475,22
75476,33
75477,0
75478,25
75479,99
75482,57
75484,40
75485,72
75486,29
75487,12
75488,33
75489,98
75490,73
75491,49
75492,94
75493,33
75494,68
75497,94
75498,52
75499,24
75500,33
75503,68
75505,11
75506,15
75507,13
75508,11
75509,1
75511,80
75512,94
75515,52
75516,93
75518,68
75519,40
75520,84
75522,86
75523,73
75524,80
75526,93
75527,98
75528,51
75529,99
75530,42
75531,94
75533,69
75534,84
75537,68
75538,48
75539,68
75540,73
75542,84
75543,18
75545,28
75546,4
75547,73
75548,85
75550,40
75551,7
75552,16
75553,84
75556,79
75557,79
75558,68
75559,36
75560,55
75561,69
75562,33
75563,77
75564,11
75565,73
75566,28
75567,29
